namespace SwiftList.Plugins.PinyinAlias;

public static class PinyinEngine
{
    // Optimized embedded binary data (62898 bytes)
    private static readonly byte[] RawData = new byte[]
    {
        0xa6, 0x01, 0x06, 0x07, 0x00, 0x00, 0xe4, 0x15, 0x00, 0x00, 0x00, 0x00, 0x00, 0x00, 0x00, 0x00,
        0x01, 0x61, 0x02, 0x61, 0x69, 0x02, 0x61, 0x6e, 0x03, 0x61, 0x6e, 0x67, 0x02, 0x61, 0x6f, 0x02,
        0x62, 0x61, 0x03, 0x62, 0x61, 0x69, 0x03, 0x62, 0x61, 0x6e, 0x04, 0x62, 0x61, 0x6e, 0x67, 0x03,
        0x62, 0x61, 0x6f, 0x03, 0x62, 0x65, 0x69, 0x03, 0x62, 0x65, 0x6e, 0x04, 0x62, 0x65, 0x6e, 0x67,
        0x02, 0x62, 0x69, 0x04, 0x62, 0x69, 0x61, 0x6e, 0x05, 0x62, 0x69, 0x61, 0x6e, 0x67, 0x04, 0x62,
        0x69, 0x61, 0x6f, 0x03, 0x62, 0x69, 0x65, 0x03, 0x62, 0x69, 0x6e, 0x04, 0x62, 0x69, 0x6e, 0x67,
        0x02, 0x62, 0x6f, 0x02, 0x62, 0x75, 0x02, 0x63, 0x61, 0x03, 0x63, 0x61, 0x69, 0x03, 0x63, 0x61,
        0x6e, 0x04, 0x63, 0x61, 0x6e, 0x67, 0x03, 0x63, 0x61, 0x6f, 0x02, 0x63, 0x65, 0x03, 0x63, 0x65,
        0x69, 0x03, 0x63, 0x65, 0x6e, 0x04, 0x63, 0x65, 0x6e, 0x67, 0x03, 0x63, 0x68, 0x61, 0x04, 0x63,
        0x68, 0x61, 0x69, 0x04, 0x63, 0x68, 0x61, 0x6e, 0x05, 0x63, 0x68, 0x61, 0x6e, 0x67, 0x04, 0x63,
        0x68, 0x61, 0x6f, 0x03, 0x63, 0x68, 0x65, 0x04, 0x63, 0x68, 0x65, 0x6e, 0x05, 0x63, 0x68, 0x65,
        0x6e, 0x67, 0x03, 0x63, 0x68, 0x69, 0x05, 0x63, 0x68, 0x6f, 0x6e, 0x67, 0x04, 0x63, 0x68, 0x6f,
        0x75, 0x03, 0x63, 0x68, 0x75, 0x04, 0x63, 0x68, 0x75, 0x61, 0x05, 0x63, 0x68, 0x75, 0x61, 0x69,
        0x05, 0x63, 0x68, 0x75, 0x61, 0x6e, 0x06, 0x63, 0x68, 0x75, 0x61, 0x6e, 0x67, 0x04, 0x63, 0x68,
        0x75, 0x69, 0x04, 0x63, 0x68, 0x75, 0x6e, 0x04, 0x63, 0x68, 0x75, 0x6f, 0x02, 0x63, 0x69, 0x04,
        0x63, 0x6f, 0x6e, 0x67, 0x03, 0x63, 0x6f, 0x75, 0x02, 0x63, 0x75, 0x04, 0x63, 0x75, 0x61, 0x6e,
        0x03, 0x63, 0x75, 0x69, 0x03, 0x63, 0x75, 0x6e, 0x03, 0x63, 0x75, 0x6f, 0x02, 0x64, 0x61, 0x03,
        0x64, 0x61, 0x69, 0x03, 0x64, 0x61, 0x6e, 0x04, 0x64, 0x61, 0x6e, 0x67, 0x03, 0x64, 0x61, 0x6f,
        0x02, 0x64, 0x65, 0x03, 0x64, 0x65, 0x69, 0x03, 0x64, 0x65, 0x6e, 0x04, 0x64, 0x65, 0x6e, 0x67,
        0x02, 0x64, 0x69, 0x03, 0x64, 0x69, 0x61, 0x04, 0x64, 0x69, 0x61, 0x6e, 0x04, 0x64, 0x69, 0x61,
        0x6f, 0x03, 0x64, 0x69, 0x65, 0x03, 0x64, 0x69, 0x6e, 0x04, 0x64, 0x69, 0x6e, 0x67, 0x03, 0x64,
        0x69, 0x75, 0x04, 0x64, 0x6f, 0x6e, 0x67, 0x03, 0x64, 0x6f, 0x75, 0x02, 0x64, 0x75, 0x04, 0x64,
        0x75, 0x61, 0x6e, 0x03, 0x64, 0x75, 0x69, 0x03, 0x64, 0x75, 0x6e, 0x03, 0x64, 0x75, 0x6f, 0x01,
        0x65, 0x02, 0x65, 0x69, 0x02, 0x65, 0x6e, 0x03, 0x65, 0x6e, 0x67, 0x02, 0x65, 0x72, 0x02, 0x66,
        0x61, 0x03, 0x66, 0x61, 0x6e, 0x04, 0x66, 0x61, 0x6e, 0x67, 0x03, 0x66, 0x65, 0x69, 0x03, 0x66,
        0x65, 0x6e, 0x04, 0x66, 0x65, 0x6e, 0x67, 0x04, 0x66, 0x69, 0x61, 0x6f, 0x02, 0x66, 0x6f, 0x03,
        0x66, 0x6f, 0x75, 0x02, 0x66, 0x75, 0x02, 0x67, 0x61, 0x03, 0x67, 0x61, 0x69, 0x03, 0x67, 0x61,
        0x6e, 0x04, 0x67, 0x61, 0x6e, 0x67, 0x03, 0x67, 0x61, 0x6f, 0x02, 0x67, 0x65, 0x03, 0x67, 0x65,
        0x69, 0x03, 0x67, 0x65, 0x6e, 0x04, 0x67, 0x65, 0x6e, 0x67, 0x04, 0x67, 0x6f, 0x6e, 0x67, 0x03,
        0x67, 0x6f, 0x75, 0x02, 0x67, 0x75, 0x03, 0x67, 0x75, 0x61, 0x04, 0x67, 0x75, 0x61, 0x69, 0x04,
        0x67, 0x75, 0x61, 0x6e, 0x05, 0x67, 0x75, 0x61, 0x6e, 0x67, 0x03, 0x67, 0x75, 0x69, 0x03, 0x67,
        0x75, 0x6e, 0x03, 0x67, 0x75, 0x6f, 0x02, 0x68, 0x61, 0x03, 0x68, 0x61, 0x69, 0x03, 0x68, 0x61,
        0x6e, 0x04, 0x68, 0x61, 0x6e, 0x67, 0x03, 0x68, 0x61, 0x6f, 0x02, 0x68, 0x65, 0x03, 0x68, 0x65,
        0x69, 0x03, 0x68, 0x65, 0x6e, 0x04, 0x68, 0x65, 0x6e, 0x67, 0x02, 0x68, 0x6d, 0x03, 0x68, 0x6e,
        0x67, 0x04, 0x68, 0x6f, 0x6e, 0x67, 0x03, 0x68, 0x6f, 0x75, 0x02, 0x68, 0x75, 0x03, 0x68, 0x75,
        0x61, 0x04, 0x68, 0x75, 0x61, 0x69, 0x04, 0x68, 0x75, 0x61, 0x6e, 0x05, 0x68, 0x75, 0x61, 0x6e,
        0x67, 0x03, 0x68, 0x75, 0x69, 0x03, 0x68, 0x75, 0x6e, 0x03, 0x68, 0x75, 0x6f, 0x02, 0x6a, 0x69,
        0x03, 0x6a, 0x69, 0x61, 0x04, 0x6a, 0x69, 0x61, 0x6e, 0x05, 0x6a, 0x69, 0x61, 0x6e, 0x67, 0x04,
        0x6a, 0x69, 0x61, 0x6f, 0x03, 0x6a, 0x69, 0x65, 0x03, 0x6a, 0x69, 0x6e, 0x04, 0x6a, 0x69, 0x6e,
        0x67, 0x05, 0x6a, 0x69, 0x6f, 0x6e, 0x67, 0x03, 0x6a, 0x69, 0x75, 0x02, 0x6a, 0x75, 0x04, 0x6a,
        0x75, 0x61, 0x6e, 0x03, 0x6a, 0x75, 0x65, 0x03, 0x6a, 0x75, 0x6e, 0x02, 0x6b, 0x61, 0x03, 0x6b,
        0x61, 0x69, 0x03, 0x6b, 0x61, 0x6e, 0x04, 0x6b, 0x61, 0x6e, 0x67, 0x03, 0x6b, 0x61, 0x6f, 0x02,
        0x6b, 0x65, 0x03, 0x6b, 0x65, 0x69, 0x03, 0x6b, 0x65, 0x6e, 0x04, 0x6b, 0x65, 0x6e, 0x67, 0x04,
        0x6b, 0x6f, 0x6e, 0x67, 0x03, 0x6b, 0x6f, 0x75, 0x02, 0x6b, 0x75, 0x03, 0x6b, 0x75, 0x61, 0x04,
        0x6b, 0x75, 0x61, 0x69, 0x04, 0x6b, 0x75, 0x61, 0x6e, 0x05, 0x6b, 0x75, 0x61, 0x6e, 0x67, 0x03,
        0x6b, 0x75, 0x69, 0x03, 0x6b, 0x75, 0x6e, 0x03, 0x6b, 0x75, 0x6f, 0x02, 0x6c, 0x61, 0x03, 0x6c,
        0x61, 0x69, 0x03, 0x6c, 0x61, 0x6e, 0x04, 0x6c, 0x61, 0x6e, 0x67, 0x03, 0x6c, 0x61, 0x6f, 0x02,
        0x6c, 0x65, 0x03, 0x6c, 0x65, 0x69, 0x04, 0x6c, 0x65, 0x6e, 0x67, 0x02, 0x6c, 0x69, 0x03, 0x6c,
        0x69, 0x61, 0x04, 0x6c, 0x69, 0x61, 0x6e, 0x05, 0x6c, 0x69, 0x61, 0x6e, 0x67, 0x04, 0x6c, 0x69,
        0x61, 0x6f, 0x03, 0x6c, 0x69, 0x65, 0x03, 0x6c, 0x69, 0x6e, 0x04, 0x6c, 0x69, 0x6e, 0x67, 0x03,
        0x6c, 0x69, 0x75, 0x02, 0x6c, 0x6f, 0x04, 0x6c, 0x6f, 0x6e, 0x67, 0x03, 0x6c, 0x6f, 0x75, 0x02,
        0x6c, 0x75, 0x04, 0x6c, 0x75, 0x61, 0x6e, 0x03, 0x6c, 0x75, 0x6e, 0x03, 0x6c, 0x75, 0x6f, 0x02,
        0x6c, 0x76, 0x03, 0x6c, 0x76, 0x65, 0x01, 0x6d, 0x02, 0x6d, 0x61, 0x03, 0x6d, 0x61, 0x69, 0x03,
        0x6d, 0x61, 0x6e, 0x04, 0x6d, 0x61, 0x6e, 0x67, 0x03, 0x6d, 0x61, 0x6f, 0x02, 0x6d, 0x65, 0x03,
        0x6d, 0x65, 0x69, 0x03, 0x6d, 0x65, 0x6e, 0x04, 0x6d, 0x65, 0x6e, 0x67, 0x02, 0x6d, 0x69, 0x04,
        0x6d, 0x69, 0x61, 0x6e, 0x04, 0x6d, 0x69, 0x61, 0x6f, 0x03, 0x6d, 0x69, 0x65, 0x03, 0x6d, 0x69,
        0x6e, 0x04, 0x6d, 0x69, 0x6e, 0x67, 0x03, 0x6d, 0x69, 0x75, 0x02, 0x6d, 0x6f, 0x03, 0x6d, 0x6f,
        0x75, 0x02, 0x6d, 0x75, 0x01, 0x6e, 0x02, 0x6e, 0x61, 0x03, 0x6e, 0x61, 0x69, 0x03, 0x6e, 0x61,
        0x6e, 0x04, 0x6e, 0x61, 0x6e, 0x67, 0x03, 0x6e, 0x61, 0x6f, 0x02, 0x6e, 0x65, 0x03, 0x6e, 0x65,
        0x69, 0x03, 0x6e, 0x65, 0x6e, 0x04, 0x6e, 0x65, 0x6e, 0x67, 0x02, 0x6e, 0x67, 0x02, 0x6e, 0x69,
        0x04, 0x6e, 0x69, 0x61, 0x6e, 0x05, 0x6e, 0x69, 0x61, 0x6e, 0x67, 0x04, 0x6e, 0x69, 0x61, 0x6f,
        0x03, 0x6e, 0x69, 0x65, 0x03, 0x6e, 0x69, 0x6e, 0x04, 0x6e, 0x69, 0x6e, 0x67, 0x03, 0x6e, 0x69,
        0x75, 0x04, 0x6e, 0x6f, 0x6e, 0x67, 0x03, 0x6e, 0x6f, 0x75, 0x02, 0x6e, 0x75, 0x04, 0x6e, 0x75,
        0x61, 0x6e, 0x03, 0x6e, 0x75, 0x6e, 0x03, 0x6e, 0x75, 0x6f, 0x02, 0x6e, 0x76, 0x03, 0x6e, 0x76,
        0x65, 0x01, 0x6f, 0x02, 0x6f, 0x75, 0x02, 0x70, 0x61, 0x03, 0x70, 0x61, 0x69, 0x03, 0x70, 0x61,
        0x6e, 0x04, 0x70, 0x61, 0x6e, 0x67, 0x03, 0x70, 0x61, 0x6f, 0x03, 0x70, 0x65, 0x69, 0x03, 0x70,
        0x65, 0x6e, 0x04, 0x70, 0x65, 0x6e, 0x67, 0x02, 0x70, 0x69, 0x04, 0x70, 0x69, 0x61, 0x6e, 0x04,
        0x70, 0x69, 0x61, 0x6f, 0x03, 0x70, 0x69, 0x65, 0x03, 0x70, 0x69, 0x6e, 0x04, 0x70, 0x69, 0x6e,
        0x67, 0x02, 0x70, 0x6f, 0x03, 0x70, 0x6f, 0x75, 0x02, 0x70, 0x75, 0x02, 0x71, 0x69, 0x03, 0x71,
        0x69, 0x61, 0x04, 0x71, 0x69, 0x61, 0x6e, 0x05, 0x71, 0x69, 0x61, 0x6e, 0x67, 0x04, 0x71, 0x69,
        0x61, 0x6f, 0x03, 0x71, 0x69, 0x65, 0x03, 0x71, 0x69, 0x6e, 0x04, 0x71, 0x69, 0x6e, 0x67, 0x05,
        0x71, 0x69, 0x6f, 0x6e, 0x67, 0x03, 0x71, 0x69, 0x75, 0x02, 0x71, 0x75, 0x04, 0x71, 0x75, 0x61,
        0x6e, 0x03, 0x71, 0x75, 0x65, 0x03, 0x71, 0x75, 0x6e, 0x03, 0x72, 0x61, 0x6e, 0x04, 0x72, 0x61,
        0x6e, 0x67, 0x03, 0x72, 0x61, 0x6f, 0x02, 0x72, 0x65, 0x03, 0x72, 0x65, 0x6e, 0x04, 0x72, 0x65,
        0x6e, 0x67, 0x02, 0x72, 0x69, 0x04, 0x72, 0x6f, 0x6e, 0x67, 0x03, 0x72, 0x6f, 0x75, 0x02, 0x72,
        0x75, 0x03, 0x72, 0x75, 0x61, 0x04, 0x72, 0x75, 0x61, 0x6e, 0x03, 0x72, 0x75, 0x69, 0x03, 0x72,
        0x75, 0x6e, 0x03, 0x72, 0x75, 0x6f, 0x02, 0x73, 0x61, 0x03, 0x73, 0x61, 0x69, 0x03, 0x73, 0x61,
        0x6e, 0x04, 0x73, 0x61, 0x6e, 0x67, 0x03, 0x73, 0x61, 0x6f, 0x02, 0x73, 0x65, 0x03, 0x73, 0x65,
        0x6e, 0x04, 0x73, 0x65, 0x6e, 0x67, 0x03, 0x73, 0x68, 0x61, 0x04, 0x73, 0x68, 0x61, 0x69, 0x04,
        0x73, 0x68, 0x61, 0x6e, 0x05, 0x73, 0x68, 0x61, 0x6e, 0x67, 0x04, 0x73, 0x68, 0x61, 0x6f, 0x03,
        0x73, 0x68, 0x65, 0x04, 0x73, 0x68, 0x65, 0x69, 0x04, 0x73, 0x68, 0x65, 0x6e, 0x05, 0x73, 0x68,
        0x65, 0x6e, 0x67, 0x03, 0x73, 0x68, 0x69, 0x04, 0x73, 0x68, 0x6f, 0x75, 0x03, 0x73, 0x68, 0x75,
        0x04, 0x73, 0x68, 0x75, 0x61, 0x05, 0x73, 0x68, 0x75, 0x61, 0x69, 0x05, 0x73, 0x68, 0x75, 0x61,
        0x6e, 0x06, 0x73, 0x68, 0x75, 0x61, 0x6e, 0x67, 0x04, 0x73, 0x68, 0x75, 0x69, 0x04, 0x73, 0x68,
        0x75, 0x6e, 0x04, 0x73, 0x68, 0x75, 0x6f, 0x02, 0x73, 0x69, 0x04, 0x73, 0x6f, 0x6e, 0x67, 0x03,
        0x73, 0x6f, 0x75, 0x02, 0x73, 0x75, 0x04, 0x73, 0x75, 0x61, 0x6e, 0x03, 0x73, 0x75, 0x69, 0x03,
        0x73, 0x75, 0x6e, 0x03, 0x73, 0x75, 0x6f, 0x02, 0x74, 0x61, 0x03, 0x74, 0x61, 0x69, 0x03, 0x74,
        0x61, 0x6e, 0x04, 0x74, 0x61, 0x6e, 0x67, 0x03, 0x74, 0x61, 0x6f, 0x02, 0x74, 0x65, 0x03, 0x74,
        0x65, 0x69, 0x04, 0x74, 0x65, 0x6e, 0x67, 0x02, 0x74, 0x69, 0x04, 0x74, 0x69, 0x61, 0x6e, 0x04,
        0x74, 0x69, 0x61, 0x6f, 0x03, 0x74, 0x69, 0x65, 0x04, 0x74, 0x69, 0x6e, 0x67, 0x04, 0x74, 0x6f,
        0x6e, 0x67, 0x03, 0x74, 0x6f, 0x75, 0x02, 0x74, 0x75, 0x04, 0x74, 0x75, 0x61, 0x6e, 0x03, 0x74,
        0x75, 0x69, 0x03, 0x74, 0x75, 0x6e, 0x03, 0x74, 0x75, 0x6f, 0x02, 0x77, 0x61, 0x03, 0x77, 0x61,
        0x69, 0x03, 0x77, 0x61, 0x6e, 0x04, 0x77, 0x61, 0x6e, 0x67, 0x03, 0x77, 0x65, 0x69, 0x03, 0x77,
        0x65, 0x6e, 0x04, 0x77, 0x65, 0x6e, 0x67, 0x02, 0x77, 0x6f, 0x04, 0x77, 0x6f, 0x6e, 0x67, 0x02,
        0x77, 0x75, 0x02, 0x78, 0x69, 0x03, 0x78, 0x69, 0x61, 0x04, 0x78, 0x69, 0x61, 0x6e, 0x05, 0x78,
        0x69, 0x61, 0x6e, 0x67, 0x04, 0x78, 0x69, 0x61, 0x6f, 0x03, 0x78, 0x69, 0x65, 0x03, 0x78, 0x69,
        0x6e, 0x04, 0x78, 0x69, 0x6e, 0x67, 0x05, 0x78, 0x69, 0x6f, 0x6e, 0x67, 0x03, 0x78, 0x69, 0x75,
        0x02, 0x78, 0x75, 0x04, 0x78, 0x75, 0x61, 0x6e, 0x03, 0x78, 0x75, 0x65, 0x03, 0x78, 0x75, 0x6e,
        0x02, 0x79, 0x61, 0x03, 0x79, 0x61, 0x6e, 0x04, 0x79, 0x61, 0x6e, 0x67, 0x03, 0x79, 0x61, 0x6f,
        0x02, 0x79, 0x65, 0x02, 0x79, 0x69, 0x03, 0x79, 0x69, 0x6e, 0x04, 0x79, 0x69, 0x6e, 0x67, 0x02,
        0x79, 0x6f, 0x04, 0x79, 0x6f, 0x6e, 0x67, 0x03, 0x79, 0x6f, 0x75, 0x02, 0x79, 0x75, 0x04, 0x79,
        0x75, 0x61, 0x6e, 0x03, 0x79, 0x75, 0x65, 0x03, 0x79, 0x75, 0x6e, 0x02, 0x7a, 0x61, 0x03, 0x7a,
        0x61, 0x69, 0x03, 0x7a, 0x61, 0x6e, 0x04, 0x7a, 0x61, 0x6e, 0x67, 0x03, 0x7a, 0x61, 0x6f, 0x02,
        0x7a, 0x65, 0x03, 0x7a, 0x65, 0x69, 0x03, 0x7a, 0x65, 0x6e, 0x04, 0x7a, 0x65, 0x6e, 0x67, 0x03,
        0x7a, 0x68, 0x61, 0x04, 0x7a, 0x68, 0x61, 0x69, 0x04, 0x7a, 0x68, 0x61, 0x6e, 0x05, 0x7a, 0x68,
        0x61, 0x6e, 0x67, 0x04, 0x7a, 0x68, 0x61, 0x6f, 0x03, 0x7a, 0x68, 0x65, 0x04, 0x7a, 0x68, 0x65,
        0x69, 0x04, 0x7a, 0x68, 0x65, 0x6e, 0x05, 0x7a, 0x68, 0x65, 0x6e, 0x67, 0x03, 0x7a, 0x68, 0x69,
        0x05, 0x7a, 0x68, 0x6f, 0x6e, 0x67, 0x04, 0x7a, 0x68, 0x6f, 0x75, 0x03, 0x7a, 0x68, 0x75, 0x04,
        0x7a, 0x68, 0x75, 0x61, 0x05, 0x7a, 0x68, 0x75, 0x61, 0x69, 0x05, 0x7a, 0x68, 0x75, 0x61, 0x6e,
        0x06, 0x7a, 0x68, 0x75, 0x61, 0x6e, 0x67, 0x04, 0x7a, 0x68, 0x75, 0x69, 0x04, 0x7a, 0x68, 0x75,
        0x6e, 0x04, 0x7a, 0x68, 0x75, 0x6f, 0x02, 0x7a, 0x69, 0x04, 0x7a, 0x6f, 0x6e, 0x67, 0x03, 0x7a,
        0x6f, 0x75, 0x02, 0x7a, 0x75, 0x04, 0x7a, 0x75, 0x61, 0x6e, 0x03, 0x7a, 0x75, 0x69, 0x03, 0x7a,
        0x75, 0x6e, 0x03, 0x7a, 0x75, 0x6f, 0x02, 0x00, 0x00, 0x00, 0x52, 0x00, 0x03, 0x00, 0x00, 0x00,
        0x79, 0x00, 0x9c, 0x00, 0x02, 0x00, 0x00, 0x00, 0x2b, 0x01, 0x02, 0x00, 0x00, 0x00, 0x72, 0x01,
        0x02, 0x00, 0x00, 0x00, 0x73, 0x01, 0x02, 0x00, 0x01, 0x00, 0x3b, 0x00, 0x03, 0x00, 0x01, 0x00,
        0x52, 0x00, 0x53, 0x00, 0x02, 0x00, 0x01, 0x00, 0xab, 0x00, 0x02, 0x00, 0x01, 0x00, 0xee, 0x00,
        0x02, 0x00, 0x01, 0x00, 0x64, 0x01, 0x02, 0x00, 0x01, 0x00, 0x77, 0x01, 0x02, 0x00, 0x02, 0x00,
        0x22, 0x00, 0x02, 0x00, 0x02, 0x00, 0x70, 0x00, 0x02, 0x00, 0x02, 0x00, 0x76, 0x00, 0x02, 0x00,
        0x02, 0x00, 0x73, 0x01, 0x02, 0x00, 0x04, 0x00, 0xea, 0x00, 0x02, 0x00, 0x04, 0x00, 0x5a, 0x01,
        0x02, 0x00, 0x04, 0x00, 0x68, 0x01, 0x02, 0x00, 0x04, 0x00, 0x7d, 0x01, 0x02, 0x00, 0x05, 0x00,
        0x0a, 0x00, 0x02, 0x00, 0x05, 0x00, 0x14, 0x00, 0x02, 0x00, 0x05, 0x00, 0xf5, 0x00, 0x02, 0x00,
        0x05, 0x00, 0xfd, 0x00, 0x02, 0x00, 0x06, 0x00, 0x0a, 0x00, 0x02, 0x00, 0x06, 0x00, 0x14, 0x00,
        0x03, 0x00, 0x07, 0x00, 0x14, 0x00, 0xf7, 0x00, 0x02, 0x00, 0x07, 0x00, 0xf7, 0x00, 0x02, 0x00,
        0x08, 0x00, 0x0a, 0x00, 0x02, 0x00, 0x08, 0x00, 0x0c, 0x00, 0x02, 0x00, 0x08, 0x00, 0xf8, 0x00,
        0x02, 0x00, 0x08, 0x00, 0xfc, 0x00, 0x02, 0x00, 0x09, 0x00, 0x14, 0x00, 0x03, 0x00, 0x09, 0x00,
        0x15, 0x00, 0x05, 0x01, 0x02, 0x00, 0x09, 0x00, 0x60, 0x00, 0x02, 0x00, 0x09, 0x00, 0xf9, 0x00,
        0x02, 0x00, 0x09, 0x00, 0x05, 0x01, 0x02, 0x00, 0x0a, 0x00, 0x0d, 0x00, 0x02, 0x00, 0x0a, 0x00,
        0x14, 0x00, 0x02, 0x00, 0x0a, 0x00, 0xfa, 0x00, 0x02, 0x00, 0x0a, 0x00, 0xfd, 0x00, 0x03, 0x00,
        0x0a, 0x00, 0xfd, 0x00, 0x03, 0x01, 0x02, 0x00, 0x0b, 0x00, 0x0d, 0x00, 0x02, 0x00, 0x0b, 0x00,
        0x13, 0x00, 0x02, 0x00, 0x0b, 0x00, 0x5b, 0x00, 0x02, 0x00, 0x0b, 0x00, 0x77, 0x00, 0x02, 0x00,
        0x0d, 0x00, 0x11, 0x00, 0x02, 0x00, 0x0d, 0x00, 0xce, 0x00, 0x02, 0x00, 0x0d, 0x00, 0xfd, 0x00,
        0x02, 0x00, 0x0e, 0x00, 0xfe, 0x00, 0x02, 0x00, 0x10, 0x00, 0xf9, 0x00, 0x02, 0x00, 0x10, 0x00,
        0xff, 0x00, 0x02, 0x00, 0x10, 0x00, 0x2f, 0x01, 0x02, 0x00, 0x11, 0x00, 0x0b, 0x01, 0x02, 0x00,
        0x12, 0x00, 0x13, 0x00, 0x02, 0x00, 0x12, 0x00, 0x5b, 0x00, 0x02, 0x00, 0x13, 0x00, 0x02, 0x01,
        0x02, 0x00, 0x14, 0x00, 0x15, 0x00, 0x02, 0x00, 0x14, 0x00, 0x58, 0x00, 0x02, 0x00, 0x14, 0x00,
        0x60, 0x00, 0x02, 0x00, 0x14, 0x00, 0xe7, 0x00, 0x02, 0x00, 0x14, 0x00, 0x03, 0x01, 0x03, 0x00,
        0x14, 0x00, 0x03, 0x01, 0x59, 0x01, 0x02, 0x00, 0x15, 0x00, 0x05, 0x01, 0x02, 0x00, 0x15, 0x00,
        0x1c, 0x01, 0x02, 0x00, 0x16, 0x00, 0x1f, 0x00, 0x02, 0x00, 0x16, 0x00, 0x20, 0x00, 0x02, 0x00,
        0x17, 0x00, 0x3e, 0x01, 0x03, 0x00, 0x18, 0x00, 0x1d, 0x00, 0x2d, 0x01, 0x03, 0x00, 0x18, 0x00,
        0x1d, 0x00, 0x32, 0x01, 0x02, 0x00, 0x18, 0x00, 0x21, 0x00, 0x03, 0x00, 0x18, 0x00, 0x21, 0x00,
        0x2d, 0x01, 0x02, 0x00, 0x18, 0x00, 0x83, 0x01, 0x02, 0x00, 0x19, 0x00, 0x25, 0x00, 0x02, 0x00,
        0x19, 0x00, 0x84, 0x01, 0x02, 0x00, 0x1b, 0x00, 0x8a, 0x00, 0x02, 0x00, 0x1b, 0x00, 0x3e, 0x01,
        0x03, 0x00, 0x1b, 0x00, 0x86, 0x01, 0x8b, 0x01, 0x03, 0x00, 0x1d, 0x00, 0x25, 0x00, 0x0c, 0x01,
        0x02, 0x00, 0x1e, 0x00, 0x26, 0x00, 0x02, 0x00, 0x1e, 0x00, 0x89, 0x01, 0x03, 0x00, 0x1f, 0x00,
        0x20, 0x00, 0x32, 0x00, 0x02, 0x00, 0x1f, 0x00, 0x2b, 0x01, 0x02, 0x00, 0x1f, 0x00, 0x8a, 0x01,
        0x02, 0x00, 0x20, 0x00, 0x39, 0x00, 0x03, 0x00, 0x21, 0x00, 0x3c, 0x00, 0x2d, 0x01, 0x02, 0x00,
        0x21, 0x00, 0x2d, 0x01, 0x02, 0x00, 0x21, 0x00, 0x48, 0x01, 0x03, 0x00, 0x21, 0x00, 0x48, 0x01,
        0x6a, 0x01, 0x02, 0x00, 0x21, 0x00, 0x8c, 0x01, 0x02, 0x00, 0x22, 0x00, 0x2e, 0x01, 0x02, 0x00,
        0x22, 0x00, 0x49, 0x01, 0x02, 0x00, 0x22, 0x00, 0x74, 0x01, 0x02, 0x00, 0x22, 0x00, 0x8d, 0x01,
        0x02, 0x00, 0x23, 0x00, 0x31, 0x00, 0x02, 0x00, 0x23, 0x00, 0x8d, 0x00, 0x02, 0x00, 0x23, 0x00,
        0x68, 0x01, 0x02, 0x00, 0x23, 0x00, 0x8e, 0x01, 0x02, 0x00, 0x23, 0x00, 0x9d, 0x01, 0x02, 0x00,
        0x24, 0x00, 0x27, 0x00, 0x02, 0x00, 0x24, 0x00, 0x93, 0x00, 0x02, 0x00, 0x25, 0x00, 0x26, 0x00,
        0x02, 0x00, 0x25, 0x00, 0xb8, 0x00, 0x02, 0x00, 0x25, 0x00, 0x32, 0x01, 0x02, 0x00, 0x25, 0x00,
        0x91, 0x01, 0x02, 0x00, 0x26, 0x00, 0x3d, 0x00, 0x02, 0x00, 0x26, 0x00, 0x42, 0x00, 0x02, 0x00,
        0x26, 0x00, 0x33, 0x01, 0x02, 0x00, 0x26, 0x00, 0x91, 0x01, 0x02, 0x00, 0x27, 0x00, 0x43, 0x00,
        0x02, 0x00, 0x27, 0x00, 0x34, 0x01, 0x02, 0x00, 0x27, 0x00, 0x79, 0x01, 0x02, 0x00, 0x27, 0x00,
        0x93, 0x01, 0x03, 0x00, 0x28, 0x00, 0x3a, 0x01, 0x9a, 0x01, 0x02, 0x00, 0x28, 0x00, 0x49, 0x01,
        0x02, 0x00, 0x28, 0x00, 0x7b, 0x01, 0x02, 0x00, 0x28, 0x00, 0x94, 0x01, 0x02, 0x00, 0x29, 0x00,
        0x3e, 0x00, 0x02, 0x00, 0x29, 0x00, 0xea, 0x00, 0x02, 0x00, 0x29, 0x00, 0x0a, 0x01, 0x02, 0x00,
        0x29, 0x00, 0x0f, 0x01, 0x02, 0x00, 0x29, 0x00, 0x6d, 0x01, 0x02, 0x00, 0x29, 0x00, 0x95, 0x01,
        0x02, 0x00, 0x2a, 0x00, 0x93, 0x00, 0x02, 0x00, 0x2a, 0x00, 0x4e, 0x01, 0x02, 0x00, 0x2a, 0x00,
        0x6e, 0x01, 0x02, 0x00, 0x2a, 0x00, 0x96, 0x01, 0x02, 0x00, 0x2b, 0x00, 0x6e, 0x01, 0x02, 0x00,
        0x2c, 0x00, 0x31, 0x00, 0x02, 0x00, 0x2c, 0x00, 0xa5, 0x01, 0x02, 0x00, 0x2d, 0x00, 0x2f, 0x00,
        0x03, 0x00, 0x2d, 0x00, 0x30, 0x00, 0x99, 0x01, 0x02, 0x00, 0x2d, 0x00, 0x99, 0x01, 0x02, 0x00,
        0x2e, 0x00, 0x9a, 0x01, 0x02, 0x00, 0x2f, 0x00, 0x9b, 0x01, 0x02, 0x00, 0x30, 0x00, 0x4f, 0x00,
        0x02, 0x00, 0x31, 0x00, 0x22, 0x01, 0x02, 0x00, 0x32, 0x00, 0x89, 0x00, 0x02, 0x00, 0x32, 0x00,
        0x3e, 0x01, 0x02, 0x00, 0x32, 0x00, 0x9e, 0x01, 0x02, 0x00, 0x33, 0x00, 0x9f, 0x01, 0x02, 0x00,
        0x35, 0x00, 0x92, 0x00, 0x02, 0x00, 0x35, 0x00, 0x10, 0x01, 0x02, 0x00, 0x35, 0x00, 0xa1, 0x01,
        0x02, 0x00, 0x35, 0x00, 0xa5, 0x01, 0x02, 0x00, 0x36, 0x00, 0x83, 0x01, 0x02, 0x00, 0x37, 0x00,
        0x38, 0x01, 0x02, 0x00, 0x38, 0x00, 0x50, 0x00, 0x02, 0x00, 0x38, 0x00, 0x79, 0x01, 0x02, 0x00,
        0x39, 0x00, 0x83, 0x01, 0x02, 0x00, 0x39, 0x00, 0x9d, 0x01, 0x02, 0x00, 0x39, 0x00, 0xa5, 0x01,
        0x02, 0x00, 0x3a, 0x00, 0x3b, 0x00, 0x02, 0x00, 0x3a, 0x00, 0x3c, 0x00, 0x02, 0x00, 0x3a, 0x00,
        0x46, 0x01, 0x02, 0x00, 0x3b, 0x00, 0x47, 0x01, 0x02, 0x00, 0x3c, 0x00, 0x4b, 0x00, 0x02, 0x00,
        0x3c, 0x00, 0x2d, 0x01, 0x02, 0x00, 0x3c, 0x00, 0x34, 0x01, 0x02, 0x00, 0x3c, 0x00, 0x48, 0x01,
        0x02, 0x00, 0x3e, 0x00, 0x4a, 0x01, 0x02, 0x00, 0x3f, 0x00, 0x40, 0x00, 0x02, 0x00, 0x3f, 0x00,
        0x43, 0x00, 0x02, 0x00, 0x3f, 0x00, 0x4b, 0x01, 0x02, 0x00, 0x43, 0x00, 0x51, 0x00, 0x02, 0x00,
        0x43, 0x00, 0x4e, 0x01, 0x02, 0x00, 0x43, 0x00, 0x8b, 0x01, 0x02, 0x00, 0x43, 0x00, 0x93, 0x01,
        0x02, 0x00, 0x44, 0x00, 0x47, 0x00, 0x02, 0x00, 0x45, 0x00, 0x47, 0x00, 0x02, 0x00, 0x45, 0x00,
        0x4f, 0x01, 0x02, 0x00, 0x45, 0x00, 0x73, 0x01, 0x02, 0x00, 0x46, 0x00, 0xe6, 0x00, 0x02, 0x00,
        0x46, 0x00, 0x50, 0x01, 0x02, 0x00, 0x46, 0x00, 0x75, 0x01, 0x02, 0x00, 0x47, 0x00, 0x30, 0x01,
        0x02, 0x00, 0x47, 0x00, 0x4e, 0x01, 0x02, 0x00, 0x47, 0x00, 0x76, 0x01, 0x02, 0x00, 0x47, 0x00,
        0x77, 0x01, 0x02, 0x00, 0x47, 0x00, 0x8a, 0x01, 0x02, 0x00, 0x49, 0x00, 0x52, 0x01, 0x02, 0x00,
        0x49, 0x00, 0x92, 0x01, 0x02, 0x00, 0x4b, 0x00, 0xba, 0x00, 0x02, 0x00, 0x4b, 0x00, 0x53, 0x01,
        0x02, 0x00, 0x4c, 0x00, 0x4d, 0x00, 0x02, 0x00, 0x4c, 0x00, 0x54, 0x01, 0x02, 0x00, 0x4d, 0x00,
        0x50, 0x00, 0x02, 0x00, 0x4d, 0x00, 0x51, 0x00, 0x02, 0x00, 0x4d, 0x00, 0x30, 0x01, 0x02, 0x00,
        0x4d, 0x00, 0x95, 0x01, 0x02, 0x00, 0x4e, 0x00, 0x99, 0x01, 0x02, 0x00, 0x4f, 0x00, 0x50, 0x00,
        0x02, 0x00, 0x4f, 0x00, 0xa3, 0x01, 0x02, 0x00, 0x50, 0x00, 0x3c, 0x01, 0x02, 0x00, 0x50, 0x00,
        0x58, 0x01, 0x02, 0x00, 0x50, 0x00, 0x99, 0x01, 0x02, 0x00, 0x51, 0x00, 0x86, 0x00, 0x02, 0x00,
        0x51, 0x00, 0x59, 0x01, 0x02, 0x00, 0x52, 0x00, 0xf3, 0x00, 0x02, 0x00, 0x52, 0x00, 0x63, 0x01,
        0x02, 0x00, 0x52, 0x00, 0x73, 0x01, 0x02, 0x00, 0x52, 0x00, 0x76, 0x01, 0x02, 0x00, 0x52, 0x00,
        0x77, 0x01, 0x02, 0x00, 0x56, 0x00, 0xda, 0x00, 0x02, 0x00, 0x56, 0x00, 0xe3, 0x00, 0x02, 0x00,
        0x56, 0x00, 0x18, 0x01, 0x02, 0x00, 0x57, 0x00, 0x03, 0x01, 0x02, 0x00, 0x58, 0x00, 0xf7, 0x00,
        0x02, 0x00, 0x58, 0x00, 0x03, 0x01, 0x02, 0x00, 0x59, 0x00, 0xf8, 0x00, 0x02, 0x00, 0x5a, 0x00,
        0x60, 0x00, 0x02, 0x00, 0x5b, 0x00, 0x60, 0x00, 0x02, 0x00, 0x5c, 0x00, 0x02, 0x01, 0x02, 0x00,
        0x5e, 0x00, 0x60, 0x00, 0x02, 0x00, 0x5f, 0x00, 0xfd, 0x00, 0x03, 0x00, 0x60, 0x00, 0xc4, 0x00,
        0x63, 0x01, 0x02, 0x00, 0x60, 0x00, 0xce, 0x00, 0x02, 0x00, 0x60, 0x00, 0xcf, 0x00, 0x02, 0x00,
        0x60, 0x00, 0xff, 0x00, 0x02, 0x00, 0x60, 0x00, 0x05, 0x01, 0x02, 0x00, 0x60, 0x00, 0x34, 0x01,
        0x02, 0x00, 0x61, 0x00, 0x66, 0x00, 0x02, 0x00, 0x61, 0x00, 0x8a, 0x00, 0x03, 0x00, 0x61, 0x00,
        0x8a, 0x00, 0x0b, 0x01, 0x02, 0x00, 0x61, 0x00, 0x97, 0x00, 0x02, 0x00, 0x61, 0x00, 0x65, 0x01,
        0x03, 0x00, 0x61, 0x00, 0x72, 0x01, 0x8a, 0x01, 0x02, 0x00, 0x62, 0x00, 0x66, 0x00, 0x02, 0x00,
        0x62, 0x00, 0x8e, 0x00, 0x02, 0x00, 0x62, 0x00, 0x06, 0x01, 0x02, 0x00, 0x63, 0x00, 0x76, 0x00,
        0x02, 0x00, 0x63, 0x00, 0x08, 0x01, 0x02, 0x00, 0x64, 0x00, 0x9a, 0x00, 0x02, 0x00, 0x64, 0x00,
        0x9a, 0x01, 0x02, 0x00, 0x65, 0x00, 0x78, 0x00, 0x02, 0x00, 0x66, 0x00, 0x74, 0x00, 0x02, 0x00,
        0x66, 0x00, 0x79, 0x00, 0x02, 0x00, 0x66, 0x00, 0x89, 0x00, 0x04, 0x00, 0x66, 0x00, 0x97, 0x00,
        0xbb, 0x00, 0xc1, 0x00, 0x02, 0x00, 0x66, 0x00, 0xaf, 0x00, 0x02, 0x00, 0x66, 0x00, 0xb2, 0x00,
        0x02, 0x00, 0x66, 0x00, 0xc1, 0x00, 0x02, 0x00, 0x66, 0x00, 0x77, 0x01, 0x02, 0x00, 0x67, 0x00,
        0x89, 0x00, 0x02, 0x00, 0x69, 0x00, 0x90, 0x00, 0x02, 0x00, 0x6a, 0x00, 0x7f, 0x00, 0x02, 0x00,
        0x6a, 0x00, 0xbc, 0x00, 0x02, 0x00, 0x6b, 0x00, 0x93, 0x00, 0x02, 0x00, 0x6c, 0x00, 0x6d, 0x00,
        0x02, 0x00, 0x6c, 0x00, 0x81, 0x00, 0x02, 0x00, 0x6c, 0x00, 0x86, 0x00, 0x02, 0x00, 0x6c, 0x00,
        0x8a, 0x00, 0x02, 0x00, 0x6c, 0x00, 0x7d, 0x01, 0x02, 0x00, 0x6d, 0x00, 0x73, 0x00, 0x02, 0x00,
        0x6d, 0x00, 0xa9, 0x00, 0x02, 0x00, 0x6d, 0x00, 0x5a, 0x01, 0x02, 0x00, 0x6e, 0x00, 0x73, 0x00,
        0x03, 0x00, 0x6f, 0x00, 0x8f, 0x00, 0x0c, 0x01, 0x02, 0x00, 0x6f, 0x00, 0xc0, 0x00, 0x02, 0x00,
        0x6f, 0x00, 0x5c, 0x01, 0x02, 0x00, 0x71, 0x00, 0x86, 0x00, 0x02, 0x00, 0x71, 0x00, 0x91, 0x00,
        0x02, 0x00, 0x71, 0x00, 0x92, 0x00, 0x02, 0x00, 0x71, 0x00, 0x93, 0x00, 0x03, 0x00, 0x71, 0x00,
        0x96, 0x00, 0x0f, 0x01, 0x02, 0x00, 0x71, 0x00, 0xa7, 0x00, 0x02, 0x00, 0x71, 0x00, 0x12, 0x01,
        0x02, 0x00, 0x71, 0x00, 0x5e, 0x01, 0x02, 0x00, 0x71, 0x00, 0x69, 0x01, 0x02, 0x00, 0x73, 0x00,
        0x61, 0x01, 0x02, 0x00, 0x74, 0x00, 0x47, 0x01, 0x02, 0x00, 0x74, 0x00, 0x65, 0x01, 0x02, 0x00,
        0x75, 0x00, 0x7a, 0x00, 0x02, 0x00, 0x75, 0x00, 0x84, 0x00, 0x02, 0x00, 0x75, 0x00, 0x9c, 0x00,
        0x02, 0x00, 0x75, 0x00, 0xb2, 0x00, 0x02, 0x00, 0x76, 0x00, 0x99, 0x00, 0x02, 0x00, 0x77, 0x00,
        0x7c, 0x00, 0x03, 0x00, 0x77, 0x00, 0x7c, 0x00, 0x6b, 0x01, 0x02, 0x00, 0x77, 0x00, 0x9f, 0x00,
        0x02, 0x00, 0x77, 0x00, 0x67, 0x01, 0x02, 0x00, 0x78, 0x00, 0x79, 0x00, 0x02, 0x00, 0x79, 0x00,
        0x81, 0x00, 0x03, 0x00, 0x79, 0x00, 0x81, 0x00, 0x88, 0x00, 0x02, 0x00, 0x79, 0x00, 0x65, 0x01,
        0x02, 0x00, 0x7a, 0x00, 0xd5, 0x00, 0x02, 0x00, 0x7c, 0x00, 0x7e, 0x00, 0x02, 0x00, 0x7f, 0x00,
        0x8c, 0x00, 0x02, 0x00, 0x81, 0x00, 0xa2, 0x00, 0x02, 0x00, 0x81, 0x00, 0x43, 0x01, 0x02, 0x00,
        0x81, 0x00, 0x51, 0x01, 0x02, 0x00, 0x81, 0x00, 0x64, 0x01, 0x02, 0x00, 0x81, 0x00, 0x65, 0x01,
        0x02, 0x00, 0x81, 0x00, 0x6e, 0x01, 0x02, 0x00, 0x82, 0x00, 0x83, 0x00, 0x02, 0x00, 0x82, 0x00,
        0x85, 0x00, 0x02, 0x00, 0x82, 0x00, 0x88, 0x00, 0x03, 0x00, 0x82, 0x00, 0x88, 0x00, 0x6e, 0x01,
        0x02, 0x00, 0x83, 0x00, 0x86, 0x00, 0x02, 0x00, 0x83, 0x00, 0xfd, 0x00, 0x02, 0x00, 0x84, 0x00,
        0x6f, 0x01, 0x02, 0x00, 0x84, 0x00, 0x71, 0x01, 0x02, 0x00, 0x84, 0x00, 0x7e, 0x01, 0x02, 0x00,
        0x86, 0x00, 0x87, 0x00, 0x02, 0x00, 0x86, 0x00, 0xa4, 0x00, 0x02, 0x00, 0x86, 0x00, 0xa7, 0x00,
        0x02, 0x00, 0x86, 0x00, 0x5e, 0x01, 0x02, 0x00, 0x86, 0x00, 0x7f, 0x01, 0x02, 0x00, 0x87, 0x00,
        0xd2, 0x00, 0x02, 0x00, 0x87, 0x00, 0x71, 0x01, 0x02, 0x00, 0x88, 0x00, 0xf3, 0x00, 0x02, 0x00,
        0x89, 0x00, 0x8e, 0x00, 0x02, 0x00, 0x89, 0x00, 0x06, 0x01, 0x03, 0x00, 0x89, 0x00, 0x06, 0x01,
        0x8b, 0x01, 0x02, 0x00, 0x89, 0x00, 0x64, 0x01, 0x02, 0x00, 0x89, 0x00, 0x8b, 0x01, 0x02, 0x00,
        0x8a, 0x00, 0x8e, 0x00, 0x02, 0x00, 0x8a, 0x00, 0x8e, 0x00, 0x03, 0x00, 0x8a, 0x00, 0x8e, 0x00,
        0x07, 0x01, 0x02, 0x00, 0x8a, 0x00, 0x0b, 0x01, 0x02, 0x00, 0x8a, 0x00, 0x65, 0x01, 0x02, 0x00,
        0x8a, 0x00, 0x69, 0x01, 0x02, 0x00, 0x8b, 0x00, 0x99, 0x00, 0x02, 0x00, 0x8b, 0x00, 0xdb, 0x00,
        0x02, 0x00, 0x8b, 0x00, 0x08, 0x01, 0x02, 0x00, 0x8b, 0x00, 0x66, 0x01, 0x02, 0x00, 0x8c, 0x00,
        0x09, 0x01, 0x02, 0x00, 0x8c, 0x00, 0x67, 0x01, 0x02, 0x00, 0x8d, 0x00, 0x95, 0x00, 0x02, 0x00,
        0x8d, 0x00, 0x0a, 0x01, 0x02, 0x00, 0x8d, 0x00, 0x0f, 0x01, 0x02, 0x00, 0x8d, 0x00, 0x68, 0x01,
        0x02, 0x00, 0x8d, 0x00, 0x75, 0x01, 0x02, 0x00, 0x8d, 0x00, 0x9d, 0x01, 0x02, 0x00, 0x8e, 0x00,
        0x93, 0x00, 0x02, 0x00, 0x8e, 0x00, 0x95, 0x00, 0x02, 0x00, 0x8e, 0x00, 0x98, 0x00, 0x02, 0x00,
        0x8e, 0x00, 0x69, 0x01, 0x02, 0x00, 0x8f, 0x00, 0x90, 0x00, 0x02, 0x00, 0x8f, 0x00, 0x0c, 0x01,
        0x02, 0x00, 0x8f, 0x00, 0x78, 0x01, 0x02, 0x00, 0x90, 0x00, 0xb5, 0x00, 0x02, 0x00, 0x91, 0x00,
        0x9c, 0x00, 0x02, 0x00, 0x93, 0x00, 0x0b, 0x01, 0x02, 0x00, 0x93, 0x00, 0x10, 0x01, 0x02, 0x00,
        0x93, 0x00, 0xa1, 0x01, 0x02, 0x00, 0x93, 0x00, 0xa3, 0x01, 0x02, 0x00, 0x94, 0x00, 0x96, 0x00,
        0x02, 0x00, 0x94, 0x00, 0x11, 0x01, 0x02, 0x00, 0x94, 0x00, 0xa3, 0x01, 0x02, 0x00, 0x95, 0x00,
        0x0a, 0x01, 0x02, 0x00, 0x95, 0x00, 0x70, 0x01, 0x02, 0x00, 0x96, 0x00, 0x10, 0x01, 0x02, 0x00,
        0x96, 0x00, 0x13, 0x01, 0x03, 0x00, 0x96, 0x00, 0x43, 0x01, 0x45, 0x01, 0x02, 0x00, 0x96, 0x00,
        0x71, 0x01, 0x02, 0x00, 0x96, 0x00, 0x80, 0x01, 0x02, 0x00, 0x97, 0x00, 0x07, 0x01, 0x02, 0x00,
        0x98, 0x00, 0x06, 0x01, 0x02, 0x00, 0x99, 0x00, 0x08, 0x01, 0x02, 0x00, 0x9c, 0x00, 0x9d, 0x00,
        0x02, 0x00, 0x9c, 0x00, 0x07, 0x01, 0x02, 0x00, 0x9c, 0x00, 0x0a, 0x01, 0x02, 0x00, 0x9e, 0x00,
        0x78, 0x01, 0x02, 0x00, 0xa7, 0x00, 0xb2, 0x00, 0x02, 0x00, 0xa7, 0x00, 0x5e, 0x01, 0x02, 0x00,
        0xa9, 0x00, 0x34, 0x01, 0x02, 0x00, 0xaa, 0x00, 0xac, 0x00, 0x03, 0x00, 0xaa, 0x00, 0xae, 0x00,
        0xc1, 0x00, 0x02, 0x00, 0xaa, 0x00, 0x64, 0x01, 0x02, 0x00, 0xaa, 0x00, 0x8a, 0x01, 0x02, 0x00,
        0xad, 0x00, 0xb5, 0x00, 0x02, 0x00, 0xae, 0x00, 0xb6, 0x00, 0x02, 0x00, 0xae, 0x00, 0xc1, 0x00,
        0x02, 0x00, 0xae, 0x00, 0xd7, 0x00, 0x02, 0x00, 0xaf, 0x00, 0xb0, 0x00, 0x02, 0x00, 0xaf, 0x00,
        0xb0, 0x00, 0x02, 0x00, 0xaf, 0x00, 0xb6, 0x00, 0x02, 0x00, 0xaf, 0x00, 0x7f, 0x01, 0x02, 0x00,
        0xb1, 0x00, 0xb9, 0x00, 0x02, 0x00, 0xb2, 0x00, 0xb4, 0x00, 0x02, 0x00, 0xb2, 0x00, 0xb7, 0x00,
        0x02, 0x00, 0xb2, 0x00, 0xc1, 0x00, 0x02, 0x00, 0xb2, 0x00, 0xc9, 0x00, 0x02, 0x00, 0xb2, 0x00,
        0x64, 0x01, 0x02, 0x00, 0xb2, 0x00, 0x79, 0x01, 0x02, 0x00, 0xb2, 0x00, 0x7f, 0x01, 0x02, 0x00,
        0xb3, 0x00, 0xb5, 0x00, 0x02, 0x00, 0xb4, 0x00, 0x08, 0x01, 0x02, 0x00, 0xb5, 0x00, 0x79, 0x01,
        0x02, 0x00, 0xb6, 0x00, 0xbe, 0x00, 0x03, 0x00, 0xb9, 0x00, 0x6b, 0x01, 0x7e, 0x01, 0x02, 0x00,
        0xba, 0x00, 0xbe, 0x00, 0x02, 0x00, 0xbc, 0x00, 0xce, 0x00, 0x02, 0x00, 0xbc, 0x00, 0xeb, 0x00,
        0x02, 0x00, 0xbc, 0x00, 0x3a, 0x01, 0x02, 0x00, 0xbd, 0x00, 0xbe, 0x00, 0x02, 0x00, 0xbd, 0x00,
        0xc2, 0x00, 0x02, 0x00, 0xbe, 0x00, 0xc2, 0x00, 0x02, 0x00, 0xc1, 0x00, 0xc2, 0x00, 0x02, 0x00,
        0xc1, 0x00, 0x03, 0x01, 0x02, 0x00, 0xc1, 0x00, 0x46, 0x01, 0x02, 0x00, 0xc2, 0x00, 0x38, 0x01,
        0x02, 0x00, 0xc4, 0x00, 0x63, 0x01, 0x02, 0x00, 0xc5, 0x00, 0xc6, 0x00, 0x03, 0x00, 0xc5, 0x00,
        0xca, 0x00, 0x75, 0x01, 0x02, 0x00, 0xc5, 0x00, 0xd5, 0x00, 0x02, 0x00, 0xc5, 0x00, 0x9e, 0x01,
        0x02, 0x00, 0xc6, 0x00, 0xc7, 0x00, 0x02, 0x00, 0xc6, 0x00, 0xd5, 0x00, 0x02, 0x00, 0xc7, 0x00,
        0xf7, 0x00, 0x02, 0x00, 0xc7, 0x00, 0x5c, 0x01, 0x02, 0x00, 0xc8, 0x00, 0xcd, 0x00, 0x02, 0x00,
        0xc8, 0x00, 0xf8, 0x00, 0x02, 0x00, 0xc8, 0x00, 0x5d, 0x01, 0x02, 0x00, 0xc9, 0x00, 0xd5, 0x00,
        0x02, 0x00, 0xca, 0x00, 0xd5, 0x00, 0x02, 0x00, 0xcb, 0x00, 0xce, 0x00, 0x02, 0x00, 0xcb, 0x00,
        0xd5, 0x00, 0x02, 0x00, 0xcc, 0x00, 0x06, 0x01, 0x02, 0x00, 0xcc, 0x00, 0x5e, 0x01, 0x03, 0x00,
        0xcd, 0x00, 0xcf, 0x00, 0xd2, 0x00, 0x02, 0x00, 0xcd, 0x00, 0xd3, 0x00, 0x02, 0x00, 0xce, 0x00,
        0xd3, 0x00, 0x02, 0x00, 0xce, 0x00, 0xe3, 0x00, 0x02, 0x00, 0xce, 0x00, 0x77, 0x01, 0x02, 0x00,
        0xcf, 0x00, 0xd2, 0x00, 0x02, 0x00, 0xcf, 0x00, 0x33, 0x01, 0x02, 0x00, 0xcf, 0x00, 0x4f, 0x01,
        0x02, 0x00, 0xcf, 0x00, 0x5c, 0x01, 0x03, 0x00, 0xd0, 0x00, 0xd4, 0x00, 0xd6, 0x00, 0x02, 0x00,
        0xd1, 0x00, 0xe7, 0x00, 0x02, 0x00, 0xd5, 0x00, 0xd7, 0x00, 0x02, 0x00, 0xd5, 0x00, 0x5c, 0x01,
        0x02, 0x00, 0xd5, 0x00, 0x63, 0x01, 0x02, 0x00, 0xd6, 0x00, 0xd7, 0x00, 0x02, 0x00, 0xd7, 0x00,
        0x79, 0x01, 0x02, 0x00, 0xd8, 0x00, 0xe2, 0x00, 0x03, 0x00, 0xd8, 0x00, 0xe2, 0x00, 0x63, 0x01,
        0x04, 0x00, 0xd9, 0x00, 0xda, 0x00, 0xde, 0x00, 0xdf, 0x00, 0x02, 0x00, 0xd9, 0x00, 0xdb, 0x00,
        0x02, 0x00, 0xd9, 0x00, 0xde, 0x00, 0x02, 0x00, 0xd9, 0x00, 0xf0, 0x00, 0x02, 0x00, 0xda, 0x00,
        0xe3, 0x00, 0x02, 0x00, 0xdd, 0x00, 0xed, 0x00, 0x02, 0x00, 0xde, 0x00, 0xe3, 0x00, 0x02, 0x00,
        0xe0, 0x00, 0xe8, 0x00, 0x02, 0x00, 0xe3, 0x00, 0xe6, 0x00, 0x02, 0x00, 0xe4, 0x00, 0x8c, 0x01,
        0x02, 0x00, 0xe6, 0x00, 0x43, 0x01, 0x02, 0x00, 0xe8, 0x00, 0x18, 0x01, 0x02, 0x00, 0xeb, 0x00,
        0x1b, 0x01, 0x02, 0x00, 0xee, 0x00, 0x6f, 0x01, 0x02, 0x00, 0xf0, 0x00, 0x17, 0x01, 0x02, 0x00,
        0xf2, 0x00, 0x75, 0x01, 0x02, 0x00, 0xf3, 0x00, 0x61, 0x01, 0x02, 0x00, 0xf4, 0x00, 0x10, 0x01,
        0x02, 0x00, 0xf4, 0x00, 0x63, 0x01, 0x02, 0x00, 0xf5, 0x00, 0xf6, 0x00, 0x02, 0x00, 0xf6, 0x00,
        0x03, 0x01, 0x02, 0x00, 0xf7, 0x00, 0xf8, 0x00, 0x02, 0x00, 0xf7, 0x00, 0x01, 0x01, 0x02, 0x00,
        0xfc, 0x00, 0x02, 0x01, 0x02, 0x00, 0xfd, 0x00, 0x72, 0x01, 0x03, 0x00, 0xff, 0x00, 0x03, 0x01,
        0x05, 0x01, 0x02, 0x00, 0x01, 0x01, 0x02, 0x01, 0x02, 0x00, 0x03, 0x01, 0x04, 0x01, 0x02, 0x00,
        0x06, 0x01, 0x0b, 0x01, 0x02, 0x00, 0x06, 0x01, 0x0d, 0x01, 0x02, 0x00, 0x06, 0x01, 0x28, 0x01,
        0x02, 0x00, 0x06, 0x01, 0x34, 0x01, 0x02, 0x00, 0x06, 0x01, 0x3e, 0x01, 0x02, 0x00, 0x06, 0x01,
        0x64, 0x01, 0x02, 0x00, 0x06, 0x01, 0x69, 0x01, 0x02, 0x00, 0x06, 0x01, 0x77, 0x01, 0x02, 0x00,
        0x06, 0x01, 0x78, 0x01, 0x02, 0x00, 0x06, 0x01, 0x93, 0x01, 0x02, 0x00, 0x08, 0x01, 0x0b, 0x01,
        0x02, 0x00, 0x08, 0x01, 0x64, 0x01, 0x02, 0x00, 0x08, 0x01, 0x66, 0x01, 0x02, 0x00, 0x08, 0x01,
        0x71, 0x01, 0x02, 0x00, 0x08, 0x01, 0x73, 0x01, 0x02, 0x00, 0x0a, 0x01, 0x12, 0x01, 0x02, 0x00,
        0x0a, 0x01, 0x27, 0x01, 0x02, 0x00, 0x0a, 0x01, 0x2f, 0x01, 0x02, 0x00, 0x0c, 0x01, 0x0d, 0x01,
        0x02, 0x00, 0x0c, 0x01, 0x48, 0x01, 0x02, 0x00, 0x0c, 0x01, 0x91, 0x01, 0x02, 0x00, 0x0d, 0x01,
        0x92, 0x01, 0x02, 0x00, 0x0e, 0x01, 0x6c, 0x01, 0x02, 0x00, 0x0f, 0x01, 0x7c, 0x01, 0x02, 0x00,
        0x10, 0x01, 0x6e, 0x01, 0x02, 0x00, 0x11, 0x01, 0x6f, 0x01, 0x02, 0x00, 0x15, 0x01, 0x1b, 0x01,
        0x02, 0x00, 0x17, 0x01, 0x22, 0x01, 0x02, 0x00, 0x18, 0x01, 0x32, 0x01, 0x02, 0x00, 0x1e, 0x01,
        0x22, 0x01, 0x02, 0x00, 0x23, 0x01, 0x2b, 0x01, 0x03, 0x00, 0x23, 0x01, 0x2b, 0x01, 0x45, 0x01,
        0x02, 0x00, 0x23, 0x01, 0x46, 0x01, 0x02, 0x00, 0x23, 0x01, 0x64, 0x01, 0x02, 0x00, 0x24, 0x01,
        0x28, 0x01, 0x02, 0x00, 0x24, 0x01, 0x3e, 0x01, 0x02, 0x00, 0x25, 0x01, 0x32, 0x01, 0x02, 0x00,
        0x25, 0x01, 0x66, 0x01, 0x02, 0x00, 0x27, 0x01, 0x2f, 0x01, 0x02, 0x00, 0x28, 0x01, 0x2c, 0x01,
        0x02, 0x00, 0x2b, 0x01, 0x2d, 0x01, 0x02, 0x00, 0x2b, 0x01, 0x45, 0x01, 0x02, 0x00, 0x2b, 0x01,
        0x65, 0x01, 0x02, 0x00, 0x2c, 0x01, 0x34, 0x01, 0x02, 0x00, 0x2d, 0x01, 0x73, 0x01, 0x02, 0x00,
        0x2d, 0x01, 0x8a, 0x01, 0x02, 0x00, 0x2d, 0x01, 0x8c, 0x01, 0x02, 0x00, 0x2e, 0x01, 0x49, 0x01,
        0x02, 0x00, 0x2f, 0x01, 0x50, 0x01, 0x02, 0x00, 0x2f, 0x01, 0x68, 0x01, 0x02, 0x00, 0x2f, 0x01,
        0x8e, 0x01, 0x02, 0x00, 0x30, 0x01, 0x34, 0x01, 0x02, 0x00, 0x30, 0x01, 0x64, 0x01, 0x02, 0x00,
        0x30, 0x01, 0x77, 0x01, 0x02, 0x00, 0x30, 0x01, 0x7d, 0x01, 0x02, 0x00, 0x30, 0x01, 0x8f, 0x01,
        0x02, 0x00, 0x31, 0x01, 0x3b, 0x01, 0x02, 0x00, 0x32, 0x01, 0x34, 0x01, 0x02, 0x00, 0x32, 0x01,
        0x6a, 0x01, 0x02, 0x00, 0x32, 0x01, 0x91, 0x01, 0x02, 0x00, 0x33, 0x01, 0x6b, 0x01, 0x02, 0x00,
        0x34, 0x01, 0x3e, 0x01, 0x03, 0x00, 0x34, 0x01, 0x3e, 0x01, 0x77, 0x01, 0x02, 0x00, 0x34, 0x01,
        0x6e, 0x01, 0x02, 0x00, 0x34, 0x01, 0x8f, 0x01, 0x02, 0x00, 0x34, 0x01, 0x93, 0x01, 0x02, 0x00,
        0x35, 0x01, 0x36, 0x01, 0x02, 0x00, 0x36, 0x01, 0x3d, 0x01, 0x02, 0x00, 0x36, 0x01, 0x7d, 0x01,
        0x02, 0x00, 0x36, 0x01, 0x96, 0x01, 0x03, 0x00, 0x3b, 0x01, 0x3d, 0x01, 0x7f, 0x01, 0x02, 0x00,
        0x3e, 0x01, 0x77, 0x01, 0x02, 0x00, 0x3f, 0x01, 0x94, 0x01, 0x02, 0x00, 0x41, 0x01, 0x45, 0x01,
        0x02, 0x00, 0x41, 0x01, 0x6d, 0x01, 0x02, 0x00, 0x46, 0x01, 0x59, 0x01, 0x02, 0x00, 0x48, 0x01,
        0x66, 0x01, 0x02, 0x00, 0x49, 0x01, 0x6b, 0x01, 0x02, 0x00, 0x4a, 0x01, 0x75, 0x01, 0x03, 0x00,
        0x4b, 0x01, 0x4c, 0x01, 0x57, 0x01, 0x02, 0x00, 0x4b, 0x01, 0x4d, 0x01, 0x02, 0x00, 0x4e, 0x01,
        0x64, 0x01, 0x02, 0x00, 0x4e, 0x01, 0x77, 0x01, 0x02, 0x00, 0x4e, 0x01, 0x93, 0x01, 0x02, 0x00,
        0x4f, 0x01, 0x91, 0x01, 0x02, 0x00, 0x53, 0x01, 0x94, 0x01, 0x02, 0x00, 0x53, 0x01, 0x9a, 0x01,
        0x02, 0x00, 0x57, 0x01, 0x58, 0x01, 0x02, 0x00, 0x57, 0x01, 0x59, 0x01, 0x02, 0x00, 0x58, 0x01,
        0x9c, 0x01, 0x02, 0x00, 0x59, 0x01, 0x7d, 0x01, 0x02, 0x00, 0x5b, 0x01, 0x5e, 0x01, 0x02, 0x00,
        0x5c, 0x01, 0x7d, 0x01, 0x02, 0x00, 0x5c, 0x01, 0x7e, 0x01, 0x02, 0x00, 0x5d, 0x01, 0x7c, 0x01,
        0x02, 0x00, 0x5e, 0x01, 0x6e, 0x01, 0x02, 0x00, 0x5e, 0x01, 0x77, 0x01, 0x02, 0x00, 0x5e, 0x01,
        0x7d, 0x01, 0x02, 0x00, 0x61, 0x01, 0x7e, 0x01, 0x02, 0x00, 0x61, 0x01, 0x97, 0x01, 0x02, 0x00,
        0x63, 0x01, 0x7d, 0x01, 0x02, 0x00, 0x64, 0x01, 0x66, 0x01, 0x02, 0x00, 0x66, 0x01, 0x6f, 0x01,
        0x02, 0x00, 0x66, 0x01, 0x78, 0x01, 0x02, 0x00, 0x67, 0x01, 0x74, 0x01, 0x02, 0x00, 0x68, 0x01,
        0x70, 0x01, 0x02, 0x00, 0x68, 0x01, 0x75, 0x01, 0x02, 0x00, 0x69, 0x01, 0x70, 0x01, 0x02, 0x00,
        0x69, 0x01, 0x76, 0x01, 0x02, 0x00, 0x6a, 0x01, 0x71, 0x01, 0x02, 0x00, 0x6b, 0x01, 0x79, 0x01,
        0x02, 0x00, 0x6e, 0x01, 0x7d, 0x01, 0x02, 0x00, 0x6e, 0x01, 0x96, 0x01, 0x02, 0x00, 0x71, 0x01,
        0x78, 0x01, 0x02, 0x00, 0x72, 0x01, 0x76, 0x01, 0x02, 0x00, 0x73, 0x01, 0x76, 0x01, 0x02, 0x00,
        0x73, 0x01, 0x78, 0x01, 0x02, 0x00, 0x73, 0x01, 0x7e, 0x01, 0x03, 0x00, 0x75, 0x01, 0x7c, 0x01,
        0x95, 0x01, 0x02, 0x00, 0x75, 0x01, 0x7f, 0x01, 0x02, 0x00, 0x76, 0x01, 0x98, 0x01, 0x02, 0x00,
        0x7a, 0x01, 0x7d, 0x01, 0x02, 0x00, 0x7b, 0x01, 0x7d, 0x01, 0x02, 0x00, 0x7c, 0x01, 0xa5, 0x01,
        0x02, 0x00, 0x7d, 0x01, 0x80, 0x01, 0x02, 0x00, 0x7d, 0x01, 0x95, 0x01, 0x02, 0x00, 0x7e, 0x01,
        0x80, 0x01, 0x02, 0x00, 0x81, 0x01, 0x83, 0x01, 0x02, 0x00, 0x81, 0x01, 0x83, 0x01, 0x03, 0x00,
        0x81, 0x01, 0x86, 0x01, 0x8a, 0x01, 0x02, 0x00, 0x81, 0x01, 0x8a, 0x01, 0x02, 0x00, 0x82, 0x01,
        0x9e, 0x01, 0x02, 0x00, 0x82, 0x01, 0x9e, 0x01, 0x02, 0x00, 0x84, 0x01, 0x9a, 0x01, 0x02, 0x00,
        0x85, 0x01, 0xa5, 0x01, 0x02, 0x00, 0x86, 0x01, 0x8b, 0x01, 0x02, 0x00, 0x86, 0x01, 0xa5, 0x01,
        0x02, 0x00, 0x89, 0x01, 0x9f, 0x01, 0x02, 0x00, 0x8a, 0x01, 0xa5, 0x01, 0x02, 0x00, 0x8b, 0x01,
        0x93, 0x01, 0x03, 0x00, 0x8e, 0x01, 0x8f, 0x01, 0x9d, 0x01, 0x02, 0x00, 0x8e, 0x01, 0x95, 0x01,
        0x02, 0x00, 0x8e, 0x01, 0x97, 0x01, 0x02, 0x00, 0x8f, 0x01, 0x90, 0x01, 0x03, 0x00, 0x8f, 0x01,
        0x96, 0x01, 0x9d, 0x01, 0x02, 0x00, 0x91, 0x01, 0x92, 0x01, 0x02, 0x00, 0x92, 0x01, 0x93, 0x01,
        0x02, 0x00, 0x93, 0x01, 0x9e, 0x01, 0x02, 0x00, 0x95, 0x01, 0x96, 0x01, 0x02, 0x00, 0x98, 0x01,
        0x99, 0x01, 0x02, 0x00, 0x99, 0x01, 0xa2, 0x01, 0x02, 0x00, 0x9d, 0x01, 0xa5, 0x01, 0x02, 0x00,
        0x9e, 0x01, 0xa3, 0x01, 0xb0, 0x84, 0xff, 0xff, 0xff, 0xff, 0xff, 0xff, 0xff, 0xff, 0xff, 0xff,
        0xff, 0xff, 0xff, 0xff, 0xff, 0xff, 0xff, 0xff, 0xff, 0xff, 0xff, 0xff, 0xff, 0xff, 0xff, 0xff,
        0xff, 0xff, 0xff, 0xff, 0xff, 0xff, 0xff, 0xff, 0xff, 0xff, 0xff, 0xff, 0xff, 0xff, 0xff, 0xff,
        0xff, 0xff, 0xff, 0xff, 0xff, 0xff, 0xff, 0xff, 0xff, 0xff, 0xff, 0xff, 0xff, 0xff, 0xff, 0xff,
        0xff, 0xff, 0xff, 0xff, 0xff, 0xff, 0xff, 0xff, 0xff, 0xff, 0xff, 0xff, 0xff, 0xff, 0xff, 0xff,
        0xff, 0xff, 0xff, 0xff, 0xff, 0xff, 0xff, 0xff, 0xff, 0xff, 0xff, 0xff, 0xff, 0xff, 0xff, 0xff,
        0xff, 0xff, 0xff, 0xff, 0xff, 0xff, 0xff, 0xff, 0xff, 0xff, 0xff, 0xff, 0xff, 0xff, 0xff, 0xff,
        0xff, 0xff, 0xff, 0xff, 0xff, 0xff, 0xff, 0xff, 0xff, 0xff, 0xff, 0xff, 0xff, 0xff, 0xff, 0xff,
        0xff, 0xff, 0xff, 0xff, 0xff, 0xff, 0xff, 0xff, 0xff, 0xff, 0xff, 0xff, 0xff, 0xff, 0xff, 0xff,
        0xff, 0xff, 0xff, 0xff, 0xff, 0xff, 0xff, 0xff, 0xff, 0xff, 0xff, 0xff, 0xff, 0xff, 0xff, 0xff,
        0xff, 0xff, 0xff, 0xff, 0xff, 0xff, 0xff, 0xff, 0xff, 0xff, 0xff, 0xff, 0xff, 0xff, 0xff, 0xff,
        0xff, 0xff, 0xff, 0xff, 0xff, 0xff, 0xff, 0xff, 0xff, 0xff, 0xff, 0xff, 0xff, 0xff, 0xff, 0xff,
        0xff, 0xff, 0xff, 0xff, 0xff, 0xff, 0xff, 0xff, 0xff, 0xff, 0xff, 0xff, 0xff, 0xff, 0xff, 0xff,
        0xff, 0xff, 0xff, 0xff, 0xff, 0xff, 0xff, 0xff, 0xff, 0xff, 0xff, 0xff, 0xff, 0xff, 0xff, 0xff,
        0xff, 0xff, 0xff, 0xff, 0xff, 0xff, 0xff, 0xff, 0xff, 0xff, 0xff, 0xff, 0xff, 0xff, 0xff, 0xff,
        0xff, 0xff, 0xff, 0xff, 0xff, 0xff, 0xff, 0xff, 0xff, 0xff, 0xff, 0xff, 0xff, 0xff, 0xff, 0xff,
        0xff, 0xff, 0xff, 0xff, 0xff, 0xff, 0xff, 0xff, 0xff, 0xff, 0xff, 0xff, 0xff, 0xff, 0xff, 0xff,
        0xff, 0xff, 0xff, 0xff, 0xff, 0xff, 0xff, 0xff, 0xff, 0xff, 0xff, 0xff, 0xff, 0xff, 0xff, 0xff,
        0xff, 0xff, 0xff, 0xff, 0xff, 0xff, 0xff, 0xff, 0xff, 0xff, 0xff, 0xff, 0xff, 0xff, 0xff, 0xff,
        0xff, 0xff, 0xff, 0xff, 0xff, 0xff, 0xff, 0xff, 0xff, 0xff, 0xff, 0xff, 0xff, 0xff, 0xff, 0xff,
        0xff, 0xff, 0xff, 0xff, 0xff, 0xff, 0xff, 0xff, 0xff, 0xff, 0xff, 0xff, 0xff, 0xff, 0xff, 0xff,
        0xff, 0xff, 0xff, 0xff, 0xff, 0xff, 0xff, 0xff, 0xff, 0xff, 0xff, 0xff, 0xff, 0xff, 0xff, 0xff,
        0xff, 0xff, 0xff, 0xff, 0xff, 0xff, 0xff, 0xff, 0xff, 0xff, 0xff, 0xff, 0xff, 0xff, 0xff, 0xff,
        0xff, 0xff, 0xff, 0xff, 0xff, 0xff, 0xff, 0xff, 0xff, 0xff, 0xff, 0xff, 0xff, 0xff, 0xff, 0xff,
        0xff, 0xff, 0xff, 0xff, 0xff, 0xff, 0xff, 0xff, 0xff, 0xff, 0xff, 0xff, 0xff, 0xff, 0xff, 0xff,
        0xff, 0xff, 0xff, 0xff, 0xff, 0xff, 0xff, 0xff, 0xff, 0xff, 0xff, 0xff, 0xff, 0xff, 0xff, 0xff,
        0xff, 0xff, 0xff, 0xff, 0xff, 0xff, 0xff, 0xff, 0xff, 0xff, 0xff, 0xff, 0xff, 0xff, 0xff, 0xff,
        0xff, 0xff, 0xff, 0xff, 0xff, 0xff, 0xff, 0xff, 0xff, 0xff, 0xff, 0xff, 0xff, 0xff, 0xff, 0xff,
        0xff, 0xff, 0xff, 0xff, 0xff, 0xff, 0xff, 0xff, 0xff, 0xff, 0xff, 0xff, 0xff, 0xff, 0xff, 0xff,
        0xff, 0xff, 0xff, 0xff, 0xff, 0xff, 0xff, 0xff, 0xff, 0xff, 0xff, 0xff, 0xff, 0xff, 0xff, 0xff,
        0xff, 0xff, 0xff, 0xff, 0xff, 0xff, 0xff, 0xff, 0xff, 0xff, 0xff, 0xff, 0xff, 0xff, 0xff, 0xff,
        0xff, 0xff, 0xff, 0xff, 0xff, 0xff, 0xff, 0xff, 0xff, 0xff, 0xff, 0xff, 0xff, 0xff, 0xff, 0xff,
        0xff, 0xff, 0xff, 0xff, 0xff, 0xff, 0xff, 0xff, 0xff, 0xff, 0xff, 0xff, 0xff, 0xff, 0xff, 0xff,
        0xff, 0xff, 0xff, 0xff, 0xff, 0xff, 0xff, 0xff, 0xff, 0xff, 0xff, 0xff, 0xff, 0xff, 0xff, 0xff,
        0xff, 0xff, 0xff, 0xff, 0xff, 0xff, 0xff, 0xff, 0xff, 0xff, 0xff, 0xff, 0xff, 0xff, 0xff, 0xff,
        0xff, 0xff, 0xff, 0xff, 0xff, 0xff, 0xff, 0xff, 0xff, 0xff, 0xff, 0xff, 0xff, 0xff, 0xff, 0xff,
        0xff, 0xff, 0xff, 0xff, 0xff, 0xff, 0xff, 0xff, 0xff, 0xff, 0xff, 0xff, 0xff, 0xff, 0xff, 0xff,
        0xff, 0xff, 0xff, 0xff, 0xff, 0xff, 0xff, 0xff, 0xff, 0xff, 0xff, 0xff, 0xff, 0xff, 0xff, 0xff,
        0xff, 0xff, 0xff, 0xff, 0xff, 0xff, 0xff, 0xff, 0xff, 0xff, 0xff, 0xff, 0xff, 0xff, 0xff, 0xff,
        0xff, 0xff, 0xff, 0xff, 0xff, 0xff, 0xff, 0xff, 0xff, 0xff, 0xff, 0xff, 0xff, 0xff, 0xff, 0xff,
        0xff, 0xff, 0xff, 0xff, 0xff, 0xff, 0xff, 0xff, 0xff, 0xff, 0xff, 0xff, 0xff, 0xff, 0xff, 0xff,
        0xff, 0xff, 0xff, 0xff, 0xff, 0xff, 0xff, 0xff, 0xff, 0xff, 0xff, 0xff, 0xff, 0xff, 0xff, 0xff,
        0xff, 0xff, 0xff, 0xff, 0xff, 0xff, 0xff, 0xff, 0xff, 0xff, 0xff, 0xff, 0xff, 0xff, 0xff, 0xff,
        0xff, 0xff, 0xff, 0xff, 0xff, 0xff, 0xff, 0xff, 0xff, 0xff, 0xff, 0xff, 0xff, 0xff, 0xff, 0xff,
        0xff, 0xff, 0xff, 0xff, 0xff, 0xff, 0xff, 0xff, 0xff, 0xff, 0xff, 0xff, 0xff, 0xff, 0xff, 0xff,
        0xff, 0xff, 0xff, 0xff, 0xff, 0xff, 0xff, 0xff, 0xff, 0xff, 0xff, 0xff, 0xff, 0xff, 0xff, 0xff,
        0xff, 0xff, 0xff, 0xff, 0xff, 0xff, 0xff, 0xff, 0xff, 0xff, 0xff, 0xff, 0xff, 0xff, 0xff, 0xff,
        0xff, 0xff, 0xff, 0xff, 0xff, 0xff, 0xff, 0xff, 0xff, 0xff, 0xff, 0xff, 0xff, 0xff, 0xff, 0xff,
        0xff, 0xff, 0xff, 0xff, 0xff, 0xff, 0xff, 0xff, 0xff, 0xff, 0xff, 0xff, 0xff, 0xff, 0xff, 0xff,
        0xff, 0xff, 0xff, 0xff, 0xff, 0xff, 0xff, 0xff, 0xff, 0xff, 0xff, 0xff, 0xff, 0xff, 0xff, 0xff,
        0xff, 0xff, 0xff, 0xff, 0xff, 0xff, 0xff, 0xff, 0xff, 0xff, 0xff, 0xff, 0xff, 0xff, 0xff, 0xff,
        0xff, 0xff, 0xff, 0xff, 0xff, 0xff, 0xff, 0xff, 0xff, 0xff, 0xff, 0xff, 0xff, 0xff, 0xff, 0xff,
        0xff, 0xff, 0xff, 0xff, 0xff, 0xff, 0xff, 0xff, 0xff, 0xff, 0xff, 0xff, 0xff, 0xff, 0xff, 0xff,
        0xff, 0xff, 0xff, 0xff, 0xff, 0xff, 0xff, 0xff, 0xff, 0xff, 0xff, 0xff, 0xff, 0xff, 0xff, 0xff,
        0xff, 0xff, 0xff, 0xff, 0xff, 0xff, 0xff, 0xff, 0xff, 0xff, 0xff, 0xff, 0xff, 0xff, 0xff, 0xff,
        0xff, 0xff, 0xff, 0xff, 0xff, 0xff, 0xff, 0xff, 0xff, 0xff, 0xff, 0xff, 0xff, 0xff, 0xff, 0xff,
        0xff, 0xff, 0xff, 0xff, 0xff, 0xff, 0xff, 0xff, 0xff, 0xff, 0xff, 0xff, 0xff, 0xff, 0xff, 0xff,
        0xff, 0xff, 0xff, 0xff, 0xff, 0xff, 0xff, 0xff, 0xff, 0xff, 0xff, 0xff, 0xff, 0xff, 0xff, 0xff,
        0xff, 0xff, 0xff, 0xff, 0xff, 0xff, 0xff, 0xff, 0xff, 0xff, 0xff, 0xff, 0xff, 0xff, 0xff, 0xff,
        0xff, 0xff, 0xff, 0xff, 0xff, 0xff, 0xff, 0xff, 0xff, 0xff, 0xff, 0xff, 0xff, 0xff, 0xff, 0xff,
        0xff, 0xff, 0xff, 0xff, 0xff, 0xff, 0xff, 0xff, 0xff, 0xff, 0xff, 0xff, 0xff, 0xff, 0xff, 0xff,
        0xff, 0xff, 0xff, 0xff, 0xff, 0xff, 0xff, 0xff, 0xff, 0xff, 0xff, 0xff, 0xff, 0xff, 0xff, 0xff,
        0xff, 0xff, 0xff, 0xff, 0xff, 0xff, 0xff, 0xff, 0xff, 0xff, 0xff, 0xff, 0xff, 0xff, 0xff, 0xff,
        0xff, 0xff, 0xff, 0xff, 0xff, 0xff, 0xff, 0xff, 0xff, 0xff, 0xff, 0xff, 0xff, 0xff, 0xff, 0xff,
        0xff, 0xff, 0xff, 0xff, 0xff, 0xff, 0xff, 0xff, 0xff, 0xff, 0xff, 0xff, 0xff, 0xff, 0xff, 0xff,
        0xff, 0xff, 0xff, 0xff, 0xff, 0xff, 0xff, 0xff, 0xff, 0xff, 0xff, 0xff, 0xff, 0xff, 0xff, 0xff,
        0xff, 0xff, 0xff, 0xff, 0xff, 0xff, 0xff, 0xff, 0xff, 0xff, 0xff, 0xff, 0xff, 0xff, 0xff, 0xff,
        0xff, 0xff, 0xff, 0xff, 0xff, 0xff, 0xff, 0xff, 0xff, 0xff, 0xff, 0xff, 0xff, 0xff, 0xff, 0xff,
        0xff, 0xff, 0xff, 0xff, 0xff, 0xff, 0xff, 0xff, 0xff, 0xff, 0xff, 0xff, 0xff, 0xff, 0xff, 0xff,
        0xff, 0xff, 0xff, 0xff, 0xff, 0xff, 0xff, 0xff, 0xff, 0xff, 0xff, 0xff, 0xff, 0xff, 0xff, 0xff,
        0xff, 0xff, 0xff, 0xff, 0xff, 0xff, 0xff, 0xff, 0xff, 0xff, 0xff, 0xff, 0xff, 0xff, 0xff, 0xff,
        0xff, 0xff, 0xff, 0xff, 0xff, 0xff, 0xff, 0xff, 0xff, 0xff, 0xff, 0xff, 0xff, 0xff, 0xff, 0xff,
        0xff, 0xff, 0xff, 0xff, 0xff, 0xff, 0xff, 0xff, 0xff, 0xff, 0xff, 0xff, 0xff, 0xff, 0xff, 0xff,
        0xff, 0xff, 0xff, 0xff, 0xff, 0xff, 0xff, 0xff, 0xff, 0xff, 0xff, 0xff, 0xff, 0xff, 0xff, 0xff,
        0xff, 0xff, 0xff, 0xff, 0xff, 0xff, 0xff, 0xff, 0xff, 0xff, 0xff, 0xff, 0xff, 0xff, 0xff, 0xff,
        0xff, 0xff, 0xff, 0xff, 0xff, 0xff, 0xff, 0xff, 0xff, 0xff, 0xff, 0xff, 0xff, 0xff, 0xff, 0xff,
        0xff, 0xff, 0xff, 0xff, 0xff, 0xff, 0xff, 0xff, 0xff, 0xff, 0xff, 0xff, 0xff, 0xff, 0xff, 0xff,
        0xff, 0xff, 0xff, 0xff, 0xff, 0xff, 0xff, 0xff, 0xff, 0xff, 0xff, 0xff, 0xff, 0xff, 0xff, 0xff,
        0xff, 0xff, 0xff, 0xff, 0xff, 0xff, 0xff, 0xff, 0xff, 0xff, 0xff, 0xff, 0xff, 0xff, 0xff, 0xff,
        0xff, 0xff, 0xff, 0xff, 0xff, 0xff, 0xff, 0xff, 0xff, 0xff, 0xff, 0xff, 0xff, 0xff, 0xff, 0xff,
        0xff, 0xff, 0xff, 0xff, 0xff, 0xff, 0xff, 0xff, 0xff, 0xff, 0xff, 0xff, 0xff, 0xff, 0xff, 0xff,
        0xff, 0xff, 0xff, 0xff, 0xff, 0xff, 0xff, 0xff, 0xff, 0xff, 0xff, 0xff, 0xff, 0xff, 0xff, 0xff,
        0xff, 0xff, 0xff, 0xff, 0xff, 0xff, 0xff, 0xff, 0xff, 0xff, 0xff, 0xff, 0xff, 0xff, 0xff, 0xff,
        0xff, 0xff, 0xff, 0xff, 0xff, 0xff, 0xff, 0xff, 0xff, 0xff, 0xff, 0xff, 0xff, 0xff, 0xff, 0xff,
        0xff, 0xff, 0xff, 0xff, 0xff, 0xff, 0xff, 0xff, 0xff, 0xff, 0xff, 0xff, 0xff, 0xff, 0xff, 0xff,
        0xff, 0xff, 0xff, 0xff, 0xff, 0xff, 0xff, 0xff, 0xff, 0xff, 0xff, 0xff, 0xff, 0xff, 0xff, 0xff,
        0xff, 0xff, 0xff, 0xff, 0xff, 0xff, 0xff, 0xff, 0xff, 0xff, 0xff, 0xff, 0xff, 0xff, 0xff, 0xff,
        0xff, 0xff, 0xff, 0xff, 0xff, 0xff, 0xff, 0xff, 0xff, 0xff, 0xff, 0xff, 0xff, 0xff, 0xff, 0xff,
        0xff, 0xff, 0xff, 0xff, 0xff, 0xff, 0xff, 0xff, 0xff, 0xff, 0xff, 0xff, 0xff, 0xff, 0xff, 0xff,
        0xff, 0xff, 0xff, 0xff, 0xff, 0xff, 0xff, 0xff, 0xff, 0xff, 0xff, 0xff, 0xff, 0xff, 0xff, 0xff,
        0xff, 0xff, 0xff, 0xff, 0xff, 0xff, 0xff, 0xff, 0xff, 0xff, 0xff, 0xff, 0xff, 0xff, 0xff, 0xff,
        0xff, 0xff, 0xff, 0xff, 0xff, 0xff, 0xff, 0xff, 0xff, 0xff, 0xff, 0xff, 0xff, 0xff, 0xff, 0xff,
        0xff, 0xff, 0xff, 0xff, 0xff, 0xff, 0xff, 0xff, 0xff, 0xff, 0xff, 0xff, 0xff, 0xff, 0xff, 0xff,
        0xff, 0xff, 0xff, 0xff, 0xff, 0xff, 0xff, 0xff, 0xff, 0xff, 0xff, 0xff, 0xff, 0xff, 0xff, 0xff,
        0xff, 0xff, 0xff, 0xff, 0xff, 0xff, 0xff, 0xff, 0xff, 0xff, 0xff, 0xff, 0xff, 0xff, 0xff, 0xff,
        0xff, 0xff, 0xff, 0xff, 0xff, 0xff, 0xff, 0xff, 0xff, 0xff, 0xff, 0xff, 0xff, 0xff, 0xff, 0xff,
        0xff, 0xff, 0xff, 0xff, 0xff, 0xff, 0xff, 0xff, 0xff, 0xff, 0xff, 0xff, 0xff, 0xff, 0xff, 0xff,
        0xff, 0xff, 0xff, 0xff, 0xff, 0xff, 0xff, 0xff, 0xff, 0xff, 0xff, 0xff, 0xff, 0xff, 0xff, 0xff,
        0xff, 0xff, 0xff, 0xff, 0xff, 0xff, 0xff, 0xff, 0xff, 0xff, 0xff, 0xff, 0xff, 0xff, 0xff, 0xff,
        0xff, 0xff, 0xff, 0xff, 0xff, 0xff, 0xff, 0xff, 0xff, 0xff, 0xff, 0xff, 0xff, 0xff, 0xff, 0xff,
        0xff, 0xff, 0xff, 0xff, 0xff, 0xff, 0xff, 0xff, 0xff, 0xff, 0xff, 0xff, 0xff, 0xff, 0xff, 0xff,
        0xff, 0xff, 0xff, 0xff, 0xff, 0xff, 0xff, 0xff, 0xff, 0xff, 0xff, 0xff, 0xff, 0xff, 0xff, 0xff,
        0xff, 0xff, 0xff, 0xff, 0xff, 0xff, 0xff, 0xff, 0xff, 0xff, 0xff, 0xff, 0xff, 0xff, 0xff, 0xff,
        0xff, 0xff, 0xff, 0xff, 0xff, 0xff, 0xff, 0xff, 0xff, 0xff, 0xff, 0xff, 0xff, 0xff, 0xff, 0xff,
        0xff, 0xff, 0xff, 0xff, 0xff, 0xff, 0xff, 0xff, 0xff, 0xff, 0xff, 0xff, 0xff, 0xff, 0xff, 0xff,
        0xff, 0xff, 0xff, 0xff, 0xff, 0xff, 0xff, 0xff, 0xff, 0xff, 0xff, 0xff, 0xff, 0xff, 0xff, 0xff,
        0xff, 0xff, 0xff, 0xff, 0xff, 0xff, 0xff, 0xff, 0xff, 0xff, 0xff, 0xff, 0xff, 0xff, 0xff, 0xff,
        0xff, 0xff, 0xff, 0xff, 0xff, 0xff, 0xff, 0xff, 0xff, 0xff, 0xff, 0xff, 0xff, 0xff, 0xff, 0xff,
        0xff, 0xff, 0xff, 0xff, 0xff, 0xff, 0xff, 0xff, 0xff, 0xff, 0xff, 0xff, 0xff, 0xff, 0xff, 0xff,
        0xff, 0xff, 0xff, 0xff, 0xff, 0xff, 0xff, 0xff, 0xff, 0xff, 0xff, 0xff, 0xff, 0xff, 0xff, 0xff,
        0xff, 0xff, 0xff, 0xff, 0xff, 0xff, 0xff, 0xff, 0xff, 0xff, 0xff, 0xff, 0xff, 0xff, 0xff, 0xff,
        0xff, 0xff, 0xff, 0xff, 0xff, 0xff, 0xff, 0xff, 0xff, 0xff, 0xff, 0xff, 0xff, 0xff, 0xff, 0xff,
        0xff, 0xff, 0xff, 0xff, 0xff, 0xff, 0xff, 0xff, 0xff, 0xff, 0xff, 0xff, 0xff, 0xff, 0xff, 0xff,
        0xff, 0xff, 0xff, 0xff, 0xff, 0xff, 0xff, 0xff, 0xff, 0xff, 0xff, 0xff, 0xff, 0xff, 0xff, 0xff,
        0xff, 0xff, 0xff, 0xff, 0xff, 0xff, 0xff, 0xff, 0xff, 0xff, 0xff, 0xff, 0xff, 0xff, 0xff, 0xff,
        0xff, 0xff, 0xff, 0xff, 0xff, 0xff, 0xff, 0xff, 0xff, 0xff, 0xff, 0xff, 0xff, 0xff, 0xff, 0xff,
        0xff, 0xff, 0xff, 0xff, 0xff, 0xff, 0xff, 0xff, 0xff, 0xff, 0xff, 0xff, 0xff, 0xff, 0xff, 0xff,
        0xff, 0xff, 0xff, 0xff, 0xff, 0xff, 0xff, 0xff, 0xff, 0xff, 0xff, 0xff, 0xff, 0xff, 0xff, 0xff,
        0xff, 0xff, 0xff, 0xff, 0xff, 0xff, 0xff, 0xff, 0xff, 0xff, 0xff, 0xff, 0xff, 0xff, 0xff, 0xff,
        0xff, 0xff, 0xff, 0xff, 0xff, 0xff, 0xff, 0xff, 0xff, 0xff, 0xff, 0xff, 0xff, 0xff, 0xff, 0xff,
        0xff, 0xff, 0xff, 0xff, 0xff, 0xff, 0xff, 0xff, 0xff, 0xff, 0xff, 0xff, 0xff, 0xff, 0xff, 0xff,
        0xff, 0xff, 0xff, 0xff, 0xff, 0xff, 0xff, 0xff, 0xff, 0xff, 0xff, 0xff, 0xff, 0xff, 0xff, 0xff,
        0xff, 0xff, 0xff, 0xff, 0xff, 0xff, 0xff, 0xff, 0xff, 0xff, 0xff, 0xff, 0xff, 0xff, 0xff, 0xff,
        0xff, 0xff, 0xff, 0xff, 0xff, 0xff, 0xff, 0xff, 0xff, 0xff, 0xff, 0xff, 0xff, 0xff, 0xff, 0xff,
        0xff, 0xff, 0xff, 0xff, 0xff, 0xff, 0xff, 0xff, 0xff, 0xff, 0xff, 0xff, 0xff, 0xff, 0xff, 0xff,
        0xff, 0xff, 0xff, 0xff, 0xff, 0xff, 0xff, 0xff, 0xff, 0xff, 0xff, 0xff, 0xff, 0xff, 0xff, 0xff,
        0xff, 0xff, 0xff, 0xff, 0xff, 0xff, 0xff, 0xff, 0xff, 0xff, 0xff, 0xff, 0xff, 0xff, 0xff, 0xff,
        0xff, 0xff, 0xff, 0xff, 0xff, 0xff, 0x0f, 0x01, 0x4f, 0x01, 0xff, 0xff, 0xff, 0xff, 0xa3, 0x00,
        0x63, 0x01, 0x78, 0x01, 0xff, 0xff, 0xff, 0xff, 0xff, 0xff, 0xff, 0xff, 0xff, 0xff, 0x77, 0x01,
        0xff, 0xff, 0xff, 0xff, 0xff, 0xff, 0xff, 0xff, 0xff, 0xff, 0xff, 0xff, 0xff, 0xff, 0xff, 0xff,
        0xff, 0xff, 0x69, 0x01, 0xff, 0xff, 0xff, 0xff, 0xff, 0xff, 0xff, 0xff, 0xff, 0xff, 0x29, 0x00,
        0xff, 0xff, 0xff, 0xff, 0xff, 0xff, 0xff, 0xff, 0xf0, 0x00, 0xff, 0xff, 0xff, 0xff, 0x3c, 0x00,
        0xff, 0xff, 0xff, 0xff, 0xff, 0xff, 0x6e, 0x01, 0x6b, 0x01, 0xff, 0xff, 0x6c, 0x01, 0xba, 0x00,
        0xb8, 0x00, 0x67, 0x01, 0x7b, 0x01, 0x6a, 0x01, 0x91, 0x01, 0x3b, 0x00, 0x63, 0x01, 0xf7, 0x00,
        0x1d, 0x01, 0xff, 0xff, 0xc5, 0x00, 0x08, 0x01, 0x77, 0x01, 0x78, 0x01, 0xdf, 0x00, 0x26, 0x00,
        0x5c, 0x00, 0xff, 0xff, 0xff, 0xff, 0xff, 0xff, 0x9d, 0x01, 0x59, 0x00, 0x04, 0x00, 0x63, 0x01,
        0xa5, 0x01, 0xff, 0xff, 0x95, 0x01, 0x4b, 0x00, 0x41, 0x01, 0x77, 0x01, 0x0e, 0x01, 0xa6, 0x00,
        0xb0, 0x00, 0xdd, 0x00, 0x96, 0x01, 0x36, 0x01, 0xff, 0xff, 0xff, 0xff, 0xff, 0xff, 0x6e, 0x01,
        0xff, 0xff, 0xff, 0xff, 0x32, 0x01, 0x8e, 0x00, 0x47, 0x00, 0xf0, 0x00, 0x41, 0x01, 0x77, 0x01,
        0xbc, 0x00, 0x79, 0x01, 0x0c, 0x00, 0xff, 0xff, 0xff, 0xff, 0xff, 0xff, 0xac, 0x00, 0xd0, 0x00,
        0x77, 0x01, 0xb2, 0x00, 0x89, 0x00, 0x7d, 0x01, 0xc1, 0x00, 0x20, 0x00, 0xff, 0xff, 0xff, 0xff,
        0xff, 0xff, 0x87, 0x00, 0x6e, 0x01, 0x86, 0x00, 0x16, 0x01, 0xff, 0xff, 0x95, 0x01, 0xff, 0xff,
        0x76, 0x00, 0x64, 0x01, 0x47, 0x01, 0x75, 0x01, 0x86, 0x00, 0x96, 0x00, 0xc5, 0x00, 0xc3, 0x00,
        0x49, 0x01, 0x75, 0x01, 0x8e, 0x01, 0x8b, 0x01, 0x7d, 0x01, 0x9d, 0x01, 0x56, 0x00, 0x14, 0x01,
        0x06, 0x01, 0x27, 0x00, 0x63, 0x01, 0x76, 0x00, 0x49, 0x01, 0x28, 0x01, 0x3e, 0x01, 0x0e, 0x01,
        0xb0, 0x00, 0x23, 0x01, 0xff, 0xff, 0xff, 0xff, 0xa7, 0x00, 0x05, 0x01, 0x46, 0x01, 0x36, 0x01,
        0x74, 0x01, 0xf4, 0x00, 0x47, 0x01, 0xff, 0xff, 0xcf, 0x00, 0x78, 0x01, 0x46, 0x00, 0x7d, 0x01,
        0xd1, 0x00, 0x96, 0x00, 0xe6, 0x00, 0x69, 0x01, 0x7c, 0x01, 0xff, 0xff, 0xff, 0xff, 0x24, 0x00,
        0x5c, 0x00, 0xb0, 0x00, 0xb2, 0x00, 0xff, 0xff, 0xc1, 0x00, 0xff, 0xff, 0x89, 0x00, 0xff, 0xff,
        0xff, 0xff, 0xff, 0xff, 0xff, 0xff, 0x11, 0x01, 0xff, 0xff, 0x17, 0x00, 0xb5, 0x00, 0x6c, 0x00,
        0xc9, 0x00, 0xff, 0xff, 0x6d, 0x00, 0x43, 0x01, 0xff, 0xff, 0xff, 0xff, 0xc9, 0x00, 0xc7, 0x00,
        0x11, 0x01, 0x34, 0x01, 0xb2, 0x00, 0xff, 0xff, 0x5d, 0x01, 0xa1, 0x00, 0x4d, 0x00, 0x91, 0x01,
        0x52, 0x01, 0xff, 0xff, 0xff, 0xff, 0x13, 0x00, 0x88, 0x00, 0x4b, 0x00, 0x6a, 0x00, 0x26, 0x00,
        0xff, 0xff, 0x0c, 0x01, 0x91, 0x00, 0xbe, 0x00, 0x6b, 0x01, 0xff, 0xff, 0xdb, 0x00, 0x69, 0x01,
        0xff, 0xff, 0x0d, 0x00, 0x8e, 0x00, 0x41, 0x01, 0xff, 0xff, 0x6a, 0x00, 0xff, 0xff, 0x7c, 0x01,
        0x6b, 0x01, 0x07, 0x01, 0xfd, 0x00, 0x45, 0x00, 0x60, 0x00, 0xc1, 0x00, 0x07, 0x01, 0x07, 0x01,
        0x49, 0x01, 0x06, 0x00, 0x63, 0x00, 0x32, 0x00, 0x6f, 0x01, 0xad, 0x00, 0xff, 0xff, 0xff, 0xff,
        0x30, 0x01, 0x46, 0x00, 0xb2, 0x00, 0x82, 0x00, 0x54, 0x01, 0xfe, 0x00, 0x43, 0x00, 0x1f, 0x01,
        0x52, 0x00, 0x0b, 0x01, 0x77, 0x01, 0x9d, 0x01, 0x20, 0x01, 0x8b, 0x00, 0xff, 0xff, 0x27, 0x00,
        0x28, 0x00, 0x64, 0x01, 0xff, 0xff, 0xc3, 0x00, 0x42, 0x00, 0xb8, 0x00, 0x95, 0x00, 0x41, 0x01,
        0x68, 0x01, 0x83, 0x01, 0xff, 0xff, 0xff, 0xff, 0x96, 0x01, 0x8c, 0x01, 0x8b, 0x00, 0xa0, 0x01,
        0x2b, 0x00, 0x69, 0x01, 0xb2, 0x00, 0xff, 0xff, 0x27, 0x00, 0x64, 0x01, 0x8b, 0x00, 0xff, 0xff,
        0x89, 0x00, 0xff, 0xff, 0x5a, 0x00, 0x2a, 0x00, 0x0c, 0x00, 0x8e, 0x00, 0xff, 0xff, 0x05, 0x00,
        0xb5, 0x00, 0xa4, 0x00, 0xff, 0xff, 0x65, 0x01, 0x11, 0x00, 0x95, 0x00, 0xb0, 0x00, 0x6a, 0x01,
        0x06, 0x00, 0x74, 0x01, 0xc2, 0x00, 0x0a, 0x00, 0x52, 0x00, 0xbe, 0x00, 0xff, 0xff, 0xff, 0xff,
        0x24, 0x00, 0xf0, 0x00, 0x6f, 0x01, 0x7c, 0x00, 0x7d, 0x01, 0xff, 0xff, 0x71, 0x00, 0x77, 0x01,
        0x6f, 0x01, 0x6a, 0x00, 0xbd, 0x00, 0x4e, 0x01, 0xaf, 0x00, 0x34, 0x01, 0xff, 0xff, 0x44, 0x01,
        0x75, 0x01, 0x66, 0x01, 0xa0, 0x01, 0xff, 0xff, 0x12, 0x01, 0x78, 0x01, 0x64, 0x01, 0x93, 0x01,
        0x8a, 0x00, 0x81, 0x00, 0xaa, 0x00, 0x77, 0x01, 0x9c, 0x00, 0x60, 0x00, 0x0c, 0x01, 0x01, 0x00,
        0xff, 0xff, 0x9c, 0x00, 0x2a, 0x00, 0x69, 0x01, 0x2a, 0x00, 0x5e, 0x01, 0xff, 0xff, 0xff, 0xff,
        0x84, 0x00, 0x41, 0x01, 0x7c, 0x01, 0xff, 0xff, 0x96, 0x00, 0x8e, 0x01, 0x6e, 0x01, 0x34, 0x01,
        0xff, 0xff, 0x37, 0x01, 0xa7, 0x00, 0x3a, 0x01, 0x79, 0x00, 0x62, 0x00, 0x73, 0x01, 0x0f, 0x01,
        0x32, 0x01, 0x82, 0x00, 0x64, 0x01, 0x58, 0x00, 0xf8, 0x00, 0x3c, 0x00, 0x59, 0x00, 0x6a, 0x00,
        0x04, 0x00, 0x60, 0x00, 0xde, 0x00, 0x70, 0x01, 0x7c, 0x01, 0x82, 0x00, 0xff, 0xff, 0x25, 0x00,
        0x73, 0x00, 0x3e, 0x85, 0x82, 0x00, 0xb2, 0x00, 0x57, 0x00, 0x68, 0x01, 0x04, 0x01, 0xff, 0xff,
        0x3e, 0x01, 0xff, 0xff, 0xff, 0xff, 0xaf, 0x00, 0xb8, 0x00, 0x77, 0x01, 0x80, 0x00, 0xff, 0xff,
        0x6e, 0x01, 0x10, 0x01, 0x56, 0x00, 0xff, 0xff, 0xff, 0xff, 0x71, 0x01, 0xff, 0xff, 0xff, 0xff,
        0xff, 0xff, 0xff, 0xff, 0xe7, 0x00, 0x5e, 0x01, 0x69, 0x01, 0x4e, 0x01, 0x7f, 0x00, 0x58, 0x01,
        0xe7, 0x00, 0xe7, 0x00, 0x78, 0x01, 0x91, 0x01, 0xff, 0xff, 0xff, 0xff, 0xff, 0xff, 0xff, 0xff,
        0xff, 0xff, 0x5b, 0x01, 0x35, 0x01, 0xf0, 0x00, 0x76, 0x01, 0x06, 0x01, 0x54, 0x01, 0x76, 0x00,
        0x96, 0x00, 0x4b, 0x00, 0x87, 0x00, 0xbe, 0x00, 0x93, 0x00, 0x88, 0x00, 0xb9, 0x00, 0xff, 0xff,
        0x4f, 0x01, 0xc0, 0x00, 0xff, 0xff, 0xff, 0xff, 0xff, 0xff, 0xff, 0xff, 0xff, 0xff, 0xff, 0xff,
        0x66, 0x00, 0x73, 0x01, 0x34, 0x01, 0x70, 0x01, 0xfb, 0x00, 0x30, 0x00, 0xea, 0x00, 0x51, 0x00,
        0x86, 0x01, 0x52, 0x00, 0x69, 0x01, 0x7c, 0x01, 0x52, 0x00, 0x33, 0x01, 0x5f, 0x01, 0xa2, 0x00,
        0x81, 0x00, 0x66, 0x00, 0x65, 0x01, 0xc7, 0x00, 0xc3, 0x00, 0x89, 0x00, 0x80, 0x00, 0x93, 0x01,
        0xff, 0xff, 0xff, 0xff, 0x5b, 0x01, 0xff, 0xff, 0x06, 0x00, 0x01, 0x00, 0x9b, 0x01, 0x08, 0x01,
        0x6b, 0x00, 0x3c, 0x00, 0x0a, 0x00, 0x14, 0x00, 0x2a, 0x00, 0xb2, 0x00, 0x68, 0x01, 0x6d, 0x01,
        0xff, 0xff, 0xff, 0xff, 0xff, 0xff, 0xff, 0xff, 0xff, 0xff, 0x7f, 0x00, 0x4e, 0x01, 0x35, 0x00,
        0xa9, 0x00, 0xae, 0x00, 0x93, 0x01, 0x69, 0x01, 0x64, 0x01, 0xff, 0xff, 0x0b, 0x01, 0x8a, 0x01,
        0x64, 0x01, 0xff, 0xff, 0xff, 0xff, 0x33, 0x00, 0x89, 0x00, 0x88, 0x00, 0x46, 0x01, 0x73, 0x01,
        0x6e, 0x01, 0x03, 0x01, 0x24, 0x01, 0xff, 0xff, 0xff, 0xff, 0xff, 0xff, 0x73, 0x00, 0x76, 0x01,
        0x67, 0x01, 0x70, 0x01, 0x79, 0x00, 0xa5, 0x01, 0x77, 0x01, 0x32, 0x00, 0xff, 0xff, 0xb1, 0x00,
        0x66, 0x01, 0x47, 0x01, 0x1b, 0x01, 0x77, 0x01, 0x93, 0x01, 0x64, 0x01, 0x66, 0x01, 0x93, 0x00,
        0x89, 0x00, 0x76, 0x00, 0xff, 0xff, 0xf9, 0x00, 0xb2, 0x00, 0xff, 0xff, 0xac, 0x00, 0x24, 0x01,
        0x76, 0x00, 0x73, 0x01, 0x10, 0x01, 0xff, 0xff, 0x73, 0x01, 0x76, 0x00, 0x99, 0x00, 0x27, 0x00,
        0xe7, 0x00, 0x88, 0x00, 0xff, 0xff, 0x0d, 0x00, 0x65, 0x01, 0x60, 0x01, 0x6f, 0x01, 0x5c, 0x01,
        0x7c, 0x01, 0x0c, 0x01, 0x6e, 0x01, 0xe7, 0x00, 0x0d, 0x00, 0x78, 0x00, 0x90, 0x00, 0x04, 0x00,
        0x04, 0x00, 0xff, 0xff, 0xff, 0xff, 0x91, 0x01, 0x48, 0x01, 0x93, 0x00, 0xff, 0xff, 0xa5, 0x01,
        0x15, 0x00, 0x8e, 0x00, 0x01, 0x00, 0x84, 0x01, 0x32, 0x00, 0x57, 0x00, 0xff, 0xff, 0xff, 0xff,
        0xff, 0xff, 0xff, 0xff, 0xe7, 0x00, 0xba, 0x00, 0xcb, 0x00, 0x4f, 0x00, 0x08, 0x00, 0x0d, 0x00,
        0x09, 0x00, 0xff, 0xff, 0x2a, 0x00, 0x65, 0x01, 0x4f, 0x01, 0x22, 0x00, 0xff, 0xff, 0xff, 0xff,
        0x51, 0x00, 0x5e, 0x01, 0x60, 0x00, 0x51, 0x00, 0x7d, 0x01, 0x76, 0x01, 0xa7, 0x00, 0x5e, 0x01,
        0xa4, 0x00, 0xff, 0xff, 0x5e, 0x01, 0x75, 0x01, 0xbc, 0x00, 0x6b, 0x01, 0x15, 0x00, 0x27, 0x00,
        0x69, 0x01, 0xe7, 0x00, 0xad, 0x00, 0x77, 0x01, 0x9f, 0x01, 0xc7, 0x00, 0x8d, 0x01, 0x65, 0x01,
        0x72, 0x00, 0x69, 0x01, 0xff, 0xff, 0x89, 0x00, 0xb6, 0x00, 0x77, 0x01, 0x89, 0x00, 0x78, 0x01,
        0xff, 0xff, 0x3a, 0x00, 0x77, 0x01, 0x69, 0x01, 0x78, 0x00, 0x7b, 0x01, 0x99, 0x00, 0x21, 0x00,
        0x47, 0x01, 0x49, 0x01, 0x93, 0x01, 0x09, 0x00, 0xcd, 0x00, 0xa7, 0x00, 0x21, 0x00, 0xb0, 0x00,
        0xff, 0xff, 0x64, 0x01, 0xff, 0xff, 0x64, 0x01, 0x0a, 0x01, 0xdc, 0x00, 0x80, 0x01, 0xff, 0xff,
        0xbc, 0x00, 0x60, 0x00, 0x9f, 0x01, 0xff, 0xff, 0x6c, 0x00, 0x98, 0x00, 0x46, 0x00, 0x82, 0x00,
        0xa7, 0x00, 0xff, 0xff, 0x65, 0x00, 0x4a, 0x01, 0xff, 0xff, 0x2d, 0x01, 0xab, 0x00, 0xe7, 0x00,
        0x60, 0x00, 0x65, 0x00, 0x0b, 0x01, 0x07, 0x00, 0x8a, 0x00, 0xa0, 0x00, 0x64, 0x01, 0x7d, 0x01,
        0x9b, 0x01, 0x32, 0x01, 0x31, 0x00, 0x68, 0x01, 0x89, 0x00, 0xed, 0x00, 0x68, 0x01, 0x77, 0x01,
        0x7d, 0x01, 0x77, 0x01, 0x73, 0x01, 0x32, 0x01, 0x14, 0x01, 0x78, 0x00, 0x23, 0x01, 0x96, 0x00,
        0x7c, 0x01, 0xff, 0xff, 0x6a, 0x01, 0xfa, 0x00, 0x0f, 0x01, 0x21, 0x00, 0xff, 0xff, 0x15, 0x00,
        0x4b, 0x00, 0x3e, 0x01, 0x56, 0x00, 0xff, 0xff, 0xc9, 0x00, 0x80, 0x01, 0x89, 0x00, 0xff, 0xff,
        0x0a, 0x01, 0x6c, 0x01, 0xf9, 0x00, 0x2a, 0x00, 0xfc, 0x00, 0xf0, 0x00, 0x8e, 0x00, 0x77, 0x01,
        0x56, 0x00, 0x51, 0x00, 0xff, 0xff, 0xff, 0xff, 0xff, 0xff, 0x51, 0x00, 0xff, 0xff, 0xff, 0xff,
        0x0b, 0x01, 0xc2, 0x00, 0x0f, 0x01, 0x40, 0x01, 0x18, 0x00, 0x4c, 0x00, 0x64, 0x01, 0x5c, 0x00,
        0x77, 0x01, 0x45, 0x01, 0x0b, 0x01, 0x03, 0x01, 0x6a, 0x01, 0x53, 0x01, 0x6a, 0x01, 0x7c, 0x01,
        0x0a, 0x00, 0xbc, 0x00, 0xff, 0xff, 0xff, 0xff, 0xff, 0xff, 0xff, 0xff, 0x80, 0x01, 0xb2, 0x00,
        0x46, 0x01, 0xac, 0x00, 0xc7, 0x00, 0x09, 0x01, 0x95, 0x01, 0x73, 0x01, 0x64, 0x01, 0xbe, 0x00,
        0x64, 0x01, 0x27, 0x01, 0x58, 0x00, 0xff, 0xff, 0x5e, 0x01, 0x57, 0x00, 0x77, 0x01, 0xdd, 0x00,
        0x26, 0x00, 0x48, 0x01, 0x89, 0x00, 0x36, 0x01, 0xfe, 0x00, 0x02, 0x00, 0xa3, 0x00, 0x1f, 0x00,
        0xff, 0xff, 0x66, 0x01, 0x93, 0x01, 0xff, 0xff, 0xff, 0xff, 0x5c, 0x00, 0xb4, 0x00, 0x71, 0x01,
        0x6e, 0x01, 0xce, 0x00, 0x86, 0x00, 0xd7, 0x00, 0x7b, 0x01, 0x8c, 0x01, 0x77, 0x01, 0xec, 0x00,
        0x49, 0x01, 0x64, 0x01, 0x80, 0x01, 0x36, 0x01, 0x60, 0x00, 0x77, 0x01, 0x3a, 0x00, 0xff, 0xff,
        0xb4, 0x00, 0x1a, 0x00, 0x18, 0x00, 0x93, 0x00, 0xbe, 0x00, 0x41, 0x01, 0xe0, 0x00, 0x04, 0x00,
        0x02, 0x00, 0x08, 0x01, 0xff, 0xff, 0x37, 0x00, 0x33, 0x00, 0xff, 0xff, 0x14, 0x01, 0xe4, 0x00,
        0xc6, 0x00, 0x6a, 0x01, 0x7f, 0x01, 0xda, 0x00, 0x04, 0x00, 0x32, 0x01, 0xc5, 0x00, 0xff, 0xff,
        0xff, 0xff, 0xac, 0x00, 0x64, 0x01, 0x7f, 0x01, 0x93, 0x01, 0x60, 0x01, 0x83, 0x00, 0xcd, 0x00,
        0xe6, 0x00, 0x5c, 0x01, 0xce, 0x00, 0xe7, 0x00, 0x10, 0x01, 0x83, 0x01, 0xb4, 0x00, 0x93, 0x01,
        0x9e, 0x01, 0x75, 0x00, 0x6e, 0x01, 0x78, 0x00, 0x6f, 0x01, 0x93, 0x01, 0xcf, 0x00, 0x30, 0x00,
        0x6b, 0x00, 0xff, 0xff, 0x30, 0x00, 0xbf, 0x00, 0x96, 0x01, 0x35, 0x01, 0xb6, 0x00, 0x92, 0x00,
        0x69, 0x01, 0x49, 0x00, 0x8e, 0x00, 0x1b, 0x01, 0xc8, 0x00, 0xff, 0xff, 0x9c, 0x00, 0x75, 0x01,
        0xe9, 0x00, 0x77, 0x01, 0xad, 0x00, 0x7b, 0x01, 0x78, 0x01, 0x73, 0x01, 0x41, 0x01, 0xff, 0xff,
        0xb8, 0x00, 0x72, 0x01, 0xc9, 0x00, 0xd3, 0x00, 0xa3, 0x01, 0x7d, 0x01, 0x77, 0x01, 0x6b, 0x00,
        0xce, 0x00, 0x96, 0x00, 0x5f, 0x01, 0xff, 0xff, 0x9a, 0x00, 0x45, 0x00, 0xbc, 0x00, 0xff, 0xff,
        0x6b, 0x01, 0x37, 0x00, 0x0a, 0x01, 0xcf, 0x00, 0xcd, 0x00, 0x0c, 0x01, 0xff, 0xff, 0x5c, 0x01,
        0x3f, 0x00, 0x01, 0x00, 0xff, 0xff, 0x0e, 0x00, 0xec, 0x00, 0xb4, 0x00, 0x8f, 0x00, 0x7d, 0x01,
        0x2f, 0x00, 0xa5, 0x01, 0x14, 0x00, 0x86, 0x00, 0x75, 0x01, 0x57, 0x01, 0x89, 0x00, 0x02, 0x00,
        0xc1, 0x00, 0x89, 0x00, 0x5e, 0x01, 0x14, 0x00, 0x81, 0x01, 0x6e, 0x01, 0xe4, 0x00, 0x80, 0x01,
        0xff, 0xff, 0x05, 0x00, 0x8f, 0x01, 0x93, 0x00, 0x5e, 0x01, 0x69, 0x01, 0x06, 0x01, 0x77, 0x01,
        0x69, 0x01, 0x32, 0x00, 0x0f, 0x01, 0x4d, 0x00, 0xe6, 0x00, 0x06, 0x01, 0x89, 0x00, 0x57, 0x01,
        0xff, 0xff, 0x3f, 0x01, 0x45, 0x00, 0xae, 0x00, 0x8c, 0x01, 0xff, 0xff, 0xff, 0xff, 0x78, 0x01,
        0x1d, 0x00, 0x89, 0x00, 0x86, 0x00, 0x9e, 0x01, 0xac, 0x00, 0xdd, 0x00, 0x93, 0x00, 0x0c, 0x01,
        0x3b, 0x00, 0xff, 0xff, 0x8e, 0x00, 0x6e, 0x01, 0x33, 0x00, 0x7b, 0x01, 0x4c, 0x00, 0x27, 0x00,
        0xff, 0xff, 0xd2, 0x00, 0x85, 0x00, 0x43, 0x01, 0x9c, 0x00, 0xa1, 0x01, 0x78, 0x00, 0x26, 0x00,
        0x70, 0x01, 0xe3, 0x00, 0x27, 0x00, 0xb4, 0x00, 0x02, 0x00, 0xd7, 0x00, 0x3e, 0x01, 0x67, 0x01,
        0x74, 0x01, 0x82, 0x00, 0x39, 0x00, 0x0f, 0x01, 0xae, 0x00, 0x60, 0x00, 0x4f, 0x00, 0xc8, 0x00,
        0xad, 0x00, 0x59, 0x01, 0x76, 0x00, 0xc8, 0x00, 0x14, 0x00, 0x13, 0x01, 0x06, 0x01, 0x76, 0x00,
        0xff, 0xff, 0xbc, 0x00, 0x12, 0x00, 0x50, 0x01, 0x86, 0x01, 0x06, 0x01, 0x83, 0x01, 0xce, 0x00,
        0xfa, 0x00, 0x8c, 0x01, 0x67, 0x01, 0x64, 0x00, 0xff, 0xff, 0x06, 0x01, 0xff, 0xff, 0xbe, 0x00,
        0xff, 0xff, 0x80, 0x01, 0x52, 0x00, 0x4e, 0x00, 0xd2, 0x00, 0x5e, 0x01, 0x11, 0x01, 0x40, 0x01,
        0xd2, 0x00, 0x55, 0x01, 0xff, 0xff, 0xd3, 0x00, 0x75, 0x01, 0x95, 0x00, 0xb2, 0x00, 0xa4, 0x00,
        0x64, 0x00, 0x7e, 0x01, 0x3a, 0x00, 0xff, 0xff, 0xae, 0x00, 0xbd, 0x00, 0x08, 0x01, 0x04, 0x00,
        0x10, 0x00, 0x7b, 0x01, 0xc8, 0x00, 0x3e, 0x00, 0xff, 0xff, 0x04, 0x00, 0xff, 0xff, 0x64, 0x01,
        0x60, 0x00, 0x3c, 0x00, 0x92, 0x00, 0x21, 0x01, 0x53, 0x01, 0x10, 0x01, 0x52, 0x00, 0x06, 0x01,
        0x89, 0x00, 0x89, 0x00, 0x82, 0x00, 0x8d, 0x00, 0xa3, 0x01, 0x10, 0x00, 0xcd, 0x00, 0x06, 0x00,
        0x5e, 0x01, 0x77, 0x01, 0x04, 0x00, 0x7d, 0x01, 0x78, 0x00, 0x4f, 0x00, 0x61, 0x01, 0xe3, 0x00,
        0x36, 0x00, 0xff, 0xff, 0xb2, 0x00, 0xbe, 0x00, 0xe6, 0x00, 0x83, 0x00, 0xb2, 0x00, 0xff, 0xff,
        0xc2, 0x00, 0x5c, 0x00, 0xce, 0x00, 0x7d, 0x01, 0xff, 0xff, 0x93, 0x00, 0xff, 0xff, 0xff, 0xff,
        0x8c, 0x01, 0xfc, 0x00, 0x77, 0x01, 0xff, 0xff, 0x89, 0x00, 0x0d, 0x00, 0xff, 0xff, 0x18, 0x01,
        0x85, 0x00, 0x58, 0x00, 0x66, 0x00, 0xa2, 0x00, 0x8e, 0x00, 0x2b, 0x01, 0xff, 0xff, 0x3e, 0x01,
        0x53, 0x01, 0x7e, 0x01, 0x9e, 0x01, 0x0d, 0x00, 0xa3, 0x00, 0xb2, 0x00, 0x85, 0x00, 0x71, 0x01,
        0xf0, 0x00, 0xff, 0xff, 0x8f, 0x01, 0x5f, 0x01, 0x66, 0x01, 0x07, 0x01, 0x76, 0x01, 0xc9, 0x00,
        0xff, 0xff, 0xff, 0xff, 0x36, 0x01, 0xff, 0xff, 0x0a, 0x01, 0x9c, 0x01, 0xa8, 0x00, 0x63, 0x01,
        0x79, 0x01, 0x2e, 0x00, 0x4e, 0x01, 0xb4, 0x00, 0x0d, 0x00, 0x6b, 0x00, 0xc8, 0x00, 0x69, 0x01,
        0x5c, 0x00, 0xbd, 0x00, 0x85, 0x01, 0x92, 0x01, 0x2a, 0x00, 0xc7, 0x00, 0xbc, 0x00, 0xff, 0xff,
        0x78, 0x01, 0x01, 0x01, 0x92, 0x01, 0x8b, 0x00, 0xbf, 0x00, 0xe7, 0x00, 0x77, 0x01, 0xff, 0xff,
        0x89, 0x00, 0x89, 0x00, 0x8b, 0x01, 0x7d, 0x01, 0x92, 0x00, 0x84, 0x00, 0x93, 0x01, 0xaa, 0x00,
        0xb9, 0x00, 0x93, 0x01, 0x0b, 0x00, 0x8a, 0x01, 0x93, 0x00, 0x3c, 0x00, 0xb6, 0x00, 0x77, 0x01,
        0x8e, 0x01, 0x66, 0x01, 0x27, 0x00, 0x32, 0x00, 0x27, 0x00, 0x73, 0x01, 0xad, 0x00, 0x4c, 0x00,
        0xbc, 0x00, 0x21, 0x00, 0xff, 0xff, 0x57, 0x01, 0x1f, 0x00, 0x01, 0x00, 0x27, 0x00, 0xff, 0xff,
        0x79, 0x01, 0x8f, 0x01, 0x54, 0x01, 0xff, 0xff, 0x57, 0x01, 0x1f, 0x00, 0x75, 0x01, 0x9f, 0x01,
        0xff, 0xff, 0xf7, 0x00, 0x0a, 0x01, 0xb4, 0x00, 0x0c, 0x01, 0xbe, 0x00, 0x73, 0x01, 0x9a, 0x00,
        0x41, 0x01, 0x77, 0x01, 0x21, 0x00, 0x91, 0x00, 0x8c, 0x00, 0xff, 0xff, 0x90, 0x00, 0xff, 0xff,
        0x4b, 0x00, 0xff, 0xff, 0x94, 0x00, 0x76, 0x00, 0x43, 0x00, 0xff, 0xff, 0xff, 0xff, 0x7f, 0x00,
        0xff, 0xff, 0x27, 0x00, 0x46, 0x00, 0x0d, 0x00, 0xff, 0xff, 0x71, 0x01, 0xbe, 0x00, 0xff, 0xff,
        0x69, 0x01, 0x0d, 0x00, 0xff, 0xff, 0x0d, 0x00, 0xff, 0xff, 0x66, 0x01, 0x20, 0x01, 0x11, 0x00,
        0x56, 0x00, 0x94, 0x00, 0xff, 0xff, 0x91, 0x01, 0x0a, 0x00, 0x52, 0x00, 0x7d, 0x01, 0x10, 0x01,
        0x83, 0x01, 0xce, 0x00, 0x77, 0x01, 0x3e, 0x01, 0xff, 0xff, 0xff, 0xff, 0xff, 0xff, 0x2d, 0x01,
        0x47, 0x01, 0xd7, 0x00, 0x90, 0x00, 0x0e, 0x00, 0x1b, 0x01, 0x1e, 0x00, 0x18, 0x00, 0x49, 0x00,
        0xff, 0xff, 0xff, 0xff, 0xff, 0xff, 0xff, 0xff, 0x43, 0x00, 0x53, 0x01, 0x46, 0x01, 0x6b, 0x01,
        0x3f, 0x01, 0x51, 0x00, 0x64, 0x01, 0x4a, 0x01, 0xff, 0xff, 0x4e, 0x01, 0x2d, 0x01, 0x8b, 0x00,
        0x93, 0x01, 0x5e, 0x01, 0x78, 0x01, 0xff, 0xff, 0xff, 0xff, 0x84, 0x00, 0x94, 0x01, 0x06, 0x01,
        0x9f, 0x01, 0xff, 0xff, 0x69, 0x01, 0x69, 0x01, 0x86, 0x01, 0x5e, 0x01, 0xff, 0xff, 0xff, 0xff,
        0x46, 0x01, 0x8c, 0x01, 0xe9, 0x00, 0xff, 0xff, 0xff, 0xff, 0x6a, 0x01, 0x77, 0x01, 0x18, 0x01,
        0x36, 0x01, 0x1f, 0x00, 0x9d, 0x01, 0xff, 0xff, 0xcf, 0x00, 0x89, 0x00, 0x59, 0x00, 0xfa, 0x00,
        0x01, 0x00, 0x58, 0x00, 0x04, 0x00, 0x0c, 0x01, 0x07, 0x01, 0x68, 0x01, 0x5b, 0x00, 0x63, 0x00,
        0x0a, 0x01, 0x66, 0x00, 0x53, 0x01, 0x21, 0x00, 0x7c, 0x01, 0x65, 0x00, 0x0b, 0x00, 0x60, 0x00,
        0x2a, 0x00, 0x96, 0x01, 0xff, 0xff, 0x95, 0x01, 0xff, 0xff, 0x77, 0x00, 0xe8, 0x00, 0x95, 0x00,
        0x28, 0x00, 0x1f, 0x00, 0xa0, 0x00, 0xb7, 0x00, 0xb2, 0x00, 0x7d, 0x01, 0xff, 0xff, 0x7d, 0x01,
        0x75, 0x00, 0xb2, 0x00, 0x80, 0x00, 0x6a, 0x00, 0x9c, 0x00, 0x7e, 0x01, 0x3f, 0x00, 0x86, 0x00,
        0xff, 0xff, 0x70, 0x00, 0x91, 0x00, 0xa5, 0x01, 0x60, 0x00, 0x0b, 0x01, 0x0a, 0x00, 0x24, 0x00,
        0x32, 0x00, 0xc8, 0x00, 0x76, 0x00, 0x64, 0x01, 0x0f, 0x01, 0x85, 0x00, 0xff, 0xff, 0xff, 0xff,
        0x29, 0x00, 0x25, 0x01, 0x73, 0x01, 0x93, 0x01, 0x3f, 0x00, 0x4b, 0x01, 0xcc, 0x00, 0xb9, 0x00,
        0x35, 0x01, 0x57, 0x01, 0x18, 0x00, 0x47, 0x00, 0x24, 0x00, 0xfc, 0x00, 0x77, 0x01, 0x93, 0x00,
        0x89, 0x00, 0xab, 0x00, 0x4f, 0x01, 0x7e, 0x01, 0xff, 0xff, 0x17, 0x00, 0x06, 0x01, 0x7d, 0x01,
        0xb4, 0x00, 0x33, 0x00, 0xff, 0xff, 0xff, 0xff, 0xff, 0xff, 0x7d, 0x01, 0x89, 0x00, 0x5e, 0x01,
        0xce, 0x00, 0x43, 0x01, 0x69, 0x01, 0x6e, 0x01, 0x27, 0x00, 0x0f, 0x01, 0x86, 0x00, 0xff, 0xff,
        0x7d, 0x01, 0x0b, 0x01, 0x3c, 0x01, 0x3b, 0x01, 0x51, 0x00, 0xbd, 0x00, 0xff, 0xff, 0xf8, 0x00,
        0x47, 0x01, 0x95, 0x01, 0x78, 0x01, 0x27, 0x01, 0x5a, 0x00, 0x25, 0x00, 0x7e, 0x01, 0x77, 0x01,
        0x87, 0x00, 0x28, 0x01, 0x76, 0x01, 0xd2, 0x00, 0x5b, 0x00, 0x79, 0x00, 0xff, 0xff, 0x78, 0x01,
        0x1b, 0x00, 0xe3, 0x00, 0x04, 0x00, 0x5c, 0x00, 0xb4, 0x00, 0x22, 0x00, 0x21, 0x00, 0xc5, 0x00,
        0x47, 0x00, 0x81, 0x00, 0xbe, 0x00, 0xff, 0xff, 0x77, 0x01, 0x82, 0x00, 0x8a, 0x01, 0x81, 0x00,
        0x52, 0x00, 0x88, 0x00, 0x44, 0x01, 0xe3, 0x00, 0x66, 0x01, 0xb2, 0x00, 0x66, 0x01, 0x73, 0x01,
        0xbc, 0x00, 0xcc, 0x00, 0x8f, 0x00, 0x89, 0x00, 0xff, 0xff, 0x0e, 0x00, 0x7d, 0x01, 0x88, 0x00,
        0xd0, 0x00, 0x29, 0x00, 0xc6, 0x00, 0xff, 0xff, 0xaf, 0x00, 0x8e, 0x00, 0x5e, 0x01, 0x77, 0x01,
        0x6f, 0x01, 0x64, 0x01, 0x18, 0x00, 0xac, 0x00, 0x78, 0x01, 0x69, 0x01, 0x81, 0x01, 0xc1, 0x00,
        0xb9, 0x00, 0x08, 0x01, 0x88, 0x00, 0x8b, 0x00, 0x61, 0x01, 0xff, 0xff, 0xff, 0xff, 0x66, 0x00,
        0x96, 0x01, 0x47, 0x00, 0x7b, 0x01, 0x89, 0x00, 0x74, 0x01, 0x1d, 0x01, 0x64, 0x01, 0x3a, 0x01,
        0x7d, 0x01, 0x77, 0x01, 0x08, 0x01, 0x89, 0x00, 0x10, 0x01, 0x4f, 0x01, 0x35, 0x01, 0x08, 0x01,
        0xd7, 0x00, 0x8f, 0x00, 0xc9, 0x00, 0x78, 0x01, 0x62, 0x00, 0x03, 0x01, 0x6f, 0x01, 0xc9, 0x00,
        0x59, 0x00, 0x72, 0x01, 0x64, 0x00, 0x3f, 0x01, 0x86, 0x00, 0x7d, 0x01, 0x6d, 0x00, 0x6e, 0x00,
        0xba, 0x00, 0x52, 0x00, 0x9e, 0x01, 0x9e, 0x01, 0x0d, 0x00, 0x5a, 0x01, 0xff, 0xff, 0xb7, 0x00,
        0xff, 0xff, 0xff, 0xff, 0xa4, 0x00, 0xff, 0xff, 0x75, 0x00, 0x78, 0x01, 0x96, 0x01, 0x28, 0x00,
        0x66, 0x01, 0x6f, 0x01, 0xff, 0xff, 0x0f, 0x01, 0xfa, 0x00, 0x71, 0x00, 0x56, 0x00, 0x6a, 0x00,
        0x0e, 0x01, 0x81, 0x00, 0xae, 0x00, 0xb2, 0x00, 0x25, 0x00, 0x25, 0x01, 0x9d, 0x01, 0x61, 0x01,
        0x04, 0x01, 0x9f, 0x00, 0x58, 0x01, 0xfc, 0x00, 0x4b, 0x01, 0x46, 0x01, 0x9d, 0x01, 0x10, 0x00,
        0x6c, 0x00, 0x81, 0x00, 0xff, 0xff, 0x13, 0x00, 0x93, 0x01, 0x4b, 0x00, 0x4f, 0x00, 0x95, 0x01,
        0xdf, 0x00, 0xb8, 0x00, 0x03, 0x01, 0x89, 0x00, 0xd2, 0x00, 0x5e, 0x01, 0x24, 0x00, 0x6b, 0x00,
        0x08, 0x00, 0x1d, 0x01, 0x48, 0x01, 0x15, 0x00, 0x9f, 0x01, 0xa7, 0x00, 0xae, 0x00, 0x76, 0x00,
        0x79, 0x01, 0x93, 0x01, 0x8e, 0x00, 0x6b, 0x01, 0x69, 0x01, 0x71, 0x01, 0x2d, 0x01, 0x08, 0x01,
        0x69, 0x01, 0x41, 0x01, 0x75, 0x00, 0xce, 0x00, 0x87, 0x00, 0xfd, 0x00, 0xff, 0xff, 0x86, 0x00,
        0xd9, 0x00, 0x3f, 0x01, 0x0b, 0x00, 0x29, 0x00, 0x8e, 0x00, 0x85, 0x00, 0xac, 0x00, 0xff, 0xff,
        0x81, 0x00, 0x4c, 0x00, 0x88, 0x00, 0x72, 0x00, 0x75, 0x01, 0x1b, 0x00, 0x71, 0x00, 0x8b, 0x00,
        0x8b, 0x00, 0x3e, 0x00, 0x8f, 0x00, 0xc5, 0x00, 0x86, 0x00, 0xcf, 0x00, 0x18, 0x00, 0xc3, 0x00,
        0xfd, 0x00, 0x74, 0x01, 0x93, 0x00, 0x93, 0x00, 0x12, 0x01, 0xff, 0xff, 0x08, 0x01, 0x2c, 0x01,
        0xff, 0xff, 0x92, 0x00, 0x88, 0x00, 0x80, 0x01, 0x3a, 0x00, 0x6f, 0x01, 0x68, 0x01, 0x5a, 0x00,
        0x1b, 0x00, 0x76, 0x01, 0xff, 0xff, 0x41, 0x00, 0xff, 0xff, 0x0c, 0x01, 0x86, 0x00, 0x58, 0x01,
        0xff, 0xff, 0x09, 0x01, 0x64, 0x01, 0xe3, 0x00, 0x24, 0x01, 0xcd, 0x00, 0x56, 0x01, 0xac, 0x00,
        0x78, 0x00, 0x32, 0x00, 0x8b, 0x01, 0x04, 0x00, 0xc1, 0x00, 0xd1, 0x00, 0xff, 0xff, 0x60, 0x00,
        0xff, 0xff, 0x69, 0x01, 0x14, 0x00, 0x86, 0x00, 0x0d, 0x01, 0x69, 0x01, 0xff, 0xff, 0xff, 0xff,
        0x14, 0x00, 0x08, 0x01, 0x03, 0x01, 0x8d, 0x00, 0x95, 0x00, 0xa8, 0x00, 0x3f, 0x01, 0x93, 0x00,
        0x52, 0x00, 0xe7, 0x00, 0x08, 0x01, 0x47, 0x00, 0x47, 0x00, 0xff, 0xff, 0x06, 0x01, 0x93, 0x01,
        0x06, 0x01, 0x9b, 0x01, 0xa2, 0x00, 0x7d, 0x01, 0x0c, 0x01, 0xa2, 0x00, 0x79, 0x00, 0x60, 0x00,
        0x69, 0x00, 0x43, 0x00, 0x66, 0x01, 0x71, 0x00, 0x79, 0x00, 0x13, 0x01, 0x76, 0x00, 0x53, 0x01,
        0x14, 0x00, 0x2d, 0x01, 0x0d, 0x00, 0xbe, 0x00, 0x76, 0x01, 0xe3, 0x00, 0x2c, 0x00, 0x25, 0x01,
        0x46, 0x00, 0xbe, 0x00, 0x54, 0x01, 0xb4, 0x00, 0x9c, 0x00, 0x25, 0x01, 0x91, 0x01, 0x2c, 0x00,
        0xb4, 0x00, 0xc9, 0x00, 0xff, 0xff, 0x08, 0x01, 0x98, 0x00, 0x2f, 0x01, 0x68, 0x01, 0x0d, 0x00,
        0x8a, 0x01, 0x78, 0x01, 0x64, 0x01, 0x2d, 0x01, 0x41, 0x01, 0x23, 0x01, 0x20, 0x01, 0x31, 0x00,
        0xbe, 0x00, 0xb9, 0x00, 0x1f, 0x00, 0xff, 0xff, 0x84, 0x00, 0xff, 0xff, 0xff, 0xff, 0x8a, 0x00,
        0x07, 0x00, 0x81, 0x00, 0x4c, 0x00, 0xff, 0xff, 0xbd, 0x00, 0x93, 0x00, 0x94, 0x00, 0x9c, 0x00,
        0x45, 0x01, 0xc1, 0x00, 0x8f, 0x01, 0x49, 0x00, 0x4e, 0x00, 0x96, 0x01, 0x73, 0x01, 0xf8, 0x00,
        0x1f, 0x00, 0xff, 0xff, 0xff, 0xff, 0xff, 0xff, 0xff, 0xff, 0x77, 0x01, 0xff, 0xff, 0xff, 0xff,
        0x7c, 0x01, 0x86, 0x00, 0x75, 0x01, 0x75, 0x01, 0x93, 0x01, 0x6a, 0x00, 0x06, 0x01, 0x68, 0x00,
        0xff, 0xff, 0xff, 0xff, 0x80, 0x00, 0xce, 0x00, 0x60, 0x00, 0x81, 0x00, 0x70, 0x00, 0x48, 0x01,
        0x43, 0x00, 0xff, 0xff, 0x73, 0x01, 0xff, 0xff, 0xff, 0xff, 0x10, 0x01, 0xff, 0xff, 0x22, 0x00,
        0xd3, 0x00, 0x4a, 0x01, 0x09, 0x00, 0x02, 0x00, 0xff, 0xff, 0xff, 0xff, 0x66, 0x01, 0xff, 0xff,
        0xff, 0xff, 0xff, 0xff, 0xc9, 0x00, 0xad, 0x00, 0xdb, 0x00, 0x0a, 0x00, 0x25, 0x00, 0xff, 0xff,
        0x5a, 0x00, 0x95, 0x01, 0x89, 0x00, 0x8e, 0x00, 0x36, 0x01, 0xff, 0xff, 0xa8, 0x00, 0x47, 0x00,
        0xbe, 0x00, 0xff, 0xff, 0xff, 0xff, 0xff, 0xff, 0xff, 0xff, 0x7d, 0x01, 0x47, 0x01, 0x21, 0x00,
        0xc7, 0x00, 0xd2, 0x00, 0x84, 0x00, 0x5f, 0x01, 0xee, 0x00, 0x84, 0x00, 0x80, 0x00, 0x90, 0x00,
        0x14, 0x00, 0x66, 0x01, 0xb2, 0x00, 0x8f, 0x00, 0xff, 0xff, 0xc8, 0x00, 0xff, 0x00, 0x78, 0x00,
        0x74, 0x01, 0xff, 0xff, 0x66, 0x01, 0x41, 0x01, 0x5e, 0x01, 0x24, 0x00, 0x64, 0x01, 0x8f, 0x00,
        0x1e, 0x00, 0x79, 0x00, 0x5b, 0x00, 0x2c, 0x01, 0xb9, 0x00, 0xff, 0xff, 0x4f, 0x00, 0x06, 0x01,
        0x05, 0x01, 0x7f, 0x01, 0x14, 0x00, 0xff, 0xff, 0x86, 0x00, 0x47, 0x00, 0x73, 0x01, 0x93, 0x00,
        0x8d, 0x00, 0xdb, 0x00, 0xb7, 0x00, 0x7d, 0x01, 0x4e, 0x01, 0x4f, 0x01, 0x63, 0x01, 0x7f, 0x00,
        0x68, 0x01, 0x78, 0x00, 0xff, 0xff, 0x50, 0x01, 0x92, 0x01, 0xff, 0xff, 0x85, 0x00, 0x60, 0x00,
        0xff, 0xff, 0xff, 0xff, 0x58, 0x01, 0xff, 0xff, 0x19, 0x01, 0x8d, 0x00, 0xff, 0xff, 0x6a, 0x01,
        0xff, 0xff, 0xff, 0xff, 0x7e, 0x01, 0x95, 0x00, 0x82, 0x00, 0xff, 0xff, 0x08, 0x00, 0xd6, 0x00,
        0xff, 0xff, 0x64, 0x00, 0x5e, 0x01, 0xff, 0xff, 0xcb, 0x00, 0x3e, 0x01, 0x0e, 0x00, 0xbe, 0x00,
        0x10, 0x01, 0xff, 0xff, 0xff, 0xff, 0x66, 0x00, 0x8f, 0x01, 0xc2, 0x00, 0xf6, 0x00, 0x1b, 0x01,
        0x0f, 0x01, 0xb7, 0x00, 0x6a, 0x00, 0x66, 0x01, 0x64, 0x01, 0x6a, 0x01, 0xff, 0xff, 0xe6, 0x00,
        0xff, 0xff, 0xff, 0xff, 0xff, 0xff, 0x69, 0x01, 0xb7, 0x00, 0x60, 0x00, 0x39, 0x00, 0x9d, 0x01,
        0x05, 0x00, 0xa5, 0x01, 0x8f, 0x01, 0xa3, 0x01, 0x79, 0x00, 0x89, 0x00, 0xff, 0xff, 0x8b, 0x00,
        0xff, 0xff, 0xff, 0xff, 0xff, 0xff, 0x55, 0x01, 0x66, 0x01, 0x73, 0x01, 0x49, 0x01, 0x46, 0x01,
        0x43, 0x00, 0x95, 0x00, 0x03, 0x00, 0x76, 0x00, 0x68, 0x01, 0x93, 0x00, 0x5e, 0x01, 0x08, 0x00,
        0x9b, 0x01, 0xe7, 0x00, 0x4f, 0x01, 0xda, 0x00, 0xff, 0xff, 0xff, 0xff, 0x7c, 0x01, 0xcf, 0x00,
        0xff, 0xff, 0xff, 0xff, 0xda, 0x00, 0x33, 0x01, 0x1f, 0x00, 0x73, 0x01, 0x68, 0x00, 0x28, 0x00,
        0x1f, 0x01, 0x8a, 0x00, 0x0c, 0x01, 0xc9, 0x00, 0x52, 0x00, 0xb2, 0x00, 0x27, 0x00, 0x84, 0x01,
        0x79, 0x00, 0x8e, 0x00, 0xe4, 0x00, 0xff, 0xff, 0x6f, 0x00, 0x80, 0x00, 0x62, 0x00, 0xff, 0xff,
        0x0b, 0x00, 0x45, 0x01, 0x63, 0x01, 0x89, 0x00, 0x64, 0x01, 0x0e, 0x01, 0x79, 0x00, 0x60, 0x01,
        0x66, 0x01, 0x8e, 0x00, 0x87, 0x00, 0xfd, 0x00, 0x32, 0x01, 0x29, 0x00, 0x91, 0x01, 0xff, 0xff,
        0x8c, 0x01, 0x3d, 0x01, 0x89, 0x00, 0x3f, 0x01, 0x93, 0x01, 0x0b, 0x00, 0xff, 0xff, 0xff, 0xff,
        0xff, 0xff, 0xad, 0x00, 0x0d, 0x00, 0x6f, 0x01, 0xfa, 0x00, 0x3b, 0x00, 0x06, 0x01, 0x93, 0x01,
        0xfd, 0x00, 0x21, 0x00, 0x0d, 0x00, 0x41, 0x01, 0x88, 0x00, 0x7b, 0x00, 0x91, 0x00, 0x2d, 0x00,
        0x8c, 0x00, 0xe0, 0x00, 0x6c, 0x00, 0x59, 0x00, 0xff, 0xff, 0xff, 0xff, 0x46, 0x01, 0x37, 0x00,
        0x64, 0x01, 0x3f, 0x00, 0x66, 0x01, 0xa5, 0x00, 0x8f, 0x01, 0x46, 0x01, 0x81, 0x00, 0x37, 0x00,
        0xbe, 0x00, 0x94, 0x00, 0xbe, 0x00, 0x08, 0x01, 0xf9, 0x00, 0x91, 0x01, 0xff, 0xff, 0xb2, 0x00,
        0x1a, 0x00, 0x06, 0x01, 0xff, 0xff, 0xff, 0xff, 0x4e, 0x01, 0xb9, 0x00, 0x10, 0x01, 0xb4, 0x00,
        0xbe, 0x00, 0x36, 0x01, 0x6a, 0x00, 0x8f, 0x01, 0xf9, 0x00, 0x8f, 0x00, 0x0d, 0x01, 0xff, 0xff,
        0xff, 0xff, 0x9f, 0x01, 0x05, 0x01, 0x8f, 0x00, 0x10, 0x00, 0x8b, 0x00, 0x72, 0x00, 0xff, 0xff,
        0x12, 0x00, 0x85, 0x01, 0xb7, 0x00, 0xb2, 0x00, 0xc1, 0x00, 0x32, 0x01, 0xcf, 0x00, 0x8b, 0x00,
        0x43, 0x00, 0x0a, 0x00, 0xff, 0xff, 0xb4, 0x00, 0xff, 0xff, 0x66, 0x01, 0x01, 0x01, 0x12, 0x01,
        0xbc, 0x00, 0xa3, 0x01, 0xff, 0xff, 0x95, 0x00, 0x2d, 0x01, 0x70, 0x01, 0xff, 0xff, 0x69, 0x01,
        0xff, 0xff, 0xac, 0x00, 0x06, 0x01, 0x77, 0x01, 0xf0, 0x00, 0xb2, 0x00, 0x7f, 0x01, 0xff, 0xff,
        0x77, 0x01, 0x27, 0x00, 0x89, 0x00, 0x77, 0x00, 0x69, 0x01, 0x9f, 0x00, 0x9e, 0x01, 0x79, 0x00,
        0x64, 0x01, 0x10, 0x01, 0x75, 0x00, 0x65, 0x01, 0x75, 0x00, 0x71, 0x00, 0x21, 0x00, 0x71, 0x01,
        0x6e, 0x01, 0x32, 0x01, 0xa1, 0x00, 0x65, 0x01, 0x2b, 0x01, 0x7d, 0x01, 0x72, 0x01, 0x04, 0x01,
        0xa1, 0x01, 0x7c, 0x01, 0x9e, 0x01, 0xb4, 0x00, 0x66, 0x01, 0x65, 0x01, 0x77, 0x01, 0x2b, 0x01,
        0x73, 0x01, 0x8d, 0x00, 0x64, 0x01, 0x27, 0x00, 0x34, 0x01, 0x9a, 0x00, 0x78, 0x01, 0x7a, 0x00,
        0x77, 0x01, 0x64, 0x01, 0x28, 0x01, 0x8f, 0x00, 0x76, 0x01, 0x7c, 0x01, 0x12, 0x01, 0x76, 0x01,
        0xbf, 0x00, 0xa8, 0x00, 0x92, 0x01, 0xff, 0xff, 0xff, 0xff, 0xff, 0xff, 0xff, 0xff, 0x69, 0x01,
        0xff, 0xff, 0x37, 0x00, 0x6d, 0x01, 0x02, 0x00, 0x6d, 0x01, 0x18, 0x00, 0x2d, 0x00, 0x8a, 0x01,
        0xff, 0xff, 0x77, 0x01, 0xfd, 0x00, 0xa2, 0x00, 0x33, 0x01, 0xad, 0x00, 0x57, 0x01, 0x64, 0x01,
        0xb9, 0x00, 0x06, 0x01, 0x61, 0x01, 0xb4, 0x00, 0x4d, 0x00, 0xcc, 0x00, 0xac, 0x00, 0x5e, 0x01,
        0x4e, 0x00, 0xa4, 0x00, 0x01, 0x00, 0x82, 0x01, 0x86, 0x00, 0x77, 0x01, 0xd5, 0x00, 0x9e, 0x01,
        0x5b, 0x00, 0xfc, 0x00, 0xff, 0xff, 0x0d, 0x00, 0xb2, 0x00, 0xbe, 0x00, 0xc1, 0x00, 0x75, 0x00,
        0x91, 0x01, 0x62, 0x00, 0x12, 0x01, 0x91, 0x01, 0xa0, 0x00, 0x26, 0x00, 0x92, 0x00, 0x95, 0x00,
        0x89, 0x00, 0xb9, 0x00, 0xff, 0xff, 0x2f, 0x01, 0x12, 0x01, 0x20, 0x01, 0x31, 0x00, 0xe1, 0x00,
        0x93, 0x01, 0xbd, 0x00, 0xf9, 0x00, 0xff, 0xff, 0xff, 0xff, 0x09, 0x00, 0x1b, 0x01, 0x66, 0x01,
        0xb0, 0x00, 0x68, 0x01, 0x60, 0x00, 0x10, 0x01, 0xff, 0xff, 0x2b, 0x01, 0x93, 0x01, 0x48, 0x01,
        0x1b, 0x01, 0x41, 0x01, 0x79, 0x01, 0xc9, 0x00, 0xda, 0x00, 0x0e, 0x00, 0xff, 0xff, 0x38, 0x01,
        0x49, 0x01, 0x76, 0x00, 0x27, 0x01, 0x1b, 0x01, 0xff, 0xff, 0x42, 0x00, 0x05, 0x01, 0x8d, 0x00,
        0x48, 0x01, 0xff, 0xff, 0x14, 0x01, 0xe9, 0x00, 0xb7, 0x00, 0x47, 0x00, 0x47, 0x00, 0x94, 0x01,
        0xff, 0xff, 0xc2, 0x00, 0x3c, 0x00, 0x64, 0x01, 0x71, 0x00, 0x89, 0x00, 0xe3, 0x00, 0x77, 0x01,
        0xe4, 0x00, 0x7d, 0x01, 0x5d, 0x01, 0x73, 0x00, 0x86, 0x01, 0x73, 0x01, 0x37, 0x00, 0x66, 0x01,
        0x8d, 0x00, 0x54, 0x01, 0x60, 0x00, 0xfa, 0x00, 0xff, 0xff, 0x7c, 0x01, 0x0f, 0x01, 0x72, 0x01,
        0x15, 0x00, 0x0e, 0x00, 0x34, 0x01, 0x8a, 0x01, 0x77, 0x01, 0x0e, 0x00, 0xff, 0xff, 0x4f, 0x00,
        0xac, 0x00, 0x77, 0x01, 0x20, 0x00, 0x28, 0x00, 0x6f, 0x01, 0x6e, 0x01, 0x7d, 0x01, 0x6d, 0x01,
        0xff, 0xff, 0xff, 0xff, 0xff, 0xff, 0x46, 0x01, 0x73, 0x00, 0xff, 0xff, 0xff, 0xff, 0xff, 0xff,
        0xbc, 0x00, 0x69, 0x01, 0x24, 0x00, 0x8b, 0x00, 0x48, 0x01, 0xfd, 0x00, 0x83, 0x01, 0x6f, 0x01,
        0x66, 0x01, 0xe6, 0x00, 0xff, 0xff, 0xff, 0xff, 0xff, 0xff, 0xff, 0xff, 0xff, 0xff, 0xce, 0x00,
        0x89, 0x00, 0xec, 0x00, 0x81, 0x00, 0x82, 0x00, 0x5d, 0x01, 0x7c, 0x01, 0x86, 0x01, 0x0d, 0x00,
        0xce, 0x00, 0x09, 0x01, 0x69, 0x01, 0x58, 0x00, 0x77, 0x01, 0x48, 0x01, 0xb0, 0x00, 0x7b, 0x01,
        0xff, 0xff, 0x8f, 0x00, 0x30, 0x01, 0x78, 0x01, 0x89, 0x00, 0xff, 0xff, 0x41, 0x01, 0xff, 0xff,
        0xff, 0xff, 0xda, 0x00, 0x5d, 0x01, 0xcf, 0x00, 0x41, 0x01, 0x77, 0x01, 0x2c, 0x01, 0xc6, 0x83,
        0x89, 0x00, 0xc1, 0x00, 0x7c, 0x01, 0xc9, 0x00, 0x8a, 0x01, 0x43, 0x01, 0x93, 0x01, 0x0e, 0x00,
        0xb2, 0x00, 0xff, 0xff, 0xff, 0xff, 0xff, 0xff, 0xff, 0xff, 0xff, 0xff, 0xff, 0xff, 0xff, 0xff,
        0x0a, 0x01, 0x6f, 0x00, 0x64, 0x01, 0x91, 0x01, 0x7b, 0x01, 0xe7, 0x00, 0x96, 0x00, 0x69, 0x01,
        0x75, 0x01, 0x69, 0x01, 0x93, 0x01, 0xe1, 0x00, 0xff, 0xff, 0x3e, 0x01, 0xbc, 0x00, 0x25, 0x00,
        0xce, 0x00, 0x12, 0x01, 0x3c, 0x00, 0x2d, 0x01, 0xff, 0xff, 0xff, 0xff, 0xff, 0xff, 0x41, 0x01,
        0x69, 0x01, 0x14, 0x00, 0x49, 0x00, 0xa1, 0x01, 0xff, 0xff, 0x36, 0x01, 0x30, 0x01, 0x76, 0x00,
        0x48, 0x01, 0x65, 0x00, 0xff, 0xff, 0xff, 0xff, 0xff, 0xff, 0xd9, 0x00, 0xce, 0x00, 0x71, 0x01,
        0xcc, 0x00, 0x8b, 0x00, 0x37, 0x00, 0x95, 0x00, 0x79, 0x00, 0x5a, 0x00, 0x34, 0x01, 0x24, 0x00,
        0x32, 0x01, 0xf1, 0x00, 0x02, 0x01, 0xc7, 0x00, 0xff, 0xff, 0xff, 0xff, 0xff, 0xff, 0xff, 0xff,
        0x77, 0x01, 0x29, 0x00, 0xff, 0xff, 0xa2, 0x00, 0x09, 0x00, 0xb0, 0x00, 0x9c, 0x00, 0x2b, 0x01,
        0x0d, 0x00, 0x43, 0x01, 0x66, 0x00, 0xfd, 0x00, 0x77, 0x01, 0x66, 0x01, 0xe3, 0x00, 0x79, 0x01,
        0x96, 0x01, 0x30, 0x00, 0x5c, 0x00, 0x6e, 0x01, 0xff, 0x00, 0x63, 0x01, 0xb6, 0x00, 0x19, 0x00,
        0xa0, 0x01, 0xa5, 0x01, 0x0e, 0x00, 0x75, 0x01, 0x84, 0x00, 0xf6, 0x00, 0x6d, 0x01, 0xff, 0xff,
        0xb0, 0x00, 0x0d, 0x01, 0x68, 0x01, 0x8d, 0x00, 0x73, 0x00, 0xff, 0xff, 0xff, 0xff, 0x73, 0x01,
        0x70, 0x01, 0x96, 0x01, 0x7c, 0x00, 0x79, 0x01, 0x64, 0x01, 0xff, 0xff, 0xff, 0xff, 0xb4, 0x00,
        0x66, 0x01, 0x84, 0x00, 0x78, 0x01, 0xff, 0xff, 0xb4, 0x00, 0x2d, 0x01, 0x19, 0x00, 0x0a, 0x00,
        0x8b, 0x00, 0x36, 0x01, 0x58, 0x00, 0x45, 0x00, 0xff, 0xff, 0x05, 0x00, 0x7d, 0x01, 0xff, 0xff,
        0xff, 0xff, 0xdc, 0x00, 0xb0, 0x00, 0x77, 0x01, 0x3b, 0x00, 0xff, 0xff, 0x21, 0x00, 0x23, 0x00,
        0x63, 0x00, 0x8f, 0x00, 0xe0, 0x00, 0xff, 0xff, 0xff, 0xff, 0xff, 0xff, 0xb6, 0x00, 0xd5, 0x00,
        0x7c, 0x01, 0xff, 0xff, 0xba, 0x00, 0x76, 0x00, 0xff, 0xff, 0x7b, 0x01, 0x8f, 0x00, 0x27, 0x00,
        0x18, 0x01, 0xeb, 0x00, 0xff, 0xff, 0xff, 0xff, 0x7f, 0x00, 0x4f, 0x01, 0xff, 0xff, 0x01, 0x00,
        0x6d, 0x00, 0x10, 0x00, 0x14, 0x00, 0x0e, 0x01, 0xff, 0xff, 0x36, 0x01, 0x2f, 0x00, 0x86, 0x00,
        0x23, 0x00, 0x60, 0x00, 0x86, 0x00, 0x52, 0x00, 0x5e, 0x01, 0x5b, 0x00, 0x48, 0x01, 0xff, 0xff,
        0xc0, 0x00, 0x79, 0x00, 0x7b, 0x01, 0x86, 0x00, 0xff, 0xff, 0x7d, 0x01, 0x9f, 0x01, 0x73, 0x01,
        0x0f, 0x01, 0x8e, 0x01, 0x91, 0x00, 0x47, 0x01, 0xff, 0xff, 0xff, 0xff, 0xff, 0xff, 0xff, 0xff,
        0xff, 0xff, 0xff, 0xff, 0x57, 0x01, 0xb8, 0x00, 0x91, 0x00, 0x8a, 0x01, 0x6b, 0x01, 0x81, 0x00,
        0xff, 0xff, 0x6e, 0x01, 0xff, 0xff, 0xff, 0xff, 0xff, 0xff, 0x37, 0x00, 0x0d, 0x01, 0xd5, 0x00,
        0xff, 0xff, 0x85, 0x01, 0x0c, 0x00, 0x27, 0x00, 0xff, 0xff, 0xff, 0xff, 0x73, 0x01, 0x66, 0x00,
        0xd5, 0x00, 0x0a, 0x00, 0x94, 0x00, 0x47, 0x00, 0x8e, 0x01, 0xff, 0xff, 0x63, 0x01, 0x73, 0x01,
        0xff, 0xff, 0x95, 0x00, 0x66, 0x01, 0x47, 0x01, 0x76, 0x00, 0xff, 0xff, 0x45, 0x00, 0x89, 0x00,
        0x8e, 0x00, 0x9b, 0x00, 0xa2, 0x01, 0xff, 0xff, 0x69, 0x01, 0xab, 0x00, 0x58, 0x00, 0x88, 0x00,
        0x64, 0x01, 0xe7, 0x00, 0xce, 0x00, 0x14, 0x01, 0x36, 0x00, 0x78, 0x01, 0xce, 0x00, 0xff, 0xff,
        0x95, 0x00, 0x10, 0x01, 0x53, 0x01, 0x5c, 0x01, 0x8f, 0x01, 0xb2, 0x00, 0x2f, 0x01, 0xa0, 0x00,
        0x66, 0x01, 0x8f, 0x01, 0x93, 0x01, 0x50, 0x01, 0x36, 0x01, 0x0a, 0x00, 0x76, 0x01, 0xfe, 0x00,
        0x21, 0x00, 0x81, 0x00, 0x9e, 0x00, 0x92, 0x00, 0x02, 0x00, 0x30, 0x00, 0x08, 0x01, 0x0a, 0x00,
        0x05, 0x00, 0x5b, 0x00, 0x9c, 0x00, 0x59, 0x01, 0x59, 0x01, 0xa5, 0x01, 0xb9, 0x00, 0xff, 0xff,
        0x71, 0x00, 0x73, 0x01, 0x34, 0x01, 0x80, 0x00, 0xb7, 0x00, 0x2b, 0x01, 0x3e, 0x01, 0xff, 0xff,
        0x0a, 0x00, 0x18, 0x01, 0x4d, 0x00, 0x14, 0x00, 0xb5, 0x00, 0x08, 0x01, 0x5a, 0x00, 0x89, 0x00,
        0x9f, 0x01, 0x86, 0x00, 0x79, 0x00, 0xb2, 0x00, 0x7e, 0x01, 0x7f, 0x01, 0x6d, 0x01, 0x21, 0x00,
        0x43, 0x00, 0xb0, 0x00, 0x8f, 0x00, 0x28, 0x00, 0x3e, 0x01, 0x05, 0x01, 0x75, 0x01, 0x8c, 0x00,
        0x84, 0x00, 0x84, 0x00, 0x4a, 0x01, 0x1d, 0x01, 0x60, 0x01, 0x79, 0x01, 0x16, 0x01, 0x78, 0x01,
        0x34, 0x01, 0x78, 0x01, 0x95, 0x00, 0x58, 0x01, 0x6f, 0x01, 0x8a, 0x00, 0x94, 0x01, 0x0b, 0x01,
        0x96, 0x01, 0x46, 0x00, 0xff, 0xff, 0x7c, 0x01, 0xff, 0xff, 0xff, 0xff, 0x77, 0x01, 0x34, 0x01,
        0x77, 0x01, 0xd5, 0x00, 0xff, 0xff, 0xff, 0xff, 0x12, 0x01, 0x68, 0x01, 0x63, 0x01, 0x69, 0x00,
        0x79, 0x01, 0x52, 0x01, 0x34, 0x01, 0xe3, 0x00, 0x69, 0x00, 0x46, 0x01, 0x61, 0x01, 0x93, 0x00,
        0x21, 0x00, 0xff, 0x00, 0x9d, 0x01, 0x81, 0x00, 0xdd, 0x00, 0x73, 0x01, 0x6b, 0x00, 0x7d, 0x01,
        0x80, 0x00, 0xff, 0xff, 0x3e, 0x01, 0x27, 0x00, 0x81, 0x00, 0x74, 0x01, 0x60, 0x01, 0x66, 0x01,
        0x01, 0x01, 0x1b, 0x01, 0xbd, 0x00, 0xae, 0x00, 0x2d, 0x01, 0x68, 0x01, 0x86, 0x01, 0x75, 0x00,
        0x58, 0x00, 0x76, 0x00, 0x21, 0x00, 0x8c, 0x01, 0xff, 0xff, 0x46, 0x01, 0x96, 0x01, 0xeb, 0x00,
        0x76, 0x00, 0x7d, 0x01, 0x9d, 0x01, 0x7c, 0x01, 0xb2, 0x00, 0x88, 0x00, 0x64, 0x01, 0x66, 0x01,
        0x21, 0x00, 0xb4, 0x00, 0xff, 0xff, 0x3e, 0x01, 0x92, 0x00, 0x05, 0x01, 0x0f, 0x01, 0x6a, 0x00,
        0x9e, 0x01, 0x7d, 0x01, 0xff, 0xff, 0xff, 0xff, 0x19, 0x01, 0xea, 0x00, 0xcb, 0x00, 0x05, 0x00,
        0x92, 0x00, 0xff, 0xff, 0x6e, 0x01, 0x02, 0x01, 0x0e, 0x00, 0xc9, 0x00, 0xff, 0xff, 0xff, 0xff,
        0xff, 0xff, 0xff, 0xff, 0x77, 0x01, 0x7d, 0x01, 0xff, 0xff, 0x02, 0x01, 0x10, 0x01, 0x09, 0x00,
        0x86, 0x00, 0xff, 0xff, 0xff, 0xff, 0xff, 0xff, 0x15, 0x00, 0xc8, 0x00, 0xaa, 0x00, 0x55, 0x01,
        0x63, 0x01, 0xb2, 0x00, 0xb9, 0x00, 0xff, 0xff, 0x89, 0x00, 0x96, 0x00, 0xa0, 0x01, 0x51, 0x00,
        0x95, 0x00, 0x3b, 0x00, 0x0a, 0x00, 0xff, 0xff, 0xff, 0xff, 0xff, 0xff, 0xff, 0xff, 0xff, 0xff,
        0xaa, 0x00, 0x12, 0x00, 0x43, 0x01, 0x55, 0x01, 0x70, 0x01, 0xff, 0xff, 0xff, 0xff, 0xff, 0xff,
        0xff, 0xff, 0xff, 0xff, 0x51, 0x00, 0xff, 0xff, 0xff, 0xff, 0x43, 0x01, 0x0d, 0x00, 0x55, 0x01,
        0x28, 0x01, 0x18, 0x00, 0x55, 0x01, 0xcf, 0x00, 0x8f, 0x00, 0xc2, 0x00, 0xff, 0xff, 0xff, 0xff,
        0x8c, 0x01, 0x0d, 0x00, 0x89, 0x00, 0x88, 0x01, 0x6f, 0x01, 0xb2, 0x00, 0xff, 0xff, 0xff, 0xff,
        0x43, 0x01, 0x7b, 0x01, 0x36, 0x01, 0xff, 0xff, 0xff, 0xff, 0x52, 0x00, 0xff, 0xff, 0xff, 0xff,
        0xff, 0xff, 0xff, 0xff, 0x0e, 0x01, 0xc1, 0x00, 0x91, 0x01, 0x58, 0x01, 0x6c, 0x00, 0x7d, 0x01,
        0xb0, 0x00, 0x14, 0x00, 0xdf, 0x00, 0xfe, 0x00, 0xb4, 0x00, 0x49, 0x01, 0xb4, 0x00, 0x5f, 0x01,
        0x3d, 0x00, 0xb2, 0x00, 0x52, 0x01, 0x5a, 0x01, 0x95, 0x01, 0x64, 0x00, 0x6b, 0x01, 0x03, 0x00,
        0x58, 0x00, 0xfc, 0x00, 0x14, 0x00, 0x59, 0x01, 0x36, 0x01, 0x77, 0x01, 0x14, 0x00, 0x0b, 0x01,
        0x54, 0x01, 0x6a, 0x00, 0x53, 0x01, 0x76, 0x00, 0x26, 0x00, 0x8e, 0x00, 0x84, 0x00, 0x6b, 0x01,
        0x45, 0x00, 0x20, 0x00, 0x4b, 0x00, 0xfd, 0x00, 0x1f, 0x01, 0xb7, 0x00, 0x33, 0x01, 0xf4, 0x00,
        0x43, 0x00, 0x7d, 0x01, 0x2d, 0x00, 0x1b, 0x01, 0x9a, 0x00, 0x49, 0x01, 0x33, 0x00, 0xff, 0x00,
        0x2e, 0x00, 0xbe, 0x00, 0x53, 0x01, 0x92, 0x01, 0xb2, 0x00, 0x23, 0x01, 0xf7, 0x00, 0x3e, 0x01,
        0xff, 0xff, 0x3d, 0x00, 0x81, 0x00, 0x77, 0x01, 0x66, 0x01, 0x69, 0x01, 0xc1, 0x00, 0xba, 0x00,
        0xff, 0xff, 0x48, 0x01, 0x63, 0x00, 0xff, 0xff, 0x48, 0x01, 0xff, 0xff, 0xff, 0xff, 0xff, 0xff,
        0x7c, 0x01, 0xdb, 0x00, 0xff, 0xff, 0x64, 0x00, 0x96, 0x00, 0x27, 0x00, 0x6b, 0x00, 0x5c, 0x01,
        0xb2, 0x00, 0xba, 0x00, 0xb7, 0x00, 0x65, 0x01, 0x0a, 0x00, 0x02, 0x00, 0x7d, 0x01, 0x93, 0x00,
        0x1c, 0x01, 0x71, 0x01, 0x9e, 0x01, 0x39, 0x00, 0x18, 0x00, 0x89, 0x01, 0x7b, 0x01, 0x60, 0x00,
        0x1f, 0x01, 0xff, 0xff, 0x64, 0x01, 0x36, 0x01, 0x8d, 0x00, 0x8d, 0x00, 0x6e, 0x01, 0x8d, 0x01,
        0xff, 0xff, 0xff, 0xff, 0x3b, 0x01, 0x25, 0x00, 0x58, 0x00, 0x89, 0x00, 0x93, 0x01, 0xff, 0xff,
        0x6c, 0x00, 0x63, 0x01, 0xff, 0xff, 0x0b, 0x01, 0x36, 0x01, 0x75, 0x00, 0x59, 0x01, 0x4d, 0x00,
        0x9e, 0x01, 0x14, 0x01, 0xd7, 0x00, 0x60, 0x00, 0xb9, 0x00, 0x89, 0x00, 0x6d, 0x01, 0x6f, 0x01,
        0xda, 0x00, 0x72, 0x01, 0x8e, 0x00, 0xb2, 0x00, 0x3a, 0x00, 0x1d, 0x01, 0x7e, 0x01, 0xc2, 0x00,
        0x32, 0x01, 0xb2, 0x00, 0xb5, 0x00, 0x69, 0x00, 0x6a, 0x01, 0x69, 0x01, 0x0c, 0x01, 0x0b, 0x01,
        0x24, 0x00, 0x7c, 0x01, 0x15, 0x00, 0xa6, 0x00, 0x12, 0x01, 0x01, 0x00, 0x0c, 0x01, 0x09, 0x01,
        0x2a, 0x00, 0xfa, 0x00, 0xa9, 0x00, 0x77, 0x01, 0x6e, 0x00, 0x33, 0x01, 0xfe, 0x00, 0xff, 0xff,
        0x95, 0x01, 0x85, 0x00, 0x86, 0x00, 0x81, 0x00, 0x0a, 0x00, 0xff, 0xff, 0xff, 0xff, 0x8a, 0x01,
        0x89, 0x00, 0x6c, 0x00, 0x64, 0x01, 0x65, 0x00, 0x20, 0x00, 0xc5, 0x00, 0x96, 0x01, 0x57, 0x01,
        0x9b, 0x01, 0x66, 0x01, 0xad, 0x00, 0xff, 0xff, 0xff, 0xff, 0xff, 0xff, 0x93, 0x01, 0x01, 0x00,
        0x66, 0x01, 0x73, 0x00, 0x64, 0x01, 0xff, 0xff, 0x57, 0x01, 0x18, 0x00, 0x27, 0x01, 0x66, 0x01,
        0x8e, 0x00, 0x5b, 0x00, 0x13, 0x01, 0xff, 0xff, 0x75, 0x01, 0x3e, 0x00, 0x8a, 0x00, 0xb0, 0x00,
        0x73, 0x01, 0xbe, 0x00, 0x57, 0x01, 0x79, 0x01, 0xfd, 0x00, 0xc1, 0x00, 0xb2, 0x00, 0x11, 0x00,
        0xff, 0xff, 0xc9, 0x00, 0x06, 0x00, 0x85, 0x00, 0xff, 0xff, 0x75, 0x01, 0x79, 0x00, 0x30, 0x00,
        0x79, 0x00, 0xe9, 0x00, 0x29, 0x00, 0xb2, 0x00, 0x49, 0x01, 0x84, 0x00, 0x0d, 0x00, 0x05, 0x00,
        0x24, 0x00, 0x74, 0x01, 0x3a, 0x00, 0x04, 0x00, 0x70, 0x01, 0xff, 0xff, 0x9e, 0x01, 0x3a, 0x00,
        0x14, 0x01, 0x08, 0x00, 0x39, 0x00, 0x5c, 0x01, 0x46, 0x01, 0x09, 0x00, 0x63, 0x00, 0x73, 0x01,
        0x64, 0x01, 0x96, 0x01, 0x72, 0x01, 0x58, 0x00, 0x7c, 0x01, 0x02, 0x00, 0x57, 0x01, 0xcd, 0x00,
        0x30, 0x01, 0x8f, 0x00, 0x6c, 0x00, 0x89, 0x00, 0x0a, 0x01, 0x8d, 0x00, 0x73, 0x01, 0x64, 0x01,
        0x99, 0x00, 0xcf, 0x00, 0x6f, 0x01, 0x2d, 0x01, 0x61, 0x01, 0x08, 0x01, 0x84, 0x00, 0x18, 0x01,
        0x91, 0x01, 0x4f, 0x01, 0x95, 0x00, 0x69, 0x01, 0x06, 0x01, 0x03, 0x00, 0xcb, 0x00, 0x6c, 0x00,
        0xff, 0xff, 0x4a, 0x01, 0x58, 0x00, 0x93, 0x00, 0x21, 0x00, 0x3c, 0x01, 0x0d, 0x00, 0xc9, 0x00,
        0x3d, 0x01, 0x6c, 0x00, 0x7f, 0x00, 0x82, 0x00, 0xc1, 0x00, 0x77, 0x00, 0x8a, 0x00, 0x11, 0x01,
        0x62, 0x00, 0x85, 0x00, 0x15, 0x00, 0x6c, 0x00, 0x5c, 0x00, 0xd7, 0x00, 0x01, 0x00, 0x79, 0x01,
        0x3c, 0x01, 0xb5, 0x00, 0x8e, 0x00, 0x27, 0x00, 0x8e, 0x00, 0x29, 0x00, 0x02, 0x01, 0x25, 0x00,
        0x73, 0x01, 0x4d, 0x00, 0x43, 0x00, 0xff, 0xff, 0xb5, 0x00, 0x66, 0x01, 0x10, 0x00, 0x6b, 0x01,
        0xcd, 0x00, 0x76, 0x01, 0xce, 0x00, 0x06, 0x01, 0x06, 0x01, 0x61, 0x01, 0x69, 0x01, 0x7d, 0x01,
        0x07, 0x01, 0x26, 0x00, 0x75, 0x01, 0x79, 0x01, 0x74, 0x01, 0x89, 0x00, 0x9f, 0x01, 0x6f, 0x01,
        0xd2, 0x00, 0xbd, 0x00, 0x98, 0x00, 0x75, 0x01, 0x73, 0x01, 0x44, 0x01, 0x71, 0x00, 0x85, 0x00,
        0x79, 0x01, 0x33, 0x01, 0x1f, 0x00, 0xb4, 0x00, 0xff, 0xff, 0x6f, 0x01, 0x2d, 0x00, 0x24, 0x00,
        0xe3, 0x00, 0x10, 0x01, 0xd0, 0x00, 0x88, 0x00, 0x7d, 0x01, 0x8c, 0x01, 0x81, 0x00, 0x1e, 0x00,
        0x10, 0x00, 0x08, 0x01, 0x64, 0x01, 0x8c, 0x00, 0xa1, 0x00, 0xc6, 0x00, 0xc8, 0x00, 0x8c, 0x01,
        0x0e, 0x00, 0x89, 0x00, 0x95, 0x00, 0xdc, 0x00, 0x0d, 0x00, 0x34, 0x01, 0x3d, 0x01, 0xd5, 0x00,
        0xb7, 0x00, 0xd1, 0x00, 0xd5, 0x00, 0x64, 0x01, 0x21, 0x00, 0x10, 0x01, 0x8d, 0x00, 0x88, 0x00,
        0x66, 0x01, 0x6e, 0x01, 0xea, 0x00, 0x53, 0x01, 0x80, 0x00, 0x7d, 0x01, 0xff, 0xff, 0x28, 0x00,
        0x14, 0x00, 0xa2, 0x01, 0x46, 0x00, 0x9d, 0x01, 0x89, 0x00, 0x07, 0x01, 0xff, 0xff, 0x6b, 0x01,
        0x86, 0x00, 0x34, 0x01, 0xa2, 0x00, 0xff, 0xff, 0x4f, 0x00, 0x75, 0x01, 0x7d, 0x01, 0x08, 0x00,
        0x8e, 0x00, 0x8f, 0x01, 0x8a, 0x00, 0x34, 0x01, 0x43, 0x00, 0x4b, 0x00, 0x32, 0x00, 0x60, 0x00,
        0xd2, 0x00, 0x91, 0x01, 0x91, 0x01, 0xff, 0xff, 0x73, 0x01, 0x0a, 0x01, 0x77, 0x00, 0x6a, 0x00,
        0x0a, 0x01, 0xc3, 0x00, 0x6e, 0x00, 0xaa, 0x00, 0x20, 0x01, 0x57, 0x00, 0x39, 0x00, 0x73, 0x01,
        0x6a, 0x00, 0x8e, 0x00, 0x6e, 0x00, 0x73, 0x00, 0x45, 0x01, 0x61, 0x01, 0x92, 0x01, 0xe7, 0x00,
        0x46, 0x00, 0xab, 0x00, 0x46, 0x01, 0x37, 0x00, 0x72, 0x01, 0x72, 0x00, 0xff, 0xff, 0xff, 0xff,
        0x43, 0x00, 0xff, 0xff, 0xcf, 0x00, 0x8e, 0x00, 0xd2, 0x00, 0x93, 0x00, 0x7d, 0x01, 0x91, 0x01,
        0x8e, 0x01, 0x8a, 0x01, 0x6b, 0x01, 0xff, 0xff, 0x07, 0x00, 0x79, 0x00, 0x6b, 0x00, 0x7f, 0x00,
        0xae, 0x00, 0x63, 0x01, 0x14, 0x00, 0x9f, 0x00, 0xbe, 0x00, 0x35, 0x00, 0xb4, 0x00, 0x77, 0x01,
        0x0a, 0x01, 0x36, 0x01, 0xff, 0xff, 0x6f, 0x01, 0x8f, 0x00, 0x0c, 0x01, 0x86, 0x00, 0x41, 0x01,
        0x2e, 0x00, 0x50, 0x00, 0xbc, 0x00, 0xff, 0xff, 0xdd, 0x00, 0x48, 0x01, 0x3c, 0x00, 0x5e, 0x01,
        0x63, 0x00, 0x3a, 0x00, 0xb2, 0x00, 0x16, 0x00, 0x66, 0x01, 0xf7, 0x00, 0xaa, 0x00, 0x96, 0x01,
        0xe6, 0x00, 0x83, 0x00, 0x79, 0x01, 0x66, 0x01, 0xac, 0x00, 0xd5, 0x00, 0x05, 0x00, 0xff, 0xff,
        0x71, 0x00, 0x0d, 0x00, 0x60, 0x00, 0x88, 0x00, 0x77, 0x01, 0xba, 0x00, 0x74, 0x01, 0x78, 0x01,
        0x94, 0x00, 0x88, 0x00, 0x26, 0x00, 0x4c, 0x00, 0x52, 0x00, 0xff, 0xff, 0x73, 0x01, 0x9b, 0x01,
        0x8a, 0x01, 0x06, 0x01, 0x7d, 0x01, 0x11, 0x01, 0x88, 0x00, 0xe7, 0x00, 0x85, 0x00, 0x93, 0x00,
        0x30, 0x01, 0xff, 0xff, 0xff, 0xff, 0xfc, 0x00, 0xd3, 0x00, 0x1a, 0x00, 0xbd, 0x00, 0xb2, 0x00,
        0x2e, 0x00, 0xff, 0xff, 0x37, 0x00, 0x2d, 0x01, 0x3c, 0x00, 0x06, 0x01, 0xff, 0xff, 0xab, 0x00,
        0xb9, 0x00, 0xb6, 0x00, 0x19, 0x01, 0x7d, 0x01, 0x77, 0x01, 0x46, 0x00, 0x06, 0x01, 0x77, 0x01,
        0xe4, 0x00, 0x60, 0x00, 0x8b, 0x00, 0x72, 0x01, 0x59, 0x00, 0x20, 0x01, 0x66, 0x01, 0xff, 0xff,
        0xff, 0xff, 0x0d, 0x00, 0x34, 0x01, 0x03, 0x01, 0xe4, 0x00, 0x93, 0x01, 0x4a, 0x01, 0x4f, 0x01,
        0x4f, 0x01, 0x1d, 0x01, 0x77, 0x01, 0xb7, 0x00, 0x02, 0x00, 0x79, 0x00, 0x0e, 0x01, 0xb2, 0x00,
        0x71, 0x00, 0x9e, 0x01, 0x41, 0x01, 0x7e, 0x01, 0x72, 0x01, 0x1f, 0x00, 0x5c, 0x01, 0x94, 0x00,
        0x52, 0x01, 0x7c, 0x01, 0x86, 0x00, 0x8b, 0x00, 0x20, 0x01, 0xc8, 0x00, 0x93, 0x00, 0x9e, 0x01,
        0x93, 0x00, 0x02, 0x00, 0x43, 0x01, 0xab, 0x00, 0x87, 0x00, 0x11, 0x01, 0x22, 0x00, 0x51, 0x00,
        0xa0, 0x00, 0xde, 0x00, 0x18, 0x00, 0x4e, 0x01, 0x6e, 0x01, 0x92, 0x00, 0x85, 0x00, 0x06, 0x01,
        0x8e, 0x00, 0xc9, 0x00, 0x73, 0x01, 0xff, 0xff, 0x93, 0x01, 0x57, 0x01, 0xff, 0xff, 0x01, 0x00,
        0xf8, 0x00, 0x19, 0x00, 0x49, 0x01, 0x54, 0x00, 0x87, 0x00, 0x06, 0x01, 0x2a, 0x00, 0x45, 0x01,
        0x9d, 0x01, 0xec, 0x00, 0x55, 0x01, 0x32, 0x01, 0xbd, 0x00, 0x10, 0x00, 0xb2, 0x00, 0xc7, 0x00,
        0x6a, 0x01, 0x1d, 0x00, 0x8b, 0x83, 0xcb, 0x00, 0x65, 0x00, 0xb4, 0x00, 0x3e, 0x00, 0x8c, 0x01,
        0x9e, 0x01, 0xff, 0xff, 0xff, 0xff, 0x93, 0x01, 0x05, 0x00, 0x37, 0x00, 0x0f, 0x01, 0xff, 0xff,
        0xbc, 0x00, 0x66, 0x01, 0x5a, 0x00, 0x73, 0x00, 0x26, 0x00, 0x92, 0x00, 0x52, 0x00, 0x28, 0x00,
        0x7f, 0x01, 0x7f, 0x00, 0x75, 0x01, 0x72, 0x01, 0x75, 0x01, 0x53, 0x01, 0x8a, 0x01, 0x7c, 0x01,
        0x70, 0x01, 0x75, 0x01, 0x9c, 0x00, 0x84, 0x00, 0xad, 0x00, 0x7f, 0x01, 0x25, 0x00, 0xff, 0xff,
        0xff, 0xff, 0x32, 0x01, 0xff, 0xff, 0xe9, 0x00, 0xd3, 0x00, 0x7f, 0x00, 0x2e, 0x00, 0x80, 0x01,
        0x6f, 0x01, 0x8f, 0x00, 0x9d, 0x01, 0x7d, 0x01, 0x48, 0x01, 0x9a, 0x00, 0x0e, 0x01, 0xff, 0xff,
        0x26, 0x00, 0x92, 0x00, 0x70, 0x01, 0x92, 0x01, 0x28, 0x00, 0xf7, 0x00, 0x0a, 0x01, 0xff, 0xff,
        0x10, 0x01, 0xac, 0x00, 0x77, 0x01, 0x1b, 0x01, 0x3e, 0x01, 0x08, 0x01, 0x3e, 0x01, 0xff, 0xff,
        0x57, 0x00, 0xff, 0xff, 0xcd, 0x00, 0x82, 0x00, 0xff, 0xff, 0xff, 0xff, 0x75, 0x00, 0x0a, 0x01,
        0x2a, 0x00, 0x12, 0x01, 0x4f, 0x00, 0xb2, 0x00, 0x05, 0x00, 0x8e, 0x00, 0x6e, 0x01, 0xc1, 0x00,
        0xff, 0xff, 0x80, 0x01, 0x94, 0x01, 0x81, 0x00, 0x78, 0x01, 0xff, 0xff, 0x93, 0x01, 0x08, 0x01,
        0xff, 0xff, 0x63, 0x00, 0x8b, 0x00, 0x96, 0x01, 0x96, 0x01, 0xa2, 0x00, 0xe7, 0x00, 0x20, 0x01,
        0x86, 0x01, 0x03, 0x00, 0x93, 0x01, 0x6a, 0x00, 0x77, 0x01, 0x27, 0x00, 0x89, 0x00, 0x96, 0x01,
        0xae, 0x00, 0x18, 0x01, 0x1b, 0x01, 0x92, 0x01, 0xd9, 0x00, 0xe7, 0x80, 0xff, 0xff, 0xff, 0xff,
        0x77, 0x01, 0x95, 0x00, 0x11, 0x00, 0x26, 0x00, 0x96, 0x00, 0x4c, 0x00, 0x5e, 0x01, 0x77, 0x01,
        0x8f, 0x01, 0x73, 0x01, 0xff, 0xff, 0x25, 0x01, 0xc0, 0x00, 0x02, 0x01, 0x8e, 0x01, 0x76, 0x00,
        0x7d, 0x01, 0x3b, 0x00, 0x8e, 0x01, 0x5a, 0x00, 0x2b, 0x01, 0xb9, 0x00, 0x46, 0x01, 0x10, 0x01,
        0xc8, 0x00, 0x76, 0x01, 0x09, 0x00, 0x71, 0x00, 0x6d, 0x00, 0xdb, 0x00, 0x66, 0x00, 0xff, 0xff,
        0x34, 0x01, 0x9c, 0x00, 0x45, 0x01, 0x32, 0x00, 0x95, 0x01, 0x47, 0x01, 0xa4, 0x00, 0x0c, 0x01,
        0x6e, 0x01, 0x4d, 0x00, 0x1b, 0x00, 0x84, 0x00, 0x33, 0x00, 0x24, 0x01, 0x92, 0x01, 0x08, 0x01,
        0x8f, 0x00, 0x9f, 0x01, 0x5e, 0x01, 0xff, 0xff, 0xff, 0xff, 0x64, 0x01, 0xd9, 0x00, 0x05, 0x01,
        0x40, 0x01, 0x93, 0x00, 0x91, 0x01, 0x2f, 0x01, 0x4a, 0x01, 0x07, 0x00, 0x46, 0x01, 0x08, 0x01,
        0x60, 0x01, 0x1b, 0x01, 0xc1, 0x00, 0x81, 0x00, 0x40, 0x01, 0x94, 0x01, 0x05, 0x01, 0xd1, 0x00,
        0x8f, 0x00, 0x2f, 0x01, 0xce, 0x00, 0x36, 0x01, 0xb9, 0x00, 0xb0, 0x00, 0x8c, 0x00, 0xb1, 0x00,
        0x93, 0x01, 0x46, 0x00, 0xff, 0xff, 0x25, 0x01, 0x6c, 0x00, 0x58, 0x00, 0xcb, 0x00, 0x43, 0x01,
        0x8b, 0x00, 0x49, 0x01, 0x69, 0x01, 0xa2, 0x00, 0x63, 0x01, 0x58, 0x00, 0xc1, 0x00, 0x18, 0x00,
        0x1e, 0x00, 0xb9, 0x00, 0x77, 0x01, 0x33, 0x00, 0x80, 0x01, 0xcd, 0x00, 0x7d, 0x01, 0x93, 0x01,
        0x77, 0x01, 0x3c, 0x00, 0x88, 0x00, 0x5e, 0x01, 0x48, 0x01, 0x28, 0x01, 0x69, 0x01, 0x40, 0x01,
        0x3f, 0x01, 0x08, 0x01, 0xba, 0x00, 0x77, 0x01, 0xff, 0xff, 0xb0, 0x00, 0xb2, 0x00, 0x5a, 0x00,
        0xb7, 0x00, 0xb8, 0x00, 0x66, 0x01, 0x68, 0x01, 0xf4, 0x00, 0xce, 0x00, 0x66, 0x01, 0x15, 0x01,
        0x66, 0x87, 0x3a, 0x01, 0x73, 0x01, 0x0e, 0x00, 0xb9, 0x00, 0x7f, 0x00, 0x06, 0x01, 0xb6, 0x00,
        0x07, 0x00, 0x0d, 0x00, 0x81, 0x00, 0x81, 0x00, 0xff, 0xff, 0x1b, 0x00, 0xfa, 0x00, 0x0e, 0x01,
        0xd3, 0x00, 0x92, 0x00, 0x15, 0x00, 0xcb, 0x00, 0x25, 0x01, 0x5e, 0x01, 0xff, 0xff, 0xff, 0xff,
        0xb2, 0x00, 0x11, 0x01, 0xff, 0xff, 0x87, 0x00, 0x67, 0x01, 0xff, 0xff, 0x34, 0x01, 0x79, 0x01,
        0xff, 0xff, 0xdb, 0x00, 0x85, 0x00, 0x92, 0x00, 0x73, 0x01, 0xff, 0xff, 0x23, 0x01, 0x56, 0x01,
        0x69, 0x01, 0x8f, 0x01, 0xcc, 0x00, 0x64, 0x01, 0xc7, 0x00, 0xff, 0xff, 0x85, 0x00, 0x48, 0x01,
        0x68, 0x01, 0x76, 0x01, 0x0d, 0x00, 0xc1, 0x00, 0x58, 0x00, 0xb2, 0x00, 0x37, 0x00, 0x2b, 0x00,
        0x3e, 0x00, 0x43, 0x00, 0xa6, 0x00, 0x2a, 0x00, 0x66, 0x01, 0x21, 0x00, 0xce, 0x00, 0x08, 0x01,
        0x0f, 0x01, 0x91, 0x01, 0xff, 0xff, 0xff, 0xff, 0xff, 0xff, 0x81, 0x00, 0x63, 0x00, 0x27, 0x00,
        0x6e, 0x00, 0xd7, 0x00, 0x14, 0x00, 0x82, 0x00, 0x69, 0x00, 0x75, 0x01, 0xc9, 0x00, 0x5d, 0x01,
        0xff, 0xff, 0xff, 0xff, 0xff, 0xff, 0x1d, 0x01, 0x70, 0x01, 0x92, 0x01, 0xd2, 0x00, 0x8c, 0x00,
        0xff, 0xff, 0x8c, 0x01, 0xa5, 0x01, 0x7f, 0x01, 0xb7, 0x00, 0xff, 0xff, 0x95, 0x01, 0x0d, 0x00,
        0x18, 0x01, 0x7d, 0x01, 0xff, 0xff, 0x31, 0x00, 0x56, 0x00, 0x77, 0x01, 0xce, 0x00, 0x0d, 0x01,
        0xff, 0xff, 0x5d, 0x01, 0x89, 0x00, 0x15, 0x00, 0xff, 0xff, 0x11, 0x00, 0x58, 0x00, 0x7f, 0x01,
        0xb2, 0x00, 0x58, 0x00, 0x10, 0x01, 0x60, 0x00, 0x56, 0x00, 0x52, 0x00, 0x92, 0x01, 0x4f, 0x01,
        0x7d, 0x01, 0x8f, 0x00, 0x06, 0x01, 0x93, 0x00, 0xab, 0x00, 0x24, 0x00, 0x0a, 0x00, 0xea, 0x00,
        0x77, 0x01, 0x6e, 0x01, 0xd6, 0x00, 0x71, 0x01, 0x60, 0x00, 0xff, 0xff, 0xe8, 0x00, 0x52, 0x01,
        0x0c, 0x00, 0x8a, 0x01, 0x5e, 0x01, 0x9c, 0x00, 0x75, 0x01, 0xf4, 0x00, 0x68, 0x01, 0x69, 0x00,
        0x49, 0x01, 0x71, 0x00, 0x86, 0x00, 0x46, 0x01, 0xff, 0xff, 0x75, 0x01, 0x3a, 0x00, 0x06, 0x01,
        0x8f, 0x00, 0xc3, 0x00, 0xce, 0x00, 0xce, 0x00, 0x8b, 0x00, 0xbe, 0x00, 0x58, 0x00, 0xf4, 0x00,
        0xce, 0x00, 0x8e, 0x00, 0x60, 0x00, 0x11, 0x00, 0x85, 0x00, 0x41, 0x01, 0x75, 0x01, 0xe7, 0x00,
        0x8f, 0x00, 0xb4, 0x00, 0x14, 0x00, 0x8b, 0x00, 0x4e, 0x01, 0xb9, 0x00, 0xa2, 0x01, 0x34, 0x01,
        0x78, 0x01, 0x3e, 0x00, 0x29, 0x00, 0x16, 0x00, 0xd1, 0x00, 0x73, 0x01, 0xac, 0x00, 0x28, 0x00,
        0x8d, 0x00, 0x3a, 0x01, 0x11, 0x01, 0xe7, 0x00, 0xc1, 0x00, 0xff, 0xff, 0x34, 0x01, 0xc1, 0x00,
        0x96, 0x01, 0xff, 0xff, 0x29, 0x00, 0x94, 0x00, 0x91, 0x00, 0x56, 0x00, 0x77, 0x01, 0x20, 0x01,
        0x17, 0x00, 0x18, 0x01, 0x60, 0x00, 0xac, 0x00, 0x43, 0x01, 0x7d, 0x01, 0x7c, 0x01, 0x45, 0x00,
        0xb9, 0x00, 0x96, 0x01, 0x46, 0x01, 0x02, 0x01, 0x8b, 0x01, 0x8d, 0x00, 0x2f, 0x00, 0x15, 0x00,
        0xa1, 0x00, 0x38, 0x00, 0xff, 0xff, 0x76, 0x00, 0x76, 0x00, 0xd6, 0x00, 0x81, 0x00, 0x6a, 0x00,
        0x43, 0x00, 0x60, 0x00, 0x6f, 0x01, 0xce, 0x00, 0xcb, 0x00, 0xad, 0x00, 0x6c, 0x00, 0x8e, 0x01,
        0x46, 0x01, 0x7d, 0x01, 0x9f, 0x01, 0xb2, 0x00, 0xbe, 0x00, 0x63, 0x01, 0xb0, 0x00, 0x89, 0x00,
        0xb2, 0x00, 0xb2, 0x00, 0xff, 0xff, 0x03, 0x01, 0x74, 0x01, 0x5a, 0x01, 0x59, 0x01, 0xfc, 0x00,
        0xff, 0xff, 0x8e, 0x01, 0x71, 0x00, 0xff, 0xff, 0x6e, 0x01, 0xda, 0x00, 0x12, 0x01, 0x5e, 0x01,
        0x92, 0x01, 0x4b, 0x00, 0x5e, 0x01, 0x14, 0x00, 0xff, 0xff, 0x84, 0x00, 0x6f, 0x01, 0x83, 0x01,
        0xb2, 0x00, 0x73, 0x01, 0x85, 0x00, 0x70, 0x01, 0x81, 0x00, 0x09, 0x00, 0x14, 0x01, 0x68, 0x01,
        0x03, 0x01, 0xb6, 0x00, 0x95, 0x01, 0x77, 0x01, 0x6e, 0x01, 0xc1, 0x00, 0x9b, 0x00, 0x2a, 0x00,
        0xff, 0xff, 0xd9, 0x00, 0x76, 0x00, 0x23, 0x00, 0xbe, 0x00, 0x8c, 0x01, 0x46, 0x01, 0x60, 0x00,
        0x7f, 0x00, 0x89, 0x01, 0x0a, 0x01, 0x41, 0x01, 0x01, 0x01, 0x6f, 0x00, 0xff, 0xff, 0x87, 0x00,
        0x2a, 0x00, 0xff, 0xff, 0x56, 0x00, 0x56, 0x00, 0x1f, 0x01, 0x06, 0x01, 0x3e, 0x01, 0x93, 0x00,
        0xff, 0xff, 0x73, 0x01, 0x08, 0x00, 0x76, 0x01, 0x9e, 0x01, 0xde, 0x00, 0x2e, 0x00, 0x05, 0x00,
        0x1a, 0x00, 0x4e, 0x01, 0x76, 0x00, 0xa5, 0x01, 0x05, 0x00, 0x8f, 0x01, 0x5a, 0x01, 0x69, 0x00,
        0x0d, 0x00, 0x56, 0x00, 0x96, 0x01, 0x63, 0x01, 0x5f, 0x01, 0x93, 0x01, 0x95, 0x01, 0xbe, 0x00,
        0x5f, 0x01, 0x72, 0x00, 0x0f, 0x01, 0xaa, 0x00, 0x82, 0x01, 0x40, 0x01, 0xcf, 0x00, 0x43, 0x00,
        0x06, 0x01, 0x1a, 0x00, 0xff, 0x00, 0xb4, 0x00, 0x34, 0x01, 0xbc, 0x00, 0x41, 0x01, 0x06, 0x01,
        0x7e, 0x01, 0x5c, 0x00, 0x6e, 0x01, 0x95, 0x00, 0x43, 0x00, 0xfe, 0x00, 0x6f, 0x00, 0xea, 0x00,
        0x18, 0x01, 0x91, 0x01, 0x62, 0x00, 0xfd, 0x00, 0x48, 0x01, 0x23, 0x00, 0x30, 0x00, 0x79, 0x00,
        0x99, 0x01, 0xd5, 0x00, 0x11, 0x00, 0x06, 0x01, 0x34, 0x01, 0x0d, 0x00, 0x95, 0x00, 0x3e, 0x01,
        0xff, 0xff, 0x6d, 0x00, 0xd9, 0x00, 0x86, 0x00, 0x64, 0x01, 0x56, 0x00, 0x6d, 0x01, 0xd6, 0x00,
        0xff, 0xff, 0x64, 0x01, 0x93, 0x01, 0x21, 0x01, 0x93, 0x00, 0x1d, 0x82, 0x8f, 0x01, 0x2f, 0x01,
        0xcd, 0x00, 0x0d, 0x00, 0x76, 0x00, 0x7d, 0x01, 0x66, 0x01, 0xf8, 0x00, 0xe1, 0x00, 0x18, 0x00,
        0x15, 0x00, 0xff, 0xff, 0x06, 0x01, 0x89, 0x00, 0x9d, 0x01, 0xbe, 0x00, 0x96, 0x00, 0x66, 0x01,
        0x64, 0x01, 0x17, 0x00, 0x5f, 0x01, 0x93, 0x01, 0x9e, 0x01, 0xa8, 0x00, 0x33, 0x00, 0x4f, 0x01,
        0x2a, 0x00, 0x43, 0x00, 0x30, 0x00, 0x0f, 0x01, 0x8f, 0x01, 0x8a, 0x01, 0x1c, 0x01, 0x12, 0x00,
        0x89, 0x00, 0x64, 0x01, 0x96, 0x01, 0x95, 0x00, 0x66, 0x00, 0x89, 0x00, 0x3a, 0x00, 0x25, 0x00,
        0x45, 0x01, 0x22, 0x01, 0x67, 0x01, 0x85, 0x00, 0x06, 0x01, 0x96, 0x01, 0x44, 0x01, 0x20, 0x00,
        0x60, 0x01, 0x9c, 0x00, 0x9b, 0x00, 0x6c, 0x00, 0x62, 0x00, 0x58, 0x00, 0x33, 0x00, 0x1a, 0x00,
        0x93, 0x01, 0x21, 0x00, 0xb0, 0x00, 0x6d, 0x01, 0x8b, 0x01, 0x8f, 0x01, 0x7d, 0x01, 0x71, 0x00,
        0x6a, 0x00, 0x83, 0x01, 0x3c, 0x00, 0x88, 0x00, 0x40, 0x01, 0x48, 0x01, 0x6c, 0x00, 0x64, 0x01,
        0xc7, 0x00, 0x51, 0x00, 0x04, 0x00, 0xfd, 0x00, 0x63, 0x01, 0x01, 0x00, 0xcd, 0x00, 0xfd, 0x00,
        0xcd, 0x00, 0x74, 0x01, 0x93, 0x01, 0x14, 0x00, 0x79, 0x01, 0x5e, 0x01, 0x15, 0x01, 0xac, 0x00,
        0x73, 0x01, 0x21, 0x00, 0x11, 0x01, 0x91, 0x01, 0x05, 0x01, 0xff, 0xff, 0x47, 0x01, 0x5a, 0x00,
        0x36, 0x01, 0xff, 0xff, 0x3d, 0x00, 0x39, 0x00, 0x48, 0x01, 0x4f, 0x01, 0x27, 0x00, 0x46, 0x01,
        0x8a, 0x00, 0x3c, 0x01, 0x85, 0x00, 0xb6, 0x00, 0xff, 0xff, 0xff, 0xff, 0x25, 0x00, 0x8f, 0x00,
        0x52, 0x00, 0x6b, 0x00, 0x60, 0x00, 0x51, 0x00, 0xff, 0xff, 0x52, 0x00, 0x0c, 0x00, 0x4a, 0x01,
        0x43, 0x00, 0xff, 0xff, 0x43, 0x00, 0x15, 0x00, 0x5c, 0x01, 0x8e, 0x01, 0xc0, 0x00, 0x06, 0x01,
        0xd7, 0x00, 0x08, 0x01, 0xff, 0xff, 0x9f, 0x01, 0x40, 0x01, 0xff, 0xff, 0x7c, 0x01, 0x95, 0x01,
        0x46, 0x01, 0xff, 0xff, 0x41, 0x01, 0x15, 0x00, 0x64, 0x01, 0x8c, 0x00, 0x1a, 0x00, 0x60, 0x00,
        0x4d, 0x01, 0x24, 0x00, 0x60, 0x00, 0x5a, 0x00, 0x63, 0x01, 0x64, 0x01, 0x74, 0x01, 0xd3, 0x00,
        0xf8, 0x00, 0xc8, 0x00, 0x2a, 0x01, 0xcd, 0x00, 0x1a, 0x00, 0x50, 0x01, 0x98, 0x00, 0x06, 0x00,
        0x68, 0x01, 0x6a, 0x01, 0x06, 0x01, 0xff, 0xff, 0xff, 0xff, 0x2f, 0x01, 0x84, 0x00, 0xea, 0x00,
        0x68, 0x01, 0x25, 0x00, 0x3c, 0x00, 0x5c, 0x00, 0x78, 0x01, 0x03, 0x00, 0x14, 0x01, 0x1a, 0x01,
        0xc7, 0x00, 0x58, 0x00, 0x10, 0x01, 0x34, 0x01, 0x79, 0x00, 0x0e, 0x00, 0x3b, 0x00, 0xd5, 0x00,
        0x42, 0x00, 0xff, 0xff, 0xff, 0xff, 0xa6, 0x00, 0xff, 0xff, 0x1f, 0x00, 0x51, 0x00, 0x7c, 0x01,
        0x78, 0x00, 0xff, 0xff, 0x6d, 0x00, 0x70, 0x01, 0xb0, 0x00, 0x8f, 0x00, 0x06, 0x01, 0x10, 0x01,
        0x5d, 0x01, 0x77, 0x01, 0xb6, 0x00, 0xff, 0xff, 0xff, 0xff, 0x73, 0x01, 0x77, 0x01, 0x78, 0x01,
        0x06, 0x01, 0x8f, 0x01, 0x64, 0x01, 0x77, 0x01, 0x76, 0x01, 0x63, 0x01, 0x93, 0x01, 0x93, 0x01,
        0x76, 0x00, 0x31, 0x00, 0x60, 0x00, 0x30, 0x00, 0x02, 0x01, 0xa4, 0x00, 0x29, 0x00, 0xff, 0xff,
        0x59, 0x01, 0x0e, 0x01, 0x33, 0x00, 0x65, 0x00, 0xa3, 0x00, 0x10, 0x01, 0x10, 0x01, 0x93, 0x01,
        0xcd, 0x00, 0xb2, 0x00, 0x95, 0x01, 0x46, 0x01, 0x93, 0x01, 0x6c, 0x00, 0xb5, 0x00, 0x81, 0x00,
        0xaa, 0x00, 0x45, 0x00, 0x32, 0x00, 0x79, 0x01, 0xff, 0xff, 0xff, 0xff, 0x06, 0x01, 0x9d, 0x01,
        0x1f, 0x00, 0xc9, 0x00, 0x4d, 0x00, 0x78, 0x01, 0x20, 0x00, 0x20, 0x01, 0x7b, 0x00, 0x1f, 0x01,
        0x60, 0x00, 0xab, 0x00, 0x6b, 0x01, 0x8b, 0x00, 0x77, 0x01, 0xcb, 0x00, 0xff, 0xff, 0xc8, 0x00,
        0x89, 0x00, 0x45, 0x01, 0x76, 0x00, 0xff, 0xff, 0xb2, 0x00, 0x9e, 0x01, 0xa1, 0x01, 0x75, 0x01,
        0x66, 0x00, 0xb2, 0x00, 0x06, 0x01, 0x6a, 0x00, 0xb2, 0x00, 0x13, 0x00, 0x45, 0x01, 0xff, 0xff,
        0xff, 0xff, 0x41, 0x01, 0x29, 0x00, 0x8b, 0x00, 0x69, 0x01, 0x0a, 0x00, 0x6e, 0x01, 0x90, 0x00,
        0x05, 0x01, 0xb9, 0x00, 0x67, 0x01, 0xa5, 0x01, 0x46, 0x00, 0x30, 0x00, 0x0d, 0x01, 0xdb, 0x00,
        0x8b, 0x01, 0xc2, 0x00, 0x77, 0x01, 0x2f, 0x01, 0x7d, 0x01, 0x82, 0x00, 0xb2, 0x00, 0xf5, 0x00,
        0xff, 0xff, 0xff, 0xff, 0xb2, 0x00, 0xff, 0xff, 0xff, 0xff, 0x3a, 0x01, 0xff, 0xff, 0x77, 0x01,
        0xe9, 0x00, 0x3e, 0x01, 0xa2, 0x00, 0x60, 0x00, 0x77, 0x01, 0x42, 0x00, 0x14, 0x01, 0x1b, 0x00,
        0xff, 0xff, 0x4e, 0x01, 0x0c, 0x01, 0x10, 0x00, 0x43, 0x01, 0x5e, 0x01, 0x50, 0x00, 0x28, 0x01,
        0x01, 0x00, 0x06, 0x01, 0xa4, 0x01, 0xa5, 0x00, 0x5a, 0x00, 0xff, 0xff, 0x78, 0x01, 0xff, 0xff,
        0x27, 0x01, 0x4c, 0x00, 0x86, 0x00, 0x69, 0x01, 0x86, 0x01, 0x48, 0x01, 0x49, 0x01, 0x93, 0x01,
        0x77, 0x01, 0x60, 0x00, 0x52, 0x00, 0xff, 0xff, 0x96, 0x00, 0x8a, 0x00, 0x1f, 0x00, 0x66, 0x01,
        0xc7, 0x00, 0xff, 0xff, 0x0d, 0x00, 0xb9, 0x00, 0x8e, 0x00, 0xa7, 0x00, 0x8a, 0x00, 0xff, 0xff,
        0x26, 0x00, 0xad, 0x00, 0x6b, 0x01, 0x5a, 0x00, 0xc2, 0x00, 0x8a, 0x01, 0x79, 0x00, 0x89, 0x00,
        0xe3, 0x00, 0x79, 0x01, 0x68, 0x01, 0x4d, 0x01, 0xae, 0x00, 0x86, 0x01, 0xa7, 0x00, 0xff, 0xff,
        0x08, 0x01, 0x93, 0x00, 0xff, 0x00, 0x58, 0x00, 0x54, 0x01, 0xb8, 0x00, 0xce, 0x00, 0x9d, 0x01,
        0x69, 0x01, 0x81, 0x00, 0xce, 0x00, 0x8e, 0x00, 0x81, 0x01, 0x33, 0x00, 0xb2, 0x00, 0x14, 0x01,
        0x96, 0x01, 0x78, 0x01, 0x76, 0x00, 0xff, 0xff, 0x77, 0x01, 0xbf, 0x00, 0x7f, 0x01, 0x14, 0x01,
        0xb9, 0x00, 0xe5, 0x00, 0x7d, 0x01, 0xf2, 0x00, 0xff, 0xff, 0x77, 0x01, 0xf2, 0x00, 0x77, 0x01,
        0x08, 0x01, 0x65, 0x01, 0x2a, 0x00, 0x78, 0x01, 0xce, 0x00, 0x64, 0x01, 0xd9, 0x00, 0x99, 0x00,
        0xa1, 0x01, 0x65, 0x01, 0x73, 0x01, 0x55, 0x01, 0x4e, 0x01, 0x63, 0x01, 0x45, 0x01, 0x78, 0x01,
        0x28, 0x00, 0x95, 0x01, 0xc8, 0x00, 0x7e, 0x01, 0xf1, 0x00, 0xd0, 0x00, 0x85, 0x01, 0x5c, 0x01,
        0xb2, 0x00, 0x10, 0x01, 0xd9, 0x00, 0x34, 0x01, 0x0d, 0x00, 0x9e, 0x01, 0x08, 0x00, 0xff, 0xff,
        0x94, 0x00, 0x67, 0x01, 0xa7, 0x00, 0xf6, 0x00, 0xa6, 0x00, 0x71, 0x01, 0x8a, 0x01, 0x75, 0x01,
        0xa8, 0x00, 0x86, 0x00, 0x64, 0x01, 0x52, 0x00, 0x74, 0x01, 0x50, 0x01, 0x7c, 0x01, 0x95, 0x00,
        0xb2, 0x00, 0xff, 0xff, 0xb2, 0x00, 0x26, 0x00, 0x89, 0x00, 0x81, 0x00, 0x8c, 0x01, 0x60, 0x00,
        0x22, 0x00, 0x6f, 0x00, 0x93, 0x00, 0xcd, 0x00, 0x22, 0x00, 0x48, 0x01, 0xd6, 0x00, 0x6b, 0x01,
        0xb2, 0x00, 0x73, 0x01, 0x40, 0x01, 0x34, 0x01, 0x77, 0x01, 0x13, 0x00, 0x33, 0x00, 0x80, 0x00,
        0x5c, 0x01, 0x43, 0x00, 0x89, 0x00, 0x66, 0x00, 0x76, 0x00, 0x14, 0x00, 0x6d, 0x01, 0xba, 0x00,
        0x18, 0x00, 0x18, 0x00, 0x77, 0x01, 0x6f, 0x01, 0x73, 0x01, 0x85, 0x01, 0x76, 0x00, 0x7b, 0x01,
        0x9f, 0x01, 0xff, 0xff, 0x9a, 0x00, 0x7d, 0x01, 0x06, 0x01, 0x8f, 0x01, 0xc5, 0x00, 0xff, 0xff,
        0xff, 0xff, 0x3a, 0x01, 0x8f, 0x00, 0x6f, 0x00, 0x05, 0x01, 0xb8, 0x00, 0xff, 0xff, 0x52, 0x01,
        0x8c, 0x00, 0xaa, 0x00, 0x77, 0x01, 0x7b, 0x01, 0x32, 0x00, 0x73, 0x01, 0x8e, 0x00, 0x71, 0x01,
        0x5e, 0x01, 0x66, 0x01, 0xe9, 0x00, 0x60, 0x00, 0x66, 0x00, 0xff, 0xff, 0xd5, 0x00, 0x96, 0x01,
        0xda, 0x00, 0x66, 0x01, 0x5f, 0x01, 0xb2, 0x00, 0x18, 0x00, 0xd1, 0x00, 0x8b, 0x00, 0xe3, 0x00,
        0x20, 0x00, 0x5c, 0x01, 0x6e, 0x01, 0xf1, 0x00, 0xc6, 0x00, 0xa3, 0x01, 0x99, 0x00, 0x97, 0x00,
        0x77, 0x00, 0xff, 0xff, 0xff, 0xff, 0x7d, 0x01, 0x5e, 0x01, 0x96, 0x01, 0xff, 0xff, 0xff, 0xff,
        0x77, 0x01, 0xff, 0xff, 0x46, 0x00, 0x60, 0x00, 0x0d, 0x00, 0x96, 0x01, 0x9e, 0x01, 0x36, 0x01,
        0x65, 0x01, 0xe3, 0x00, 0xff, 0xff, 0x8d, 0x00, 0x71, 0x01, 0x28, 0x00, 0xec, 0x00, 0x1b, 0x01,
        0x93, 0x01, 0x26, 0x01, 0xff, 0xff, 0x2d, 0x01, 0x7d, 0x01, 0xff, 0xff, 0x8f, 0x00, 0xff, 0xff,
        0xbe, 0x00, 0x76, 0x00, 0x11, 0x00, 0x77, 0x01, 0xa3, 0x01, 0x8c, 0x01, 0x7d, 0x01, 0x5c, 0x01,
        0xe3, 0x00, 0x6f, 0x00, 0x95, 0x00, 0x0c, 0x00, 0x18, 0x00, 0xff, 0xff, 0x51, 0x00, 0x06, 0x01,
        0x75, 0x01, 0xa7, 0x00, 0x1f, 0x01, 0x80, 0x00, 0x71, 0x01, 0x69, 0x01, 0xff, 0xff, 0xa7, 0x00,
        0xff, 0xff, 0x69, 0x01, 0x14, 0x00, 0x9c, 0x00, 0x37, 0x00, 0x6e, 0x01, 0x06, 0x00, 0xf4, 0x00,
        0x9f, 0x01, 0xff, 0xff, 0x4e, 0x01, 0x2a, 0x00, 0x27, 0x00, 0xe6, 0x00, 0x6f, 0x00, 0x5c, 0x00,
        0x69, 0x01, 0x42, 0x00, 0x5e, 0x01, 0x95, 0x00, 0xa7, 0x00, 0x89, 0x01, 0x23, 0x01, 0x51, 0x00,
        0xb9, 0x00, 0xcd, 0x00, 0xff, 0xff, 0x73, 0x00, 0xcd, 0x00, 0xbc, 0x00, 0xff, 0xff, 0x79, 0x01,
        0xff, 0xff, 0x6f, 0x00, 0x35, 0x00, 0xb2, 0x00, 0x4d, 0x00, 0xff, 0xff, 0x10, 0x00, 0x08, 0x01,
        0x64, 0x01, 0xff, 0xff, 0x3f, 0x00, 0x3f, 0x00, 0x66, 0x01, 0xb4, 0x00, 0xff, 0xff, 0x2f, 0x01,
        0x69, 0x01, 0x34, 0x01, 0x5e, 0x01, 0xff, 0xff, 0xff, 0xff, 0x79, 0x00, 0x7c, 0x01, 0xbe, 0x00,
        0xab, 0x00, 0x79, 0x01, 0x33, 0x01, 0x94, 0x00, 0x06, 0x01, 0x8b, 0x00, 0x80, 0x01, 0xff, 0xff,
        0x06, 0x01, 0xff, 0xff, 0xb8, 0x00, 0x89, 0x00, 0xc6, 0x00, 0x2e, 0x00, 0xe4, 0x00, 0x12, 0x00,
        0xb2, 0x00, 0xb9, 0x00, 0x64, 0x00, 0x26, 0x00, 0x6f, 0x01, 0x66, 0x01, 0x81, 0x00, 0x0d, 0x00,
        0xa1, 0x01, 0x3b, 0x00, 0x3b, 0x00, 0x87, 0x00, 0x24, 0x01, 0x24, 0x00, 0x4e, 0x01, 0xff, 0xff,
        0xf0, 0x00, 0x93, 0x01, 0xba, 0x00, 0x5a, 0x00, 0x8d, 0x00, 0x6f, 0x00, 0x64, 0x01, 0xb8, 0x00,
        0x6f, 0x01, 0x19, 0x01, 0x4a, 0x01, 0xfd, 0x00, 0x6a, 0x01, 0x2d, 0x01, 0x93, 0x01, 0x5a, 0x01,
        0x54, 0x01, 0x4f, 0x01, 0x77, 0x01, 0x69, 0x01, 0xfd, 0x00, 0x75, 0x01, 0x75, 0x01, 0xf1, 0x00,
        0x78, 0x00, 0x68, 0x85, 0x78, 0x01, 0x58, 0x00, 0xdb, 0x00, 0x75, 0x01, 0x5c, 0x01, 0x7e, 0x01,
        0x65, 0x01, 0x95, 0x01, 0x7e, 0x01, 0x34, 0x01, 0xcf, 0x00, 0x64, 0x01, 0x89, 0x00, 0x4a, 0x01,
        0x5a, 0x00, 0x70, 0x01, 0xe3, 0x00, 0x32, 0x00, 0xce, 0x00, 0x0e, 0x00, 0xff, 0xff, 0xd9, 0x00,
        0x7d, 0x01, 0x52, 0x00, 0x93, 0x01, 0x18, 0x01, 0x6e, 0x01, 0xc3, 0x00, 0x86, 0x00, 0x71, 0x01,
        0xdd, 0x00, 0x76, 0x00, 0x8a, 0x00, 0x4c, 0x00, 0x82, 0x00, 0x55, 0x01, 0x02, 0x01, 0x35, 0x00,
        0x64, 0x01, 0x3f, 0x01, 0xce, 0x00, 0x6a, 0x01, 0x63, 0x01, 0x0e, 0x01, 0x8d, 0x01, 0x4a, 0x01,
        0x6b, 0x01, 0x92, 0x00, 0x93, 0x00, 0x87, 0x00, 0x4e, 0x01, 0xc7, 0x00, 0x73, 0x01, 0x89, 0x00,
        0x35, 0x01, 0xb0, 0x00, 0x5c, 0x01, 0x24, 0x00, 0x18, 0x00, 0x8e, 0x00, 0x7c, 0x01, 0x86, 0x00,
        0x8a, 0x01, 0x41, 0x01, 0x66, 0x00, 0xdd, 0x00, 0x64, 0x01, 0xff, 0xff, 0x4f, 0x00, 0x27, 0x00,
        0x5e, 0x01, 0x8f, 0x01, 0x72, 0x00, 0x23, 0x00, 0x27, 0x00, 0x85, 0x01, 0x86, 0x00, 0xbf, 0x00,
        0xb6, 0x00, 0xae, 0x00, 0x59, 0x01, 0x86, 0x00, 0x63, 0x01, 0x04, 0x00, 0x30, 0x01, 0x43, 0x01,
        0xc6, 0x00, 0x48, 0x01, 0x6a, 0x01, 0x90, 0x00, 0x02, 0x00, 0x46, 0x01, 0x21, 0x00, 0x5e, 0x01,
        0x56, 0x01, 0x89, 0x00, 0x25, 0x00, 0x24, 0x00, 0x7d, 0x01, 0x66, 0x01, 0x6a, 0x01, 0xff, 0xff,
        0xff, 0xff, 0xff, 0xff, 0xdd, 0x00, 0xff, 0xff, 0x73, 0x01, 0x0f, 0x01, 0x8c, 0x00, 0x3f, 0x01,
        0x96, 0x00, 0xb6, 0x00, 0x93, 0x00, 0xff, 0xff, 0xc7, 0x00, 0xb7, 0x00, 0xff, 0xff, 0x2a, 0x00,
        0x27, 0x00, 0x67, 0x01, 0x0c, 0x01, 0xcb, 0x00, 0x36, 0x01, 0x20, 0x00, 0x27, 0x00, 0x6c, 0x00,
        0x7d, 0x01, 0x78, 0x01, 0xff, 0xff, 0xba, 0x00, 0xae, 0x00, 0x36, 0x01, 0x8f, 0x01, 0x3a, 0x01,
        0x86, 0x00, 0xff, 0xff, 0xff, 0xff, 0x52, 0x00, 0xff, 0xff, 0x2b, 0x01, 0x9f, 0x01, 0x95, 0x00,
        0x96, 0x00, 0x56, 0x01, 0xbd, 0x00, 0x5e, 0x01, 0x28, 0x00, 0x96, 0x01, 0xb7, 0x00, 0xff, 0xff,
        0x8f, 0x01, 0x8e, 0x01, 0xff, 0xff, 0x77, 0x01, 0x2a, 0x00, 0xe3, 0x00, 0x14, 0x00, 0x42, 0x01,
        0x77, 0x01, 0x78, 0x00, 0x72, 0x01, 0x84, 0x00, 0xc7, 0x00, 0xc7, 0x00, 0x10, 0x01, 0xae, 0x00,
        0x78, 0x00, 0x94, 0x01, 0xd2, 0x00, 0x66, 0x01, 0x91, 0x01, 0x36, 0x01, 0xa5, 0x01, 0x96, 0x01,
        0x6b, 0x00, 0x6f, 0x01, 0x77, 0x01, 0x93, 0x01, 0x69, 0x01, 0x8f, 0x00, 0x18, 0x00, 0xff, 0xff,
        0x15, 0x00, 0xb5, 0x00, 0x93, 0x01, 0x89, 0x00, 0x5c, 0x01, 0x6f, 0x00, 0x93, 0x00, 0x90, 0x00,
        0x01, 0x00, 0x60, 0x00, 0x71, 0x00, 0x80, 0x00, 0x73, 0x01, 0x1f, 0x01, 0x93, 0x01, 0x10, 0x00,
        0x77, 0x01, 0x45, 0x01, 0x47, 0x00, 0x71, 0x00, 0x33, 0x01, 0x71, 0x01, 0x25, 0x00, 0x30, 0x01,
        0x0d, 0x01, 0xff, 0xff, 0xff, 0xff, 0x30, 0x00, 0x7f, 0x00, 0x4b, 0x00, 0x26, 0x00, 0x5e, 0x01,
        0x1d, 0x01, 0x36, 0x01, 0x17, 0x00, 0x89, 0x00, 0x81, 0x01, 0x06, 0x01, 0x73, 0x01, 0x60, 0x00,
        0x7d, 0x01, 0x60, 0x00, 0x03, 0x01, 0x93, 0x01, 0x48, 0x01, 0xa5, 0x01, 0x24, 0x00, 0x10, 0x01,
        0x7c, 0x01, 0x79, 0x00, 0x80, 0x00, 0x71, 0x00, 0x52, 0x00, 0x8c, 0x00, 0x80, 0x01, 0x54, 0x01,
        0x38, 0x00, 0x55, 0x01, 0x60, 0x00, 0xa5, 0x01, 0x81, 0x00, 0xff, 0xff, 0x14, 0x00, 0x8e, 0x01,
        0x95, 0x00, 0x49, 0x01, 0x95, 0x00, 0x60, 0x00, 0x85, 0x00, 0x30, 0x00, 0x7b, 0x01, 0x2f, 0x00,
        0x45, 0x01, 0x27, 0x00, 0x08, 0x01, 0x17, 0x00, 0x2b, 0x81, 0xc7, 0x00, 0x18, 0x00, 0x06, 0x01,
        0x8b, 0x00, 0x0d, 0x00, 0x89, 0x00, 0x93, 0x01, 0x96, 0x01, 0x10, 0x01, 0x8c, 0x01, 0x89, 0x00,
        0x0e, 0x00, 0xff, 0xff, 0xb2, 0x00, 0xb2, 0x00, 0x7f, 0x01, 0x11, 0x01, 0x26, 0x00, 0x60, 0x00,
        0x1f, 0x00, 0x49, 0x01, 0x34, 0x01, 0x77, 0x00, 0x0b, 0x01, 0x06, 0x01, 0x14, 0x00, 0xd9, 0x00,
        0x54, 0x01, 0x2a, 0x00, 0x35, 0x00, 0x7f, 0x01, 0x93, 0x01, 0x25, 0x00, 0x2a, 0x00, 0x0d, 0x00,
        0xcd, 0x00, 0x05, 0x00, 0x4f, 0x01, 0xd2, 0x00, 0xb7, 0x00, 0x5c, 0x00, 0x26, 0x00, 0x0f, 0x01,
        0x50, 0x01, 0x60, 0x00, 0xa9, 0x00, 0x8b, 0x00, 0xff, 0xff, 0xff, 0xff, 0xff, 0xff, 0x91, 0x01,
        0x0f, 0x01, 0xa5, 0x01, 0x27, 0x00, 0xa7, 0x00, 0xb7, 0x00, 0x0a, 0x00, 0x4d, 0x00, 0x63, 0x01,
        0xff, 0xff, 0x9d, 0x01, 0xbe, 0x00, 0x49, 0x01, 0xff, 0xff, 0x2a, 0x00, 0xb5, 0x00, 0x4f, 0x01,
        0xa8, 0x00, 0x22, 0x00, 0x95, 0x00, 0x55, 0x01, 0x84, 0x00, 0x5a, 0x00, 0x0d, 0x00, 0xff, 0xff,
        0x65, 0x01, 0x61, 0x01, 0x89, 0x00, 0x10, 0x01, 0xa7, 0x00, 0x81, 0x00, 0x0f, 0x01, 0x43, 0x01,
        0x17, 0x00, 0xff, 0xff, 0x0f, 0x01, 0xfd, 0x00, 0xf8, 0x00, 0x5a, 0x01, 0x75, 0x01, 0x1b, 0x01,
        0x71, 0x01, 0x35, 0x00, 0x47, 0x00, 0x27, 0x00, 0x39, 0x00, 0xcd, 0x00, 0x6f, 0x01, 0x51, 0x00,
        0x11, 0x00, 0x8f, 0x01, 0x2a, 0x00, 0x21, 0x00, 0x71, 0x00, 0x4e, 0x00, 0xa0, 0x01, 0x42, 0x00,
        0xab, 0x00, 0x4d, 0x01, 0x7f, 0x01, 0x11, 0x01, 0x96, 0x01, 0xb9, 0x00, 0x25, 0x00, 0x91, 0x01,
        0x60, 0x00, 0x30, 0x01, 0x50, 0x01, 0xa3, 0x00, 0x01, 0x00, 0xff, 0xff, 0x0e, 0x01, 0x36, 0x01,
        0x75, 0x00, 0x2d, 0x01, 0x5b, 0x01, 0x8c, 0x01, 0xbc, 0x00, 0x92, 0x00, 0xb2, 0x00, 0xff, 0xff,
        0x30, 0x00, 0x1b, 0x01, 0x7f, 0x01, 0x95, 0x00, 0x9a, 0x00, 0x58, 0x00, 0x06, 0x01, 0x7f, 0x00,
        0x60, 0x00, 0xbe, 0x00, 0x7f, 0x00, 0x59, 0x01, 0xd2, 0x00, 0x4f, 0x01, 0x94, 0x00, 0x06, 0x01,
        0x92, 0x01, 0x0d, 0x01, 0x6a, 0x00, 0x4f, 0x01, 0xad, 0x00, 0xc9, 0x00, 0x78, 0x01, 0xbe, 0x00,
        0x7e, 0x01, 0x93, 0x00, 0xfd, 0x00, 0xff, 0xff, 0x69, 0x01, 0x0e, 0x00, 0x87, 0x00, 0x96, 0x01,
        0x1b, 0x01, 0x26, 0x01, 0x63, 0x01, 0x1f, 0x00, 0x9f, 0x00, 0x2d, 0x01, 0xfc, 0x00, 0xc7, 0x00,
        0x6d, 0x01, 0xff, 0xff, 0x33, 0x00, 0x9f, 0x00, 0x99, 0x01, 0x21, 0x00, 0x3e, 0x01, 0x28, 0x00,
        0x43, 0x01, 0x0a, 0x00, 0x98, 0x00, 0xff, 0xff, 0x93, 0x01, 0x5e, 0x01, 0xd2, 0x00, 0xb9, 0x00,
        0xa2, 0x01, 0xe7, 0x00, 0xb9, 0x00, 0x06, 0x01, 0x7f, 0x01, 0xff, 0xff, 0x77, 0x01, 0x64, 0x01,
        0x25, 0x00, 0xff, 0xff, 0x1b, 0x01, 0x25, 0x00, 0xeb, 0x00, 0x7c, 0x01, 0x89, 0x00, 0x14, 0x00,
        0x59, 0x00, 0xff, 0xff, 0xff, 0xff, 0x35, 0x00, 0x43, 0x00, 0x8d, 0x00, 0x7d, 0x01, 0x79, 0x00,
        0x6e, 0x01, 0x7d, 0x01, 0x10, 0x01, 0xff, 0xff, 0x06, 0x00, 0x69, 0x00, 0x91, 0x00, 0xff, 0xff,
        0x72, 0x01, 0x36, 0x01, 0x7c, 0x01, 0x3f, 0x01, 0x76, 0x01, 0x19, 0x00, 0x75, 0x01, 0x36, 0x01,
        0x73, 0x01, 0x38, 0x01, 0xb6, 0x00, 0x33, 0x00, 0x7d, 0x01, 0x14, 0x00, 0x43, 0x01, 0xff, 0xff,
        0x73, 0x01, 0xb0, 0x00, 0xb8, 0x00, 0x4e, 0x01, 0x4d, 0x00, 0x7f, 0x01, 0x89, 0x00, 0xff, 0xff,
        0x80, 0x01, 0xff, 0xff, 0xff, 0xff, 0x93, 0x00, 0x93, 0x00, 0x2a, 0x00, 0x25, 0x00, 0x6a, 0x00,
        0x67, 0x01, 0x66, 0x01, 0x02, 0x00, 0x71, 0x00, 0x7d, 0x01, 0xb0, 0x00, 0xff, 0xff, 0x55, 0x01,
        0x25, 0x00, 0x6b, 0x01, 0x0f, 0x01, 0x77, 0x00, 0xff, 0xff, 0x3d, 0x00, 0x17, 0x00, 0x43, 0x00,
        0x73, 0x01, 0x9e, 0x01, 0xff, 0xff, 0x79, 0x01, 0x21, 0x00, 0xff, 0xff, 0xb2, 0x00, 0x45, 0x01,
        0xc5, 0x00, 0xc5, 0x00, 0xff, 0xff, 0x49, 0x01, 0xfa, 0x00, 0xbd, 0x00, 0x06, 0x01, 0x39, 0x00,
        0x55, 0x01, 0x52, 0x00, 0x18, 0x00, 0x8e, 0x00, 0x77, 0x01, 0x89, 0x00, 0x3d, 0x00, 0x95, 0x00,
        0x0d, 0x00, 0xb0, 0x00, 0x77, 0x01, 0x30, 0x00, 0x30, 0x00, 0x03, 0x01, 0xb2, 0x00, 0x82, 0x01,
        0x47, 0x01, 0x03, 0x01, 0x35, 0x00, 0x93, 0x00, 0x6e, 0x01, 0x58, 0x00, 0xff, 0xff, 0x6e, 0x01,
        0x56, 0x00, 0x88, 0x00, 0x96, 0x01, 0x14, 0x01, 0x57, 0x00, 0x94, 0x00, 0x76, 0x00, 0xb5, 0x00,
        0x93, 0x01, 0xce, 0x00, 0x7d, 0x01, 0xff, 0xff, 0x1d, 0x00, 0xcb, 0x00, 0x78, 0x01, 0xcf, 0x00,
        0x55, 0x01, 0xa7, 0x00, 0xff, 0xff, 0xff, 0xff, 0xce, 0x00, 0x1b, 0x01, 0x7d, 0x01, 0x09, 0x01,
        0xce, 0x00, 0x93, 0x00, 0xfd, 0x00, 0x8f, 0x00, 0x5d, 0x01, 0x89, 0x00, 0xcd, 0x00, 0x8b, 0x00,
        0x70, 0x01, 0x09, 0x00, 0x63, 0x00, 0x21, 0x00, 0xb2, 0x00, 0xb2, 0x00, 0x0f, 0x01, 0x50, 0x00,
        0x79, 0x01, 0x80, 0x01, 0x25, 0x00, 0x93, 0x01, 0x14, 0x01, 0xff, 0xff, 0xc3, 0x00, 0x98, 0x00,
        0x71, 0x00, 0x7f, 0x01, 0x86, 0x00, 0xfd, 0x00, 0x1f, 0x00, 0x51, 0x00, 0x21, 0x00, 0x2b, 0x01,
        0x34, 0x01, 0x30, 0x01, 0x6b, 0x01, 0x79, 0x01, 0x34, 0x01, 0x27, 0x00, 0x76, 0x01, 0x76, 0x00,
        0x5a, 0x00, 0x76, 0x01, 0x73, 0x01, 0xa2, 0x01, 0x40, 0x01, 0x8f, 0x00, 0x51, 0x00, 0x66, 0x01,
        0x6f, 0x00, 0x4a, 0x01, 0x0b, 0x01, 0x21, 0x00, 0x76, 0x00, 0xcd, 0x00, 0x7f, 0x01, 0x35, 0x00,
        0x08, 0x01, 0x8f, 0x00, 0x2d, 0x01, 0xd7, 0x00, 0x7e, 0x01, 0xff, 0xff, 0xfc, 0x00, 0x92, 0x01,
        0x93, 0x01, 0x30, 0x00, 0x7d, 0x01, 0xd6, 0x00, 0x5c, 0x01, 0x8c, 0x00, 0x06, 0x01, 0x41, 0x01,
        0x00, 0x01, 0x4f, 0x01, 0xa5, 0x00, 0x35, 0x00, 0x43, 0x01, 0xff, 0xff, 0x8e, 0x00, 0x8b, 0x00,
        0x04, 0x00, 0x8d, 0x00, 0x76, 0x01, 0xff, 0xff, 0x76, 0x01, 0xbc, 0x00, 0x85, 0x01, 0x09, 0x00,
        0xb4, 0x00, 0xff, 0xff, 0x84, 0x00, 0xc2, 0x00, 0x5e, 0x01, 0x66, 0x01, 0x51, 0x01, 0x14, 0x00,
        0x92, 0x01, 0x96, 0x01, 0x0a, 0x00, 0xcd, 0x00, 0x69, 0x01, 0xf4, 0x00, 0x7c, 0x01, 0xff, 0xff,
        0x68, 0x01, 0xb2, 0x00, 0x8a, 0x01, 0xce, 0x00, 0xff, 0xff, 0x76, 0x01, 0xff, 0xff, 0xff, 0xff,
        0x03, 0x01, 0x69, 0x01, 0xff, 0xff, 0xff, 0xff, 0xff, 0xff, 0x2d, 0x01, 0x9d, 0x01, 0xff, 0xff,
        0x2d, 0x01, 0x95, 0x00, 0x89, 0x00, 0x8e, 0x00, 0xff, 0xff, 0xe6, 0x00, 0x04, 0x00, 0x2a, 0x00,
        0x63, 0x01, 0x6f, 0x00, 0x69, 0x01, 0x52, 0x01, 0x70, 0x01, 0x3d, 0x00, 0x8c, 0x01, 0x48, 0x01,
        0xfc, 0x00, 0x69, 0x01, 0x6e, 0x01, 0x66, 0x01, 0x3e, 0x01, 0xa3, 0x00, 0x92, 0x01, 0x63, 0x01,
        0x88, 0x00, 0x21, 0x01, 0x5f, 0x01, 0x4d, 0x00, 0x84, 0x00, 0xa9, 0x00, 0x60, 0x00, 0x2c, 0x00,
        0x66, 0x01, 0x0c, 0x01, 0x0b, 0x01, 0xac, 0x00, 0xff, 0xff, 0x72, 0x01, 0x79, 0x01, 0x12, 0x01,
        0x77, 0x00, 0x30, 0x00, 0x93, 0x01, 0xff, 0xff, 0x5e, 0x01, 0x73, 0x01, 0x67, 0x01, 0x77, 0x01,
        0xe3, 0x00, 0x92, 0x01, 0x2c, 0x00, 0xff, 0xff, 0x34, 0x01, 0x49, 0x00, 0x9e, 0x01, 0x95, 0x00,
        0x6e, 0x01, 0x7e, 0x01, 0xff, 0xff, 0xff, 0xff, 0x6e, 0x01, 0x3e, 0x00, 0x4f, 0x01, 0x66, 0x00,
        0x77, 0x01, 0x7f, 0x00, 0x77, 0x01, 0xff, 0xff, 0xb2, 0x00, 0xa2, 0x00, 0x66, 0x01, 0x43, 0x01,
        0x64, 0x01, 0x6f, 0x01, 0xff, 0xff, 0xff, 0xff, 0x43, 0x00, 0xab, 0x00, 0x95, 0x01, 0xe4, 0x00,
        0x26, 0x00, 0x8b, 0x00, 0x0d, 0x00, 0x99, 0x01, 0xb9, 0x00, 0x78, 0x00, 0x08, 0x00, 0x49, 0x01,
        0x27, 0x00, 0xc5, 0x00, 0x66, 0x01, 0x39, 0x01, 0x7b, 0x01, 0x10, 0x01, 0xff, 0xff, 0x05, 0x01,
        0x86, 0x00, 0x5e, 0x01, 0x77, 0x01, 0x76, 0x01, 0xff, 0xff, 0x24, 0x00, 0x78, 0x00, 0x12, 0x00,
        0xff, 0xff, 0x66, 0x01, 0x21, 0x00, 0x87, 0x00, 0xff, 0xff, 0x76, 0x00, 0x32, 0x00, 0x93, 0x01,
        0x06, 0x01, 0xa7, 0x00, 0x1c, 0x01, 0xff, 0xff, 0x79, 0x01, 0x6c, 0x01, 0xff, 0xff, 0x81, 0x00,
        0x37, 0x00, 0xff, 0xff, 0x12, 0x01, 0x43, 0x00, 0x63, 0x01, 0x0f, 0x01, 0xff, 0xff, 0x73, 0x01,
        0xb6, 0x00, 0x0d, 0x00, 0xff, 0xff, 0x12, 0x00, 0xff, 0xff, 0x7e, 0x01, 0xf2, 0x00, 0x09, 0x00,
        0x79, 0x01, 0x7f, 0x00, 0x32, 0x00, 0x07, 0x01, 0x4e, 0x01, 0x7d, 0x01, 0xb0, 0x00, 0x09, 0x00,
        0xff, 0xff, 0x89, 0x00, 0x60, 0x00, 0x66, 0x01, 0x1d, 0x00, 0x81, 0x00, 0x28, 0x01, 0x0c, 0x00,
        0x0d, 0x01, 0x7d, 0x01, 0x5a, 0x01, 0x01, 0x00, 0x76, 0x00, 0x3c, 0x00, 0x66, 0x00, 0x43, 0x00,
        0x88, 0x00, 0xf8, 0x00, 0xff, 0xff, 0x9b, 0x01, 0xb9, 0x00, 0xc6, 0x00, 0xc6, 0x00, 0xb4, 0x00,
        0x68, 0x01, 0x70, 0x01, 0x91, 0x01, 0x03, 0x01, 0x60, 0x00, 0xec, 0x00, 0x64, 0x01, 0x4f, 0x00,
        0x3c, 0x00, 0x80, 0x01, 0x66, 0x01, 0x78, 0x01, 0x36, 0x01, 0x4f, 0x00, 0x0c, 0x00, 0x81, 0x00,
        0x5a, 0x00, 0x5a, 0x00, 0x81, 0x01, 0x0a, 0x00, 0x5a, 0x00, 0x66, 0x01, 0x34, 0x01, 0x22, 0x85,
        0x8c, 0x01, 0x8c, 0x01, 0x8c, 0x01, 0x86, 0x00, 0x60, 0x00, 0x5c, 0x01, 0xd5, 0x00, 0x0a, 0x01,
        0xb6, 0x00, 0xff, 0xff, 0xd1, 0x00, 0x81, 0x00, 0x7f, 0x00, 0x7d, 0x01, 0x06, 0x01, 0x51, 0x00,
        0x03, 0x00, 0xff, 0xff, 0x05, 0x00, 0x43, 0x00, 0x6f, 0x01, 0x43, 0x00, 0x0d, 0x00, 0x95, 0x01,
        0xf9, 0x00, 0x51, 0x01, 0x77, 0x01, 0xff, 0xff, 0x8a, 0x00, 0x93, 0x01, 0x55, 0x01, 0x69, 0x01,
        0x3c, 0x00, 0x50, 0x01, 0x69, 0x01, 0x22, 0x00, 0x7e, 0x01, 0x6f, 0x00, 0xb5, 0x00, 0x0c, 0x00,
        0xff, 0xff, 0xbe, 0x00, 0x89, 0x00, 0x6f, 0x01, 0x36, 0x01, 0x4d, 0x00, 0x40, 0x01, 0x81, 0x00,
        0x80, 0x01, 0x21, 0x00, 0x08, 0x00, 0x1b, 0x01, 0x52, 0x00, 0x60, 0x01, 0x05, 0x00, 0x5c, 0x00,
        0x7d, 0x01, 0x8f, 0x01, 0x5b, 0x00, 0x6f, 0x00, 0x15, 0x00, 0x66, 0x00, 0x50, 0x00, 0x85, 0x00,
        0x4d, 0x00, 0x4e, 0x01, 0x14, 0x00, 0x08, 0x01, 0xb7, 0x00, 0xbc, 0x00, 0x5e, 0x01, 0x8c, 0x01,
        0xac, 0x00, 0x43, 0x01, 0xd9, 0x00, 0x0d, 0x00, 0x59, 0x01, 0x96, 0x01, 0x47, 0x00, 0x15, 0x00,
        0x93, 0x00, 0x03, 0x01, 0x65, 0x01, 0x5e, 0x01, 0x03, 0x01, 0x3a, 0x00, 0x58, 0x00, 0x21, 0x00,
        0x81, 0x00, 0x81, 0x01, 0xff, 0xff, 0xff, 0xff, 0xff, 0xff, 0xff, 0xff, 0xff, 0xff, 0x58, 0x00,
        0x69, 0x01, 0x7f, 0x00, 0x27, 0x00, 0x09, 0x00, 0x78, 0x01, 0xff, 0xff, 0x90, 0x00, 0x14, 0x00,
        0x1f, 0x01, 0x29, 0x00, 0x79, 0x01, 0x77, 0x01, 0x62, 0x00, 0xa8, 0x00, 0x80, 0x01, 0x91, 0x01,
        0x72, 0x01, 0x93, 0x00, 0x80, 0x00, 0xd2, 0x00, 0x06, 0x00, 0x66, 0x00, 0x0e, 0x00, 0x9d, 0x01,
        0x78, 0x00, 0x91, 0x01, 0x33, 0x01, 0x68, 0x00, 0x0d, 0x00, 0x51, 0x00, 0x30, 0x00, 0x2b, 0x00,
        0x25, 0x01, 0x26, 0x00, 0x14, 0x01, 0x25, 0x00, 0xc9, 0x00, 0xfa, 0x00, 0x5e, 0x01, 0xfd, 0x00,
        0x60, 0x00, 0x9d, 0x01, 0x06, 0x01, 0xb8, 0x00, 0x77, 0x01, 0xcc, 0x00, 0x63, 0x01, 0x06, 0x01,
        0x47, 0x00, 0x25, 0x00, 0x65, 0x01, 0x79, 0x00, 0x26, 0x01, 0x6d, 0x00, 0x80, 0x00, 0x04, 0x00,
        0x60, 0x00, 0x0a, 0x01, 0x87, 0x00, 0xfd, 0x00, 0x73, 0x01, 0x3e, 0x01, 0x64, 0x01, 0xd3, 0x00,
        0xa7, 0x00, 0x66, 0x00, 0xff, 0xff, 0x04, 0x00, 0x25, 0x01, 0x3a, 0x01, 0xbd, 0x00, 0x91, 0x01,
        0x86, 0x00, 0x21, 0x00, 0xff, 0xff, 0xb8, 0x00, 0xd9, 0x00, 0x76, 0x00, 0x4d, 0x00, 0x8f, 0x00,
        0xcf, 0x00, 0x58, 0x00, 0x52, 0x00, 0x23, 0x00, 0x7f, 0x00, 0x7f, 0x00, 0x7d, 0x01, 0x70, 0x01,
        0xf9, 0x00, 0x0d, 0x00, 0x23, 0x00, 0x7c, 0x01, 0x77, 0x01, 0x70, 0x01, 0x23, 0x01, 0x6e, 0x01,
        0xb2, 0x00, 0xb2, 0x00, 0x7e, 0x01, 0x4f, 0x00, 0x88, 0x00, 0x2b, 0x01, 0xb1, 0x00, 0x04, 0x01,
        0x81, 0x00, 0x73, 0x00, 0x15, 0x00, 0x20, 0x01, 0x5e, 0x01, 0x40, 0x01, 0x02, 0x00, 0x7d, 0x01,
        0x67, 0x01, 0x7c, 0x00, 0x74, 0x01, 0x68, 0x01, 0x75, 0x01, 0xff, 0xff, 0x0d, 0x00, 0xff, 0xff,
        0x7c, 0x00, 0x4a, 0x01, 0xba, 0x00, 0xff, 0xff, 0x96, 0x01, 0xff, 0xff, 0x64, 0x01, 0x83, 0x01,
        0x77, 0x01, 0x4c, 0x00, 0x7e, 0x01, 0x92, 0x00, 0xff, 0xff, 0x14, 0x00, 0x4e, 0x01, 0x79, 0x01,
        0xff, 0xff, 0x77, 0x01, 0xe4, 0x00, 0x2f, 0x01, 0x0b, 0x00, 0x6b, 0x00, 0x07, 0x00, 0xd5, 0x00,
        0x62, 0x00, 0x54, 0x00, 0x30, 0x01, 0xff, 0xff, 0x93, 0x01, 0x74, 0x01, 0x8b, 0x00, 0x7e, 0x01,
        0x3b, 0x01, 0x4e, 0x01, 0x5e, 0x01, 0x71, 0x01, 0x93, 0x01, 0x77, 0x01, 0x18, 0x01, 0x34, 0x01,
        0x81, 0x00, 0xde, 0x00, 0x76, 0x01, 0x8b, 0x00, 0x43, 0x01, 0x79, 0x01, 0x09, 0x00, 0x81, 0x00,
        0x81, 0x00, 0x76, 0x01, 0xff, 0xff, 0x74, 0x01, 0xb4, 0x00, 0x64, 0x01, 0x54, 0x00, 0x4f, 0x00,
        0x83, 0x01, 0x96, 0x01, 0x79, 0x01, 0x79, 0x01, 0x8f, 0x00, 0x2e, 0x00, 0x3c, 0x00, 0xff, 0xff,
        0xa4, 0x00, 0x77, 0x01, 0x76, 0x01, 0x8b, 0x00, 0x54, 0x00, 0xe9, 0x00, 0x32, 0x00, 0x08, 0x01,
        0x70, 0x01, 0x14, 0x00, 0xce, 0x00, 0x3b, 0x01, 0xd5, 0x00, 0xb5, 0x00, 0x06, 0x01, 0x06, 0x01,
        0x35, 0x01, 0x60, 0x00, 0x14, 0x00, 0x0c, 0x00, 0x11, 0x00, 0x77, 0x01, 0x5e, 0x01, 0x84, 0x00,
        0x58, 0x00, 0x06, 0x01, 0xc9, 0x00, 0x60, 0x00, 0x03, 0x00, 0x03, 0x00, 0x86, 0x82, 0x06, 0x01,
        0x13, 0x01, 0x59, 0x01, 0x77, 0x01, 0x14, 0x00, 0xfe, 0x00, 0x05, 0x00, 0xff, 0xff, 0x6f, 0x01,
        0xff, 0xff, 0xff, 0xff, 0x7d, 0x01, 0x27, 0x00, 0xbe, 0x00, 0x77, 0x01, 0xb2, 0x00, 0xff, 0xff,
        0xe6, 0x00, 0x64, 0x01, 0x63, 0x01, 0xff, 0xff, 0xb0, 0x00, 0x05, 0x01, 0x9d, 0x01, 0xa3, 0x01,
        0x9d, 0x01, 0x22, 0x00, 0x02, 0x00, 0x56, 0x00, 0x7d, 0x01, 0xb1, 0x00, 0x60, 0x00, 0x8a, 0x01,
        0x87, 0x00, 0x30, 0x00, 0x40, 0x01, 0x0d, 0x00, 0x0d, 0x00, 0x8a, 0x01, 0xff, 0xff, 0x79, 0x00,
        0xb2, 0x00, 0xff, 0xff, 0x76, 0x00, 0x82, 0x01, 0x6c, 0x00, 0x26, 0x00, 0xbd, 0x00, 0xd5, 0x00,
        0xce, 0x00, 0xc6, 0x00, 0x04, 0x00, 0x8f, 0x01, 0x96, 0x01, 0x85, 0x00, 0x58, 0x00, 0x42, 0x00,
        0x53, 0x01, 0xff, 0xff, 0x4d, 0x00, 0x61, 0x01, 0x5e, 0x01, 0x89, 0x00, 0x27, 0x00, 0xb8, 0x00,
        0x10, 0x00, 0xbc, 0x00, 0x8b, 0x00, 0xe7, 0x00, 0xc1, 0x00, 0x32, 0x01, 0xff, 0xff, 0x6d, 0x00,
        0xe7, 0x00, 0x77, 0x01, 0xa2, 0x00, 0x5c, 0x01, 0x5a, 0x01, 0x07, 0x01, 0x14, 0x00, 0x9b, 0x00,
        0xb9, 0x00, 0x63, 0x00, 0x6d, 0x00, 0x75, 0x00, 0xa6, 0x00, 0x7c, 0x00, 0xa7, 0x00, 0x86, 0x01,
        0x52, 0x01, 0xad, 0x00, 0x0d, 0x00, 0x84, 0x00, 0x03, 0x01, 0x75, 0x01, 0x5c, 0x01, 0x4e, 0x01,
        0x43, 0x01, 0xa3, 0x00, 0x4f, 0x00, 0x04, 0x00, 0x8b, 0x00, 0xd5, 0x00, 0xa7, 0x00, 0xa4, 0x00,
        0x02, 0x00, 0xc5, 0x00, 0x0d, 0x01, 0x0a, 0x01, 0xff, 0xff, 0x9b, 0x00, 0x78, 0x00, 0x51, 0x00,
        0x66, 0x01, 0xda, 0x00, 0x45, 0x01, 0x8e, 0x00, 0xfd, 0x00, 0xf5, 0x00, 0x3f, 0x01, 0x22, 0x00,
        0xe7, 0x00, 0xc7, 0x00, 0x3f, 0x01, 0x32, 0x00, 0x66, 0x01, 0xa9, 0x00, 0xff, 0xff, 0x43, 0x00,
        0x04, 0x01, 0x50, 0x01, 0xa1, 0x01, 0x61, 0x01, 0x5a, 0x00, 0x17, 0x00, 0xfc, 0x00, 0x24, 0x01,
        0xff, 0xff, 0x1c, 0x01, 0x06, 0x01, 0x39, 0x00, 0xf7, 0x00, 0x14, 0x00, 0xc7, 0x00, 0x9f, 0x01,
        0x32, 0x00, 0xa7, 0x00, 0x89, 0x00, 0xac, 0x00, 0xff, 0xff, 0xcd, 0x00, 0xcf, 0x00, 0xf7, 0x00,
        0xbe, 0x00, 0xa2, 0x01, 0x92, 0x00, 0xba, 0x00, 0x77, 0x01, 0x5f, 0x01, 0xb2, 0x00, 0xb2, 0x00,
        0x89, 0x01, 0x96, 0x01, 0x87, 0x00, 0x32, 0x01, 0x27, 0x00, 0x6b, 0x01, 0x5d, 0x01, 0x4b, 0x00,
        0x88, 0x00, 0xfd, 0x00, 0x81, 0x00, 0xcb, 0x00, 0x24, 0x00, 0xcb, 0x00, 0x23, 0x00, 0x93, 0x00,
        0xec, 0x00, 0xff, 0xff, 0x77, 0x01, 0x1d, 0x01, 0xb9, 0x00, 0x72, 0x01, 0xff, 0xff, 0x06, 0x01,
        0x9e, 0x01, 0xff, 0xff, 0x08, 0x00, 0x6a, 0x00, 0x86, 0x01, 0x8e, 0x00, 0x7d, 0x01, 0x0c, 0x01,
        0x0a, 0x00, 0x05, 0x00, 0x59, 0x01, 0x74, 0x01, 0x0a, 0x01, 0x7c, 0x01, 0x93, 0x01, 0x8e, 0x00,
        0xd5, 0x00, 0x33, 0x01, 0x2d, 0x01, 0x06, 0x01, 0x2d, 0x01, 0xce, 0x00, 0x6a, 0x00, 0x77, 0x01,
        0x69, 0x00, 0x69, 0x00, 0x54, 0x01, 0x60, 0x00, 0x70, 0x01, 0x76, 0x01, 0x52, 0x01, 0x50, 0x01,
        0xd6, 0x00, 0xba, 0x00, 0x18, 0x00, 0xb2, 0x00, 0x36, 0x01, 0xbe, 0x00, 0x88, 0x00, 0x39, 0x00,
        0xf6, 0x00, 0xba, 0x00, 0x93, 0x00, 0x8c, 0x01, 0x93, 0x00, 0x92, 0x01, 0xa1, 0x01, 0x66, 0x01,
        0x93, 0x01, 0xff, 0xff, 0xff, 0xff, 0xaa, 0x00, 0xff, 0xff, 0xff, 0xff, 0xaa, 0x00, 0x6e, 0x01,
        0x69, 0x00, 0x52, 0x00, 0xd7, 0x00, 0x94, 0x01, 0x4e, 0x01, 0x7e, 0x01, 0x8c, 0x01, 0x69, 0x00,
        0x60, 0x01, 0xad, 0x00, 0x7d, 0x01, 0x40, 0x01, 0x8a, 0x01, 0x75, 0x00, 0x82, 0x00, 0x8c, 0x01,
        0x22, 0x00, 0xbd, 0x00, 0x21, 0x00, 0x93, 0x01, 0x5e, 0x01, 0x6f, 0x01, 0x85, 0x01, 0xd2, 0x00,
        0x71, 0x00, 0x41, 0x01, 0xff, 0xff, 0xff, 0xff, 0x3e, 0x01, 0x51, 0x00, 0x1d, 0x00, 0xa5, 0x00,
        0x4d, 0x01, 0xdf, 0x00, 0xae, 0x00, 0xbe, 0x00, 0x77, 0x01, 0x69, 0x01, 0x73, 0x01, 0x0d, 0x01,
        0x05, 0x01, 0x29, 0x00, 0x66, 0x01, 0x6f, 0x00, 0x8e, 0x00, 0xab, 0x00, 0xcd, 0x00, 0x76, 0x01,
        0xff, 0xff, 0xb2, 0x00, 0x78, 0x01, 0x30, 0x00, 0x0f, 0x01, 0x4d, 0x01, 0x7d, 0x01, 0xff, 0xff,
        0xff, 0xff, 0x3b, 0x00, 0x4d, 0x00, 0x7f, 0x00, 0xff, 0xff, 0x64, 0x01, 0xff, 0xff, 0x06, 0x01,
        0xff, 0xff, 0x7e, 0x01, 0x89, 0x00, 0x80, 0x01, 0x59, 0x00, 0x6a, 0x00, 0x77, 0x00, 0x91, 0x01,
        0x12, 0x01, 0xff, 0xff, 0xff, 0xff, 0x8e, 0x00, 0xfd, 0x00, 0x63, 0x00, 0x6f, 0x01, 0x33, 0x01,
        0x34, 0x01, 0x0a, 0x01, 0x32, 0x00, 0x47, 0x00, 0x14, 0x00, 0x46, 0x00, 0x5c, 0x01, 0x32, 0x00,
        0x93, 0x01, 0x06, 0x00, 0x63, 0x01, 0x09, 0x00, 0xe1, 0x81, 0x05, 0x00, 0x53, 0x01, 0xff, 0xff,
        0x6a, 0x00, 0x92, 0x00, 0x71, 0x00, 0x32, 0x00, 0x7c, 0x01, 0x7e, 0x01, 0xae, 0x00, 0x93, 0x00,
        0x60, 0x00, 0xe7, 0x00, 0x52, 0x00, 0x52, 0x00, 0x6b, 0x01, 0x99, 0x00, 0x73, 0x01, 0x55, 0x01,
        0x04, 0x01, 0x0c, 0x00, 0xd3, 0x00, 0x3b, 0x01, 0x73, 0x01, 0x06, 0x01, 0x7e, 0x01, 0x11, 0x00,
        0xff, 0xff, 0x6f, 0x01, 0x80, 0x00, 0x85, 0x00, 0x75, 0x01, 0x94, 0x00, 0xa7, 0x00, 0x52, 0x00,
        0x89, 0x00, 0xd5, 0x00, 0x28, 0x00, 0x09, 0x00, 0x63, 0x01, 0x91, 0x01, 0x6e, 0x01, 0x46, 0x01,
        0x27, 0x00, 0x64, 0x01, 0x33, 0x00, 0xc5, 0x00, 0xa1, 0x00, 0x73, 0x01, 0x18, 0x00, 0xff, 0xff,
        0x79, 0x00, 0x42, 0x00, 0x14, 0x01, 0x53, 0x01, 0x7d, 0x01, 0x67, 0x01, 0xdd, 0x00, 0x3c, 0x01,
        0x5b, 0x00, 0x05, 0x01, 0xb9, 0x00, 0x04, 0x00, 0x84, 0x00, 0x77, 0x01, 0x84, 0x00, 0xcd, 0x00,
        0x79, 0x01, 0xb0, 0x00, 0x73, 0x01, 0x09, 0x00, 0x47, 0x00, 0xb9, 0x00, 0x34, 0x01, 0x8d, 0x00,
        0xb7, 0x00, 0x90, 0x00, 0x93, 0x00, 0x4e, 0x01, 0xfd, 0x00, 0x64, 0x00, 0x68, 0x01, 0x5b, 0x01,
        0x2c, 0x00, 0x43, 0x00, 0x84, 0x00, 0x75, 0x01, 0xb2, 0x00, 0xce, 0x00, 0x81, 0x00, 0x33, 0x01,
        0x8a, 0x00, 0x78, 0x01, 0x5e, 0x01, 0xff, 0xff, 0xff, 0x00, 0xbe, 0x00, 0xb9, 0x00, 0x77, 0x01,
        0x17, 0x00, 0x2d, 0x01, 0x81, 0x00, 0x36, 0x01, 0x59, 0x01, 0xd5, 0x00, 0x82, 0x00, 0x51, 0x01,
        0x13, 0x00, 0xfc, 0x00, 0x87, 0x00, 0x60, 0x00, 0x73, 0x00, 0x15, 0x00, 0xb2, 0x00, 0x21, 0x00,
        0xfd, 0x00, 0x39, 0x00, 0xcd, 0x00, 0x45, 0x01, 0x09, 0x01, 0x93, 0x01, 0xa6, 0x00, 0x0d, 0x00,
        0x04, 0x00, 0xcd, 0x00, 0x66, 0x01, 0xa2, 0x00, 0x54, 0x01, 0x56, 0x01, 0x5e, 0x01, 0x66, 0x01,
        0xff, 0xff, 0x56, 0x01, 0xae, 0x00, 0x21, 0x00, 0xe3, 0x00, 0xe3, 0x00, 0xb2, 0x00, 0x4b, 0x00,
        0x93, 0x00, 0x08, 0x01, 0x14, 0x00, 0x2c, 0x01, 0x8a, 0x01, 0x4a, 0x01, 0x08, 0x01, 0xeb, 0x00,
        0x77, 0x01, 0x90, 0x00, 0x63, 0x00, 0x43, 0x00, 0x8b, 0x00, 0xcb, 0x00, 0x3a, 0x00, 0x8b, 0x00,
        0x7d, 0x01, 0x69, 0x01, 0x82, 0x01, 0xc8, 0x00, 0xb2, 0x00, 0x72, 0x00, 0x71, 0x01, 0x46, 0x01,
        0x8f, 0x01, 0x74, 0x01, 0x56, 0x01, 0x2e, 0x01, 0x64, 0x01, 0x0a, 0x01, 0x5e, 0x01, 0x79, 0x01,
        0x2b, 0x00, 0x10, 0x01, 0x5a, 0x01, 0xff, 0xff, 0x93, 0x01, 0x52, 0x01, 0x00, 0x83, 0x2e, 0x01,
        0x16, 0x00, 0x60, 0x00, 0x51, 0x01, 0x46, 0x01, 0x46, 0x01, 0x9d, 0x01, 0x76, 0x00, 0x02, 0x01,
        0x79, 0x00, 0x9b, 0x01, 0x95, 0x01, 0x14, 0x00, 0xba, 0x00, 0xf1, 0x00, 0x64, 0x01, 0xf9, 0x00,
        0x43, 0x00, 0x79, 0x00, 0x4e, 0x01, 0x5b, 0x01, 0x4e, 0x01, 0x06, 0x01, 0x89, 0x00, 0x27, 0x00,
        0x05, 0x00, 0x8f, 0x00, 0x55, 0x84, 0xb2, 0x00, 0x93, 0x00, 0x10, 0x01, 0xaa, 0x00, 0x6c, 0x00,
        0x07, 0x01, 0x06, 0x01, 0x66, 0x01, 0x8b, 0x00, 0x34, 0x01, 0x8b, 0x00, 0x01, 0x00, 0x82, 0x00,
        0x8a, 0x01, 0x86, 0x01, 0x75, 0x01, 0x8c, 0x01, 0x89, 0x00, 0x1f, 0x00, 0x73, 0x01, 0x8b, 0x00,
        0xff, 0xff, 0x73, 0x01, 0xff, 0xff, 0x8d, 0x00, 0x53, 0x01, 0xdb, 0x00, 0x7f, 0x01, 0xff, 0xff,
        0x27, 0x00, 0xff, 0xff, 0xff, 0xff, 0xff, 0xff, 0xff, 0xff, 0xff, 0xff, 0xff, 0xff, 0xff, 0xff,
        0xff, 0xff, 0xff, 0xff, 0xff, 0xff, 0xff, 0xff, 0xff, 0xff, 0xff, 0xff, 0xff, 0xff, 0xff, 0xff,
        0xff, 0xff, 0xff, 0xff, 0xff, 0xff, 0xff, 0xff, 0xff, 0xff, 0xff, 0xff, 0xff, 0xff, 0xff, 0xff,
        0xff, 0xff, 0xff, 0xff, 0xff, 0xff, 0xff, 0xff, 0xff, 0xff, 0xff, 0xff, 0xff, 0xff, 0xff, 0xff,
        0xff, 0xff, 0xff, 0xff, 0xff, 0xff, 0xff, 0xff, 0xff, 0xff, 0xff, 0xff, 0xff, 0xff, 0xff, 0xff,
        0xff, 0xff, 0xff, 0xff, 0xff, 0xff, 0xff, 0xff, 0xff, 0xff, 0xff, 0xff, 0xff, 0xff, 0xff, 0xff,
        0xff, 0xff, 0xff, 0xff, 0xff, 0xff, 0xff, 0xff, 0xff, 0xff, 0xff, 0xff, 0xff, 0xff, 0xff, 0xff,
        0xff, 0xff, 0xff, 0xff, 0xff, 0xff, 0xff, 0xff, 0xff, 0xff, 0xff, 0xff, 0xff, 0xff, 0xff, 0xff,
        0xff, 0xff, 0xff, 0xff, 0xff, 0xff, 0xff, 0xff, 0xff, 0xff, 0xff, 0xff, 0xff, 0xff, 0xff, 0xff,
        0xff, 0xff, 0xff, 0xff, 0xff, 0xff, 0x77, 0x01, 0x2c, 0x82, 0x9b, 0x00, 0x06, 0x01, 0x2e, 0x01,
        0x65, 0x01, 0x76, 0x00, 0x32, 0x85, 0x8d, 0x01, 0x25, 0x01, 0x2e, 0x01, 0x65, 0x01, 0x89, 0x00,
        0x15, 0x00, 0x7d, 0x01, 0xcf, 0x00, 0x62, 0x00, 0x29, 0x00, 0x29, 0x00, 0x99, 0x01, 0x1e, 0x84,
        0xfd, 0x00, 0x34, 0x01, 0x34, 0x01, 0x0f, 0x01, 0x13, 0x00, 0x76, 0x01, 0x33, 0x00, 0x4b, 0x00,
        0x3e, 0x01, 0x26, 0x00, 0x4a, 0x00, 0x0f, 0x01, 0xb5, 0x00, 0x4a, 0x00, 0x7c, 0x01, 0xb5, 0x00,
        0x73, 0x01, 0x13, 0x00, 0x26, 0x01, 0x72, 0x00, 0x92, 0x00, 0x66, 0x00, 0x72, 0x01, 0x09, 0x01,
        0x94, 0x01, 0x89, 0x00, 0x8e, 0x00, 0x5c, 0x00, 0x6f, 0x00, 0x2d, 0x00, 0x21, 0x00, 0xb8, 0x00,
        0x9d, 0x01, 0x96, 0x01, 0x05, 0x00, 0x5c, 0x01, 0x3c, 0x00, 0x5e, 0x01, 0x96, 0x01, 0x90, 0x00,
        0xb2, 0x00, 0x93, 0x00, 0x00, 0x01, 0x60, 0x00, 0x77, 0x01, 0x77, 0x01, 0xda, 0x00, 0x63, 0x01,
        0x92, 0x00, 0x92, 0x00, 0x59, 0x01, 0xdb, 0x84, 0x77, 0x01, 0x77, 0x01, 0x93, 0x01, 0x63, 0x01,
        0x8a, 0x01, 0x81, 0x00, 0x57, 0x00, 0x89, 0x84, 0x78, 0x01, 0x02, 0x01, 0xf8, 0x00, 0x0a, 0x01,
        0x81, 0x00, 0x6e, 0x00, 0x26, 0x00, 0x4c, 0x81, 0x77, 0x01, 0x78, 0x01, 0x72, 0x01, 0x2c, 0x85,
        0x92, 0x00, 0x06, 0x01, 0x76, 0x01, 0x64, 0x01, 0x67, 0x01, 0x62, 0x00, 0x92, 0x00, 0x65, 0x01,
        0x81, 0x00, 0x36, 0x01, 0x4c, 0x00, 0x34, 0x01, 0x89, 0x00, 0xdc, 0x00, 0x8a, 0x00, 0x93, 0x00,
        0x34, 0x01, 0xc9, 0x00, 0x81, 0x00, 0xc6, 0x00, 0xbf, 0x00, 0x9e, 0x01, 0x1d, 0x01, 0x70, 0x01,
        0x73, 0x01, 0x60, 0x00, 0x2b, 0x01, 0xd9, 0x00, 0x63, 0x00, 0x45, 0x01, 0x7d, 0x01, 0x37, 0x00,
        0x8f, 0x01, 0xc5, 0x82, 0x93, 0x01, 0x71, 0x00, 0x63, 0x00, 0xbf, 0x00, 0xb8, 0x00, 0x77, 0x01,
        0x95, 0x00, 0x86, 0x84, 0xc5, 0x00, 0x7d, 0x01, 0x92, 0x01, 0x34, 0x01, 0x34, 0x01, 0x56, 0x00,
        0x2a, 0x00, 0x7d, 0x01, 0xa7, 0x00, 0x7d, 0x01, 0x80, 0x01, 0x81, 0x00, 0x06, 0x01, 0x63, 0x01,
        0x90, 0x00, 0x3e, 0x01, 0x43, 0x01, 0x68, 0x00, 0x68, 0x00, 0x72, 0x01, 0x69, 0x01, 0x72, 0x01,
        0x06, 0x01, 0x72, 0x01, 0xbf, 0x83, 0x54, 0x01, 0x5d, 0x01, 0x9a, 0x00, 0x3a, 0x00, 0x8d, 0x00,
        0x75, 0x00, 0x77, 0x01, 0x21, 0x00, 0x7c, 0x00, 0xd7, 0x00, 0x76, 0x01, 0x67, 0x01, 0x90, 0x00,
        0x52, 0x01, 0xb5, 0x00, 0x67, 0x01, 0x90, 0x00, 0x76, 0x01, 0xd2, 0x85, 0x14, 0x00, 0x7c, 0x01,
        0x69, 0x01, 0x3c, 0x00, 0xb4, 0x00, 0x51, 0x00, 0x09, 0x85, 0x18, 0x01, 0x18, 0x01, 0x89, 0x00,
        0x89, 0x00, 0x5d, 0x01, 0x77, 0x01, 0x48, 0x86, 0x18, 0x01, 0xaf, 0x00, 0x49, 0x00, 0x86, 0x01,
        0x8f, 0x00, 0x05, 0x01, 0x74, 0x81, 0x05, 0x00, 0x8d, 0x01, 0x8f, 0x00, 0x8e, 0x00, 0x13, 0x00,
        0x19, 0x01, 0xb1, 0x81, 0x5e, 0x00, 0x25, 0x01, 0xc0, 0x00, 0x13, 0x00, 0x19, 0x00, 0x2b, 0x87,
        0x34, 0x01, 0x46, 0x01, 0x8d, 0x01, 0x60, 0x00, 0x66, 0x01, 0x66, 0x01, 0x59, 0x01, 0x7f, 0x00,
        0x53, 0x01, 0x18, 0x01, 0x08, 0x01, 0x63, 0x00, 0xe8, 0x82, 0x14, 0x00, 0x3b, 0x00, 0xb9, 0x00,
        0x77, 0x01, 0x23, 0x00, 0x22, 0x00, 0x23, 0x01, 0x22, 0x00, 0x77, 0x01, 0xd7, 0x00, 0xcc, 0x00,
        0x18, 0x01, 0x58, 0x00, 0x23, 0x00, 0x74, 0x01, 0x08, 0x01, 0x94, 0x01, 0xfd, 0x00, 0x61, 0x01,
        0x63, 0x01, 0x8b, 0x00, 0xcc, 0x83, 0x75, 0x01, 0x5c, 0x00, 0x19, 0x00, 0x18, 0x01, 0x5d, 0x01,
        0x5b, 0x00, 0x43, 0x00, 0x59, 0x00, 0x94, 0x01, 0x06, 0x01, 0xfa, 0x00, 0x7d, 0x01, 0x46, 0x00,
        0x50, 0x00, 0x63, 0x01, 0x77, 0x01, 0x6a, 0x01, 0x9a, 0x00, 0x77, 0x01, 0x89, 0x00, 0x01, 0x00,
        0x63, 0x01, 0x89, 0x00, 0x60, 0x00, 0x57, 0x00, 0x6d, 0x01, 0x8f, 0x00, 0xfd, 0x00, 0x3c, 0x00,
        0x60, 0x00, 0x49, 0x01, 0x94, 0x01, 0x7c, 0x01, 0x88, 0x00, 0xa7, 0x83, 0x7d, 0x01, 0x37, 0x00,
        0x80, 0x01, 0x25, 0x01, 0x5e, 0x01, 0x99, 0x81, 0x24, 0x00, 0x72, 0x01, 0xc0, 0x85, 0x2e, 0x01,
        0x22, 0x00, 0xc0, 0x00, 0xe1, 0x80, 0x71, 0x01, 0x6a, 0x01, 0x5e, 0x01, 0x96, 0x01, 0x86, 0x01,
        0x66, 0x01, 0xed, 0x00, 0x4a, 0x80, 0x6c, 0x00, 0xe3, 0x00, 0xe3, 0x00, 0x69, 0x01, 0x07, 0x00,
        0x6e, 0x01, 0xb9, 0x00, 0x95, 0x01, 0x32, 0x01, 0x10, 0x01, 0xab, 0x81, 0x0c, 0x00, 0x54, 0x86,
        0xab, 0x82, 0xfd, 0x00, 0x77, 0x01, 0x3e, 0x01, 0x77, 0x01, 0x92, 0x01, 0x0b, 0x82, 0x76, 0x00,
        0xc6, 0x00, 0x3c, 0x00, 0x96, 0x01, 0x15, 0x00, 0x10, 0x01, 0x0d, 0x00, 0x8e, 0x01, 0x32, 0x00,
        0x5e, 0x01, 0x43, 0x00, 0x96, 0x01, 0xa5, 0x01, 0x7c, 0x01, 0x74, 0x01, 0x4e, 0x01, 0x8c, 0x01,
        0x79, 0x00, 0x0d, 0x00, 0x59, 0x01, 0x30, 0x01, 0x7d, 0x01, 0x77, 0x01, 0x8c, 0x82, 0xa5, 0x01,
        0x6b, 0x00, 0xe9, 0x00, 0x53, 0x01, 0xe3, 0x00, 0x66, 0x01, 0x10, 0x01, 0x7b, 0x01, 0x5a, 0x01,
        0x08, 0x01, 0x34, 0x01, 0x97, 0x00, 0x09, 0x00, 0xfa, 0x00, 0x86, 0x00, 0x79, 0x00, 0xae, 0x00,
        0x67, 0x01, 0x66, 0x00, 0x74, 0x01, 0x06, 0x00, 0x57, 0x00, 0xd3, 0x00, 0x8a, 0x00, 0x6e, 0x82,
        0x13, 0x00, 0x89, 0x00, 0x7b, 0x00, 0x88, 0x00, 0x71, 0x00, 0x11, 0x01, 0x50, 0x01, 0x8d, 0x00,
        0x32, 0x00, 0x77, 0x01, 0x34, 0x01, 0x6b, 0x01, 0x32, 0x01, 0x59, 0x01, 0x99, 0x00, 0x93, 0x01,
        0x62, 0x00, 0xab, 0x00, 0x77, 0x01, 0x27, 0x00, 0xa3, 0x00, 0x70, 0x00, 0xb2, 0x00, 0x78, 0x01,
        0x34, 0x01, 0xce, 0x00, 0x96, 0x01, 0x6e, 0x01, 0x7c, 0x01, 0x02, 0x00, 0xbe, 0x00, 0xd6, 0x00,
        0x56, 0x00, 0xc0, 0x00, 0x32, 0x82, 0x1f, 0x00, 0x27, 0x00, 0x71, 0x01, 0x6a, 0x00, 0x95, 0x01,
        0x77, 0x01, 0x1d, 0x01, 0x38, 0x00, 0x65, 0x01, 0x3e, 0x01, 0x3b, 0x00, 0xc2, 0x00, 0x46, 0x01,
        0xfd, 0x83, 0x91, 0x01, 0xed, 0x80, 0x0a, 0x01, 0xa4, 0x00, 0x20, 0x00, 0xe9, 0x00, 0xeb, 0x00,
        0x8f, 0x00, 0x63, 0x01, 0x80, 0x00, 0x91, 0x00, 0x26, 0x00, 0x91, 0x01, 0xa5, 0x01, 0x29, 0x00,
        0x0c, 0x01, 0xc2, 0x00, 0x93, 0x00, 0x36, 0x01, 0x52, 0x01, 0x32, 0x01, 0xa8, 0x86, 0x14, 0x00,
        0xdb, 0x00, 0x68, 0x01, 0x95, 0x80, 0x57, 0x01, 0x7d, 0x01, 0x64, 0x01, 0x35, 0x00, 0x52, 0x00,
        0x0f, 0x01, 0x6e, 0x01, 0x70, 0x00, 0xa2, 0x00, 0x63, 0x01, 0x96, 0x00, 0x77, 0x01, 0x60, 0x00,
        0xb5, 0x00, 0xa1, 0x01, 0x0a, 0x01, 0xb2, 0x00, 0x7b, 0x01, 0x87, 0x00, 0x90, 0x00, 0x08, 0x01,
        0x25, 0x01, 0xfa, 0x00, 0x41, 0x01, 0x60, 0x00, 0x64, 0x01, 0xb2, 0x00, 0x99, 0x82, 0x02, 0x01,
        0x09, 0x00, 0x6a, 0x86, 0xa8, 0x85, 0x65, 0x01, 0x6a, 0x01, 0x6d, 0x01, 0x7d, 0x01, 0x43, 0x00,
        0x24, 0x00, 0x29, 0x00, 0x93, 0x01, 0x73, 0x01, 0xa4, 0x84, 0xb2, 0x00, 0xab, 0x00, 0x3e, 0x01,
        0x8b, 0x00, 0x6d, 0x01, 0x60, 0x00, 0x88, 0x00, 0x93, 0x00, 0x68, 0x01, 0xf6, 0x00, 0x8b, 0x00,
        0x10, 0x00, 0x80, 0x81, 0x5a, 0x00, 0x5c, 0x00, 0x72, 0x01, 0x02, 0x00, 0x0a, 0x00, 0x7d, 0x01,
        0x6a, 0x01, 0x0d, 0x00, 0x81, 0x00, 0x22, 0x00, 0x93, 0x01, 0x13, 0x00, 0x92, 0x00, 0x75, 0x01,
        0x37, 0x00, 0xa4, 0x84, 0x5c, 0x01, 0xab, 0x00, 0x19, 0x00, 0x9f, 0x01, 0x66, 0x00, 0x6f, 0x00,
        0x0a, 0x00, 0x4f, 0x01, 0x36, 0x01, 0x36, 0x01, 0xcc, 0x00, 0x3e, 0x00, 0x48, 0x01, 0x95, 0x00,
        0x2f, 0x00, 0x6b, 0x01, 0xfc, 0x00, 0x1c, 0x81, 0x80, 0x00, 0x77, 0x01, 0x06, 0x01, 0x4e, 0x01,
        0x63, 0x00, 0x18, 0x84, 0x8e, 0x00, 0x43, 0x01, 0x22, 0x00, 0x8e, 0x00, 0x59, 0x00, 0x93, 0x01,
        0xa0, 0x00, 0x94, 0x00, 0x9f, 0x01, 0x93, 0x00, 0x08, 0x01, 0xe3, 0x00, 0xc0, 0x00, 0x9d, 0x01,
        0x61, 0x01, 0xc1, 0x00, 0x3f, 0x01, 0xb1, 0x00, 0x87, 0x00, 0x4b, 0x00, 0x9e, 0x01, 0x0b, 0x00,
        0x63, 0x01, 0x93, 0x00, 0xda, 0x00, 0x17, 0x00, 0x8b, 0x00, 0x8b, 0x01, 0x76, 0x01, 0x93, 0x01,
        0x2b, 0x01, 0x0d, 0x01, 0xe9, 0x00, 0x79, 0x01, 0x26, 0x00, 0x08, 0x01, 0x73, 0x01, 0x1f, 0x01,
        0x94, 0x01, 0x30, 0x00, 0x8a, 0x00, 0xbc, 0x83, 0x5e, 0x01, 0x7d, 0x01, 0x13, 0x00, 0x22, 0x01,
        0x4e, 0x01, 0x5e, 0x01, 0xfe, 0x00, 0x73, 0x01, 0x5c, 0x00, 0x49, 0x01, 0x61, 0x01, 0x52, 0x00,
        0x69, 0x01, 0x24, 0x00, 0x33, 0x01, 0x99, 0x00, 0x43, 0x00, 0xa5, 0x01, 0x1f, 0x00, 0x52, 0x01,
        0x0a, 0x00, 0x69, 0x01, 0x85, 0x00, 0x75, 0x01, 0x8c, 0x01, 0x71, 0x81, 0x73, 0x01, 0x7c, 0x01,
        0x8b, 0x00, 0x6e, 0x01, 0x8a, 0x01, 0x32, 0x00, 0x60, 0x00, 0x0d, 0x00, 0x93, 0x01, 0x9f, 0x01,
        0xcf, 0x00, 0x89, 0x00, 0x77, 0x01, 0x69, 0x01, 0x71, 0x01, 0xcc, 0x80, 0x4e, 0x00, 0x1b, 0x00,
        0x91, 0x01, 0xf4, 0x00, 0x54, 0x01, 0x54, 0x01, 0x0a, 0x00, 0x1e, 0x87, 0xc3, 0x84, 0x8e, 0x00,
        0x5e, 0x01, 0x5b, 0x00, 0x22, 0x00, 0x2f, 0x83, 0x40, 0x01, 0x93, 0x01, 0x41, 0x01, 0x65, 0x01,
        0x60, 0x00, 0x7e, 0x01, 0x1b, 0x01, 0xb2, 0x00, 0xed, 0x00, 0x80, 0x01, 0x8c, 0x00, 0xc5, 0x00,
        0x08, 0x00, 0x45, 0x00, 0x49, 0x01, 0x78, 0x00, 0x8e, 0x00, 0x64, 0x01, 0x2d, 0x01, 0x08, 0x01,
        0x95, 0x00, 0xe1, 0x80, 0x2a, 0x00, 0x25, 0x01, 0x0a, 0x00, 0x68, 0x01, 0x7b, 0x01, 0x75, 0x01,
        0x48, 0x01, 0x45, 0x01, 0x74, 0x01, 0x57, 0x00, 0x13, 0x00, 0x8a, 0x00, 0x3b, 0x00, 0x82, 0x01,
        0x49, 0x01, 0x6c, 0x00, 0x12, 0x00, 0x2a, 0x00, 0xf0, 0x00, 0x18, 0x00, 0xb0, 0x00, 0x37, 0x00,
        0x7b, 0x01, 0x85, 0x01, 0x9f, 0x01, 0x0c, 0x00, 0x3f, 0x01, 0x04, 0x00, 0x99, 0x81, 0x7d, 0x01,
        0x8b, 0x01, 0xa1, 0x01, 0x2e, 0x01, 0x2e, 0x00, 0x90, 0x00, 0x27, 0x00, 0x2b, 0x01, 0x76, 0x00,
        0x8d, 0x01, 0x0d, 0x01, 0x73, 0x01, 0x43, 0x00, 0x69, 0x01, 0xc3, 0x84, 0x0a, 0x00, 0xff, 0x00,
        0x8f, 0x00, 0xb4, 0x00, 0xbe, 0x00, 0xc7, 0x00, 0x08, 0x01, 0x66, 0x01, 0x48, 0x01, 0x79, 0x01,
        0x4b, 0x00, 0x99, 0x01, 0x67, 0x01, 0x2d, 0x01, 0x0a, 0x01, 0x91, 0x00, 0x57, 0x01, 0xa4, 0x01,
        0x05, 0x01, 0x64, 0x01, 0xae, 0x00, 0x22, 0x00, 0x70, 0x00, 0xb6, 0x00, 0x06, 0x01, 0x26, 0x00,
        0x21, 0x00, 0x5e, 0x01, 0x89, 0x00, 0x14, 0x00, 0x86, 0x00, 0x2d, 0x00, 0x51, 0x01, 0x3c, 0x00,
        0xfd, 0x83, 0x92, 0x00, 0x2a, 0x01, 0x5b, 0x00, 0x66, 0x01, 0x93, 0x00, 0x52, 0x00, 0x8d, 0x00,
        0x8b, 0x00, 0xa2, 0x86, 0xb8, 0x00, 0x14, 0x00, 0x6c, 0x00, 0x66, 0x01, 0x41, 0x01, 0x66, 0x01,
        0x8c, 0x00, 0xd2, 0x00, 0x76, 0x01, 0x8f, 0x00, 0xcc, 0x83, 0x0a, 0x01, 0xfd, 0x00, 0x5c, 0x00,
        0x95, 0x01, 0x01, 0x00, 0x24, 0x01, 0x77, 0x01, 0x96, 0x00, 0xeb, 0x00, 0x21, 0x00, 0x77, 0x01,
        0x3d, 0x00, 0x90, 0x00, 0x6f, 0x01, 0xa4, 0x00, 0x8b, 0x00, 0x2a, 0x00, 0x3c, 0x00, 0x8d, 0x00,
        0x2b, 0x01, 0x82, 0x01, 0x18, 0x00, 0x12, 0x00, 0x02, 0x00, 0x1d, 0x01, 0x47, 0x01, 0x29, 0x00,
        0x20, 0x00, 0xac, 0x00, 0xe3, 0x00, 0x8f, 0x00, 0x08, 0x01, 0xcd, 0x00, 0x63, 0x01, 0xe9, 0x00,
        0x0e, 0x01, 0xe3, 0x00, 0x22, 0x00, 0xb7, 0x00, 0xb0, 0x00, 0xc2, 0x00, 0xa6, 0x00, 0x09, 0x00,
        0x7d, 0x01, 0x10, 0x00, 0x83, 0x01, 0x93, 0x01, 0x3e, 0x01, 0x7c, 0x01, 0x78, 0x00, 0x0d, 0x01,
        0x25, 0x00, 0xb2, 0x00, 0x4d, 0x01, 0x5e, 0x01, 0xbc, 0x00, 0x2a, 0x00, 0x21, 0x00, 0x15, 0x01,
        0x36, 0x01, 0x86, 0x00, 0xb2, 0x00, 0xc1, 0x00, 0x83, 0x01, 0xf0, 0x00, 0x49, 0x01, 0x73, 0x01,
        0xb0, 0x00, 0xdc, 0x00, 0x74, 0x82, 0x63, 0x01, 0x80, 0x01, 0x83, 0x01, 0x7e, 0x01, 0x6c, 0x01,
        0x28, 0x00, 0x8e, 0x01, 0x6c, 0x01, 0x66, 0x01, 0x70, 0x00, 0x4f, 0x00, 0x9c, 0x00, 0x4f, 0x00,
        0xcf, 0x00, 0x55, 0x01, 0x22, 0x00, 0x56, 0x00, 0x4f, 0x00, 0x71, 0x82, 0x8f, 0x00, 0x55, 0x01,
        0x3e, 0x01, 0x73, 0x01, 0x73, 0x01, 0x34, 0x01, 0xff, 0xff, 0x3d, 0x00, 0x08, 0x01, 0x4c, 0x00,
        0x5b, 0x00, 0xc9, 0x00, 0x32, 0x01, 0x4c, 0x00, 0xff, 0xff, 0x90, 0x00, 0xb2, 0x00, 0x85, 0x00,
        0x1d, 0x01, 0x5d, 0x01, 0xdf, 0x00, 0x11, 0x01, 0xb5, 0x00, 0x7d, 0x01, 0x05, 0x00, 0x6a, 0x00,
        0xb4, 0x84, 0x64, 0x01, 0x76, 0x00, 0xac, 0x00, 0x6a, 0x00, 0x4f, 0x01, 0x6f, 0x00, 0x6b, 0x01,
        0x13, 0x00, 0xbf, 0x83, 0x93, 0x00, 0x45, 0x00, 0xae, 0x81, 0x5b, 0x00, 0x74, 0x01, 0x8b, 0x00,
        0x35, 0x01, 0x89, 0x00, 0x77, 0x01, 0x89, 0x00, 0x21, 0x00, 0x91, 0x00, 0xc9, 0x00, 0x14, 0x01,
        0xdf, 0x00, 0x7e, 0x01, 0xc9, 0x00, 0x64, 0x00, 0x14, 0x01, 0x1b, 0x00, 0x91, 0x00, 0x1b, 0x00,
        0x82, 0x01, 0x6d, 0x00, 0x91, 0x00, 0xc9, 0x00, 0x95, 0x01, 0xfa, 0x84, 0x6b, 0x00, 0x6e, 0x01,
        0xcf, 0x00, 0xce, 0x00, 0x1b, 0x01, 0x78, 0x01, 0x69, 0x01, 0x99, 0x00, 0x96, 0x00, 0xeb, 0x00,
        0x77, 0x01, 0xce, 0x00, 0x34, 0x01, 0x6f, 0x00, 0xcd, 0x00, 0x94, 0x01, 0x93, 0x00, 0x7e, 0x01,
        0xd3, 0x00, 0xa1, 0x00, 0xb8, 0x00, 0x60, 0x00, 0x69, 0x01, 0xce, 0x00, 0x13, 0x00, 0x4b, 0x00,
        0x47, 0x01, 0x64, 0x00, 0x89, 0x82, 0x13, 0x00, 0x81, 0x00, 0x28, 0x00, 0x95, 0x00, 0x81, 0x00,
        0xa6, 0x00, 0x76, 0x01, 0xb1, 0x00, 0xf7, 0x00, 0x60, 0x00, 0xd2, 0x00, 0x4b, 0x00, 0x66, 0x01,
        0xb7, 0x00, 0x07, 0x01, 0x8b, 0x00, 0x90, 0x00, 0x40, 0x01, 0xcb, 0x00, 0x55, 0x01, 0x06, 0x01,
        0x6c, 0x00, 0x9c, 0x01, 0x3f, 0x01, 0x90, 0x00, 0xb5, 0x00, 0x0d, 0x01, 0x46, 0x00, 0xb9, 0x00,
        0x4b, 0x00, 0x63, 0x00, 0x8b, 0x00, 0x78, 0x01, 0x34, 0x00, 0x01, 0x00, 0xb2, 0x00, 0x2e, 0x00,
        0xd3, 0x00, 0x9c, 0x01, 0x37, 0x00, 0x3e, 0x01, 0x51, 0x00, 0x8f, 0x00, 0xb8, 0x00, 0xb8, 0x00,
        0xe9, 0x00, 0x64, 0x01, 0x4d, 0x00, 0x89, 0x00, 0x58, 0x00, 0x58, 0x00, 0x58, 0x00, 0x5c, 0x00,
        0x93, 0x00, 0x2a, 0x00, 0x92, 0x01, 0x5c, 0x00, 0xd7, 0x00, 0x93, 0x01, 0x60, 0x00, 0x5c, 0x00,
        0x02, 0x01, 0x5c, 0x00, 0x98, 0x00, 0x85, 0x00, 0x98, 0x00, 0x63, 0x00, 0x42, 0x00, 0x02, 0x01,
        0x08, 0x01, 0x6c, 0x01, 0xa4, 0x00, 0x55, 0x01, 0x32, 0x80, 0x2a, 0x00, 0x89, 0x00, 0x3d, 0x00,
        0x76, 0x00, 0x76, 0x00, 0x34, 0x87, 0x3e, 0x00, 0x46, 0x00, 0x3e, 0x00, 0x18, 0x01, 0x18, 0x01,
        0x2e, 0x00, 0x5b, 0x00, 0x0b, 0x01, 0x77, 0x01, 0x89, 0x00, 0x99, 0x00, 0x08, 0x01, 0x38, 0x00,
        0x2a, 0x00, 0x5f, 0x01, 0x89, 0x00, 0x3c, 0x00, 0x6b, 0x01, 0x88, 0x83, 0x5c, 0x01, 0x95, 0x00,
        0xb2, 0x00, 0x7f, 0x01, 0xb7, 0x00, 0xba, 0x00, 0x86, 0x01, 0x64, 0x00, 0x2e, 0x00, 0x60, 0x00,
        0x2a, 0x00, 0x10, 0x01, 0x46, 0x00, 0x2d, 0x01, 0xd2, 0x00, 0xb9, 0x00, 0x94, 0x01, 0xf7, 0x00,
        0x11, 0x00, 0x8e, 0x00, 0x8e, 0x00, 0x6a, 0x80, 0xb2, 0x00, 0x2d, 0x01, 0x11, 0x00, 0x21, 0x00,
        0x90, 0x00, 0x6d, 0x00, 0x69, 0x00, 0x3e, 0x00, 0x2e, 0x00, 0xa7, 0x00, 0xa2, 0x00, 0x51, 0x00,
        0x56, 0x00, 0x93, 0x01, 0x37, 0x01, 0xe7, 0x85, 0xff, 0x80, 0x32, 0x00, 0x9c, 0x00, 0x8e, 0x00,
        0x71, 0x00, 0x32, 0x00, 0x71, 0x00, 0x98, 0x00, 0x51, 0x00, 0x89, 0x00, 0x4e, 0x01, 0x90, 0x00,
        0xbd, 0x00, 0xc1, 0x00, 0x86, 0x01, 0x7e, 0x01, 0x39, 0x00, 0xdb, 0x86, 0x52, 0x84, 0xaa, 0x00,
        0x08, 0x01, 0x2b, 0x01, 0x2e, 0x00, 0x6d, 0x00, 0x8b, 0x00, 0x39, 0x00, 0xb2, 0x00, 0x4e, 0x01,
        0x5a, 0x00, 0x99, 0x85, 0x21, 0x00, 0x06, 0x01, 0x2e, 0x00, 0x9e, 0x01, 0x64, 0x00, 0x5c, 0x01,
        0x14, 0x00, 0x89, 0x00, 0x51, 0x00, 0x0d, 0x01, 0x21, 0x86, 0x4d, 0x00, 0x8b, 0x00, 0x89, 0x00,
        0x60, 0x80, 0x73, 0x01, 0x93, 0x00, 0x88, 0x00, 0x33, 0x01, 0x8b, 0x00, 0x51, 0x00, 0x4e, 0x00,
        0x63, 0x01, 0x6d, 0x00, 0x60, 0x00, 0x33, 0x01, 0x8b, 0x00, 0x66, 0x00, 0x3a, 0x00, 0x98, 0x00,
        0x2e, 0x00, 0x2d, 0x00, 0x21, 0x00, 0x56, 0x01, 0xbe, 0x00, 0xb2, 0x00, 0xfc, 0x00, 0x2d, 0x01,
        0xff, 0x00, 0xa1, 0x00, 0x28, 0x81, 0x6d, 0x00, 0x0a, 0x01, 0x95, 0x00, 0x88, 0x83, 0x8a, 0x01,
        0x9d, 0x01, 0xb4, 0x00, 0x93, 0x00, 0xfd, 0x00, 0xba, 0x00, 0x71, 0x00, 0x8d, 0x00, 0x71, 0x00,
        0x8b, 0x00, 0x8b, 0x00, 0x49, 0x01, 0x88, 0x00, 0x89, 0x00, 0x8b, 0x00, 0x77, 0x01, 0x8b, 0x00,
        0x93, 0x01, 0x21, 0x00, 0x8b, 0x00, 0xd5, 0x00, 0xb2, 0x00, 0x96, 0x01, 0xb2, 0x00, 0x72, 0x01,
        0x11, 0x01, 0x07, 0x00, 0x6a, 0x00, 0x8a, 0x00, 0x63, 0x01, 0xc6, 0x00, 0xb7, 0x00, 0x8f, 0x00,
        0x9f, 0x00, 0x69, 0x01, 0x93, 0x01, 0x4b, 0x00, 0x96, 0x01, 0xed, 0x00, 0x8e, 0x00, 0x10, 0x01,
        0x2f, 0x01, 0x77, 0x01, 0x96, 0x01, 0xd5, 0x00, 0xb2, 0x00, 0x0f, 0x84, 0xae, 0x00, 0xae, 0x00,
        0x94, 0x00, 0xa1, 0x00, 0x74, 0x01, 0x5a, 0x01, 0x68, 0x01, 0xd6, 0x00, 0xa6, 0x00, 0x8e, 0x00,
        0xb7, 0x00, 0x79, 0x00, 0x34, 0x01, 0x9c, 0x00, 0x0f, 0x84, 0x65, 0x00, 0x14, 0x00, 0xd2, 0x00,
        0x27, 0x00, 0xad, 0x00, 0x7b, 0x01, 0x7b, 0x01, 0xcf, 0x00, 0x9c, 0x00, 0x71, 0x01, 0x94, 0x00,
        0x0d, 0x01, 0xbe, 0x00, 0x15, 0x00, 0xcd, 0x00, 0x27, 0x00, 0x80, 0x84, 0x98, 0x00, 0xcf, 0x00,
        0x4b, 0x00, 0x6e, 0x01, 0x6e, 0x01, 0x99, 0x00, 0x63, 0x01, 0x77, 0x01, 0x71, 0x01, 0x60, 0x01,
        0x33, 0x01, 0xae, 0x00, 0xd7, 0x00, 0xbe, 0x00, 0xff, 0x00, 0x34, 0x01, 0x89, 0x00, 0x0c, 0x01,
        0x8c, 0x00, 0x28, 0x81, 0x11, 0x01, 0x67, 0x01, 0x77, 0x01, 0x95, 0x00, 0x58, 0x00, 0x94, 0x00,
        0x53, 0x01, 0x93, 0x00, 0x3c, 0x00, 0x69, 0x01, 0xc6, 0x00, 0x71, 0x01, 0x71, 0x01, 0xc2, 0x00,
        0xb2, 0x00, 0x24, 0x00, 0x15, 0x01, 0x11, 0x01, 0x09, 0x00, 0x2f, 0x01, 0x80, 0x01, 0x92, 0x00,
        0x09, 0x00, 0x6b, 0x00, 0x63, 0x01, 0x80, 0x01, 0x5f, 0x01, 0x6c, 0x01, 0x62, 0x00, 0x62, 0x00,
        0x09, 0x00, 0x33, 0x00, 0x77, 0x01, 0x6c, 0x01, 0xfc, 0x00, 0x93, 0x00, 0x4a, 0x01, 0x66, 0x00,
        0x05, 0x01, 0x52, 0x00, 0xf9, 0x00, 0x60, 0x00, 0x6a, 0x00, 0x3a, 0x00, 0x92, 0x00, 0x6a, 0x00,
        0x0d, 0x00, 0x82, 0x00, 0x0a, 0x00, 0xdd, 0x00, 0x55, 0x81, 0x59, 0x00, 0x92, 0x00, 0x77, 0x01,
        0x81, 0x01, 0x8c, 0x00, 0x9a, 0x00, 0x8c, 0x00, 0xa6, 0x00, 0x81, 0x00, 0x65, 0x01, 0x10, 0x01,
        0x58, 0x00, 0x71, 0x00, 0x0b, 0x01, 0x84, 0x01, 0xa6, 0x00, 0x5a, 0x00, 0x81, 0x00, 0x7d, 0x01,
        0x71, 0x00, 0x2f, 0x83, 0x86, 0x00, 0x3c, 0x00, 0x71, 0x00, 0xb4, 0x00, 0xb4, 0x00, 0x42, 0x01,
        0x4d, 0x00, 0x92, 0x00, 0x95, 0x00, 0x64, 0x01, 0xfd, 0x00, 0x7a, 0x85, 0x77, 0x01, 0x9c, 0x00,
        0x73, 0x01, 0x0e, 0x00, 0xe3, 0x00, 0x7a, 0x85, 0x34, 0x01, 0x71, 0x01, 0x08, 0x01, 0xe4, 0x00,
        0x23, 0x01, 0xa1, 0x01, 0x33, 0x01, 0x63, 0x01, 0x86, 0x00, 0x07, 0x00, 0x34, 0x01, 0x64, 0x01,
        0x5c, 0x01, 0x82, 0x00, 0x69, 0x01, 0x5c, 0x01, 0x0a, 0x00, 0xba, 0x81, 0x9d, 0x01, 0x69, 0x01,
        0x08, 0x81, 0xc6, 0x00, 0x4a, 0x85, 0x3c, 0x00, 0x89, 0x00, 0x14, 0x00, 0x38, 0x01, 0xad, 0x80,
        0xa6, 0x00, 0x0e, 0x00, 0x15, 0x00, 0x8c, 0x01, 0x49, 0x84, 0xbe, 0x00, 0x7c, 0x01, 0xbe, 0x00,
        0x64, 0x01, 0x6d, 0x00, 0x61, 0x01, 0x69, 0x01, 0x8e, 0x00, 0x8e, 0x00, 0x5e, 0x01, 0x03, 0x00,
        0x0e, 0x01, 0x93, 0x01, 0xc9, 0x00, 0x78, 0x01, 0x5e, 0x01, 0x2f, 0x01, 0x89, 0x00, 0x12, 0x01,
        0xbf, 0x00, 0x27, 0x00, 0x94, 0x00, 0x69, 0x01, 0x6e, 0x01, 0x8f, 0x00, 0x12, 0x01, 0x63, 0x01,
        0x89, 0x00, 0x52, 0x00, 0x0d, 0x01, 0x64, 0x01, 0x25, 0x01, 0x23, 0x80, 0x5e, 0x01, 0x52, 0x00,
        0x52, 0x01, 0xb2, 0x00, 0x8f, 0x01, 0x76, 0x00, 0xb2, 0x00, 0x72, 0x01, 0x72, 0x01, 0x73, 0x01,
        0x30, 0x01, 0x43, 0x00, 0x8a, 0x01, 0xf8, 0x00, 0x72, 0x01, 0x0b, 0x01, 0x72, 0x01, 0x93, 0x01,
        0xea, 0x80, 0xf4, 0x84, 0x4e, 0x01, 0xb2, 0x00, 0x30, 0x01, 0x80, 0x00, 0x52, 0x01, 0xa3, 0x01,
        0x39, 0x00, 0x5a, 0x00, 0x7e, 0x01, 0x1b, 0x00, 0x7e, 0x01, 0x67, 0x01, 0x73, 0x01, 0xb2, 0x00,
        0x95, 0x00, 0x1b, 0x86, 0x45, 0x00, 0x2a, 0x00, 0x92, 0x00, 0x8f, 0x00, 0x04, 0x00, 0x71, 0x00,
        0x73, 0x01, 0x3e, 0x01, 0xb2, 0x00, 0x22, 0x00, 0xac, 0x00, 0xb2, 0x00, 0x73, 0x01, 0x73, 0x01,
        0x7e, 0x01, 0x3e, 0x01, 0x6a, 0x00, 0xb8, 0x00, 0x1c, 0x01, 0x10, 0x01, 0x10, 0x01, 0x56, 0x00,
        0xb0, 0x00, 0x4d, 0x00, 0x66, 0x01, 0x99, 0x01, 0x25, 0x01, 0xd3, 0x80, 0xd3, 0x80, 0x18, 0x00,
        0x18, 0x00, 0x01, 0x00, 0x3b, 0x00, 0x7c, 0x01, 0x1f, 0x00, 0x89, 0x00, 0x7c, 0x01, 0x3a, 0x01,
        0x58, 0x00, 0x35, 0x01, 0x6e, 0x00, 0x05, 0x00, 0x57, 0x00, 0x22, 0x01, 0x34, 0x01, 0x36, 0x01,
        0x9d, 0x01, 0x10, 0x01, 0x35, 0x01, 0x0e, 0x00, 0x6e, 0x01, 0xd9, 0x83, 0xf7, 0x00, 0x40, 0x01,
        0x89, 0x00, 0x5e, 0x01, 0x40, 0x01, 0x47, 0x00, 0x20, 0x01, 0x33, 0x00, 0xa1, 0x00, 0x6c, 0x00,
        0xf7, 0x82, 0xb9, 0x00, 0x6d, 0x00, 0xed, 0x81, 0xa1, 0x00, 0x93, 0x01, 0x8d, 0x00, 0x33, 0x86,
        0x05, 0x00, 0x49, 0x00, 0x9c, 0x00, 0x47, 0x01, 0x27, 0x00, 0x34, 0x01, 0x7c, 0x01, 0x0f, 0x01,
        0x03, 0x01, 0xe4, 0x86, 0x78, 0x00, 0x3e, 0x01, 0x48, 0x01, 0x27, 0x00, 0xaf, 0x00, 0x46, 0x00,
        0x89, 0x00, 0xb6, 0x00, 0x7f, 0x00, 0xd1, 0x00, 0xed, 0x86, 0xc8, 0x00, 0x27, 0x00, 0x66, 0x00,
        0x6f, 0x01, 0x75, 0x01, 0x9e, 0x01, 0xd4, 0x82, 0x89, 0x00, 0x46, 0x00, 0xc9, 0x81, 0x53, 0x01,
        0xd3, 0x00, 0x80, 0x00, 0xb2, 0x00, 0x55, 0x01, 0x67, 0x01, 0x8a, 0x01, 0x6a, 0x83, 0x76, 0x01,
        0xc2, 0x00, 0x0a, 0x80, 0xc5, 0x00, 0xf4, 0x00, 0x88, 0x00, 0x77, 0x01, 0x96, 0x00, 0x29, 0x00,
        0xb8, 0x00, 0x58, 0x01, 0x78, 0x01, 0x5a, 0x00, 0x92, 0x80, 0x0c, 0x01, 0x0c, 0x01, 0x8e, 0x00,
        0x15, 0x00, 0x8f, 0x82, 0x05, 0x00, 0x50, 0x00, 0x5b, 0x00, 0x52, 0x00, 0x76, 0x00, 0x52, 0x01,
        0x5a, 0x83, 0x3c, 0x01, 0x06, 0x01, 0x7f, 0x00, 0x5d, 0x87, 0x78, 0x01, 0x63, 0x01, 0x63, 0x01,
        0x23, 0x00, 0xd9, 0x00, 0x70, 0x01, 0x64, 0x01, 0x2f, 0x00, 0x4c, 0x00, 0x5f, 0x01, 0x80, 0x00,
        0x7f, 0x00, 0x63, 0x01, 0x65, 0x00, 0x72, 0x01, 0x96, 0x00, 0xc2, 0x00, 0x52, 0x00, 0x66, 0x00,
        0xcb, 0x00, 0x10, 0x80, 0x06, 0x85, 0x26, 0x00, 0x63, 0x01, 0x65, 0x00, 0x60, 0x00, 0x8d, 0x00,
        0x7f, 0x00, 0x58, 0x81, 0x33, 0x01, 0x4d, 0x85, 0x58, 0x01, 0xd5, 0x84, 0x77, 0x01, 0xde, 0x81,
        0xf4, 0x00, 0xb2, 0x00, 0x47, 0x80, 0x1b, 0x87, 0x73, 0x00, 0x5f, 0x01, 0x09, 0x01, 0x63, 0x01,
        0x52, 0x00, 0x34, 0x01, 0x94, 0x00, 0xfb, 0x00, 0x5f, 0x01, 0x59, 0x85, 0xc4, 0x00, 0xb9, 0x00,
        0x14, 0x01, 0x7c, 0x01, 0x43, 0x00, 0x95, 0x01, 0x34, 0x01, 0x95, 0x01, 0x51, 0x01, 0x64, 0x01,
        0x77, 0x01, 0x06, 0x01, 0x02, 0x01, 0x9e, 0x01, 0xfa, 0x82, 0xae, 0x81, 0x5e, 0x01, 0x6e, 0x01,
        0x03, 0x80, 0x56, 0x85, 0xb2, 0x82, 0xfa, 0x00, 0x77, 0x01, 0x68, 0x01, 0x32, 0x01, 0x81, 0x00,
        0xd3, 0x00, 0x3a, 0x00, 0x10, 0x01, 0x27, 0x84, 0x76, 0x00, 0x81, 0x01, 0x59, 0x01, 0x51, 0x00,
        0x04, 0x01, 0xf9, 0x00, 0x8c, 0x80, 0x60, 0x00, 0x74, 0x01, 0x79, 0x00, 0x24, 0x87, 0x66, 0x83,
        0x75, 0x00, 0x92, 0x00, 0x7b, 0x01, 0x60, 0x00, 0x3a, 0x00, 0x95, 0x01, 0x5a, 0x01, 0x97, 0x00,
        0x6c, 0x00, 0xaf, 0x82, 0xa5, 0x01, 0x15, 0x00, 0xbc, 0x00, 0x4b, 0x00, 0xe9, 0x00, 0x46, 0x01,
        0x3e, 0x01, 0x66, 0x01, 0x88, 0x00, 0x06, 0x01, 0x56, 0x00, 0x52, 0x00, 0x70, 0x00, 0x8a, 0x01,
        0x64, 0x01, 0x77, 0x01, 0xb7, 0x00, 0x9e, 0x01, 0xd1, 0x00, 0xce, 0x00, 0x93, 0x01, 0x75, 0x01,
        0x89, 0x00, 0x95, 0x01, 0xda, 0x82, 0x36, 0x01, 0x1e, 0x87, 0x68, 0x01, 0x4a, 0x83, 0x86, 0x00,
        0xa3, 0x00, 0x83, 0x00, 0x4a, 0x01, 0x66, 0x01, 0x52, 0x00, 0x6f, 0x01, 0x6d, 0x01, 0x73, 0x00,
        0xf9, 0x86, 0xae, 0x00, 0x77, 0x01, 0x01, 0x00, 0x01, 0x01, 0x32, 0x01, 0x53, 0x01, 0x7f, 0x00,
        0x6c, 0x01, 0x51, 0x00, 0x5a, 0x01, 0x74, 0x00, 0x82, 0x01, 0x7c, 0x01, 0x47, 0x00, 0xf6, 0x00,
        0x67, 0x01, 0x01, 0x00, 0x68, 0x00, 0xa6, 0x00, 0x72, 0x01, 0x3a, 0x00, 0x68, 0x01, 0x0d, 0x00,
        0xb0, 0x83, 0xe4, 0x00, 0x82, 0x00, 0x6b, 0x01, 0xa4, 0x00, 0x51, 0x00, 0x5b, 0x00, 0x89, 0x00,
        0xeb, 0x00, 0xd6, 0x00, 0x7a, 0x01, 0x78, 0x00, 0x7e, 0x01, 0xbc, 0x00, 0x04, 0x01, 0xc8, 0x00,
        0x66, 0x00, 0x5f, 0x82, 0x27, 0x00, 0x2f, 0x01, 0x9e, 0x84, 0x45, 0x85, 0xa1, 0x01, 0x79, 0x00,
        0xa2, 0x00, 0x68, 0x01, 0x66, 0x01, 0xae, 0x00, 0x14, 0x00, 0x8f, 0x01, 0x8a, 0x01, 0xb5, 0x00,
        0x05, 0x00, 0xd1, 0x00, 0xb7, 0x00, 0x43, 0x01, 0x60, 0x00, 0x15, 0x00, 0x76, 0x00, 0x70, 0x83,
        0x69, 0x00, 0x3d, 0x01, 0x66, 0x00, 0x7c, 0x01, 0x73, 0x01, 0x6c, 0x00, 0x6c, 0x00, 0x0a, 0x00,
        0x76, 0x00, 0x45, 0x01, 0x30, 0x00, 0x77, 0x01, 0x01, 0x00, 0x8a, 0x00, 0x55, 0x01, 0x66, 0x01,
        0x5c, 0x01, 0xb2, 0x00, 0x64, 0x01, 0x49, 0x01, 0xa5, 0x01, 0x0f, 0x01, 0x24, 0x00, 0x41, 0x85,
        0x85, 0x01, 0x72, 0x01, 0x4c, 0x00, 0x06, 0x01, 0x43, 0x00, 0x0c, 0x01, 0xd8, 0x84, 0xd5, 0x00,
        0xf1, 0x82, 0x4c, 0x00, 0x10, 0x01, 0xae, 0x00, 0xaa, 0x84, 0x45, 0x01, 0x85, 0x01, 0x84, 0x00,
        0xad, 0x00, 0x2b, 0x01, 0x89, 0x00, 0xa1, 0x01, 0x61, 0x01, 0x5c, 0x00, 0x15, 0x84, 0x82, 0x83,
        0x06, 0x01, 0x35, 0x01, 0x5e, 0x01, 0x37, 0x01, 0x22, 0x00, 0x56, 0x00, 0xb2, 0x00, 0x09, 0x01,
        0x02, 0x00, 0x86, 0x01, 0x7a, 0x01, 0xe4, 0x00, 0x7d, 0x01, 0x4f, 0x01, 0xab, 0x00, 0x2b, 0x01,
        0x64, 0x01, 0x59, 0x01, 0x81, 0x00, 0x01, 0x00, 0x4a, 0x87, 0xec, 0x00, 0x9e, 0x00, 0x9d, 0x01,
        0x9d, 0x01, 0x2e, 0x01, 0x43, 0x00, 0x7c, 0x00, 0xb8, 0x00, 0x00, 0x00, 0x17, 0x00, 0x67, 0x01,
        0x58, 0x01, 0x63, 0x01, 0x5f, 0x01, 0x37, 0x00, 0x2b, 0x01, 0x6c, 0x00, 0x06, 0x01, 0x06, 0x01,
        0x4a, 0x01, 0x3c, 0x00, 0x3c, 0x00, 0x76, 0x01, 0x9e, 0x01, 0x0d, 0x00, 0x37, 0x00, 0x8c, 0x81,
        0x79, 0x00, 0x72, 0x01, 0x06, 0x01, 0x8f, 0x01, 0x5a, 0x00, 0xaa, 0x84, 0x66, 0x01, 0xfd, 0x00,
        0x2b, 0x01, 0xaa, 0x00, 0x86, 0x01, 0x79, 0x01, 0x6d, 0x00, 0xf5, 0x00, 0x8f, 0x01, 0x28, 0x01,
        0x99, 0x01, 0xe7, 0x00, 0x73, 0x00, 0xc1, 0x00, 0x73, 0x01, 0x43, 0x00, 0x11, 0x01, 0x0f, 0x81,
        0x14, 0x00, 0x49, 0x00, 0xad, 0x00, 0x68, 0x01, 0x93, 0x00, 0x49, 0x01, 0x27, 0x00, 0x4e, 0x01,
        0x02, 0x00, 0x92, 0x00, 0x3c, 0x00, 0x97, 0x00, 0x0f, 0x87, 0x5e, 0x01, 0xdb, 0x00, 0x2d, 0x01,
        0x7d, 0x01, 0x8f, 0x01, 0xaa, 0x00, 0x8e, 0x00, 0x80, 0x00, 0x76, 0x00, 0x26, 0x82, 0x95, 0x01,
        0x20, 0x00, 0x5b, 0x01, 0x71, 0x85, 0x7d, 0x01, 0x78, 0x01, 0x1e, 0x87, 0x75, 0x01, 0x77, 0x85,
        0xcf, 0x00, 0x81, 0x00, 0x80, 0x01, 0x2d, 0x00, 0x86, 0x00, 0x84, 0x00, 0x84, 0x00, 0x64, 0x01,
        0x79, 0x00, 0x89, 0x00, 0xa7, 0x00, 0x94, 0x01, 0x5e, 0x01, 0x2b, 0x01, 0x6e, 0x01, 0x85, 0x00,
        0x51, 0x00, 0xe7, 0x00, 0x6f, 0x01, 0xb5, 0x00, 0x7d, 0x01, 0x26, 0x01, 0x27, 0x00, 0x0a, 0x01,
        0x73, 0x01, 0x08, 0x81, 0xfb, 0x00, 0x18, 0x00, 0xb2, 0x00, 0x7a, 0x01, 0x02, 0x81, 0x5e, 0x01,
        0xd0, 0x00, 0x79, 0x01, 0xfb, 0x00, 0x15, 0x00, 0xa7, 0x00, 0x64, 0x01, 0x7d, 0x01, 0x8e, 0x00,
        0xbd, 0x00, 0xa2, 0x00, 0x85, 0x01, 0x81, 0x00, 0x4e, 0x01, 0x75, 0x01, 0x79, 0x00, 0x07, 0x80,
        0x6d, 0x01, 0x09, 0x01, 0x28, 0x01, 0x7b, 0x01, 0x41, 0x01, 0x7f, 0x00, 0x69, 0x01, 0x20, 0x80,
        0x45, 0x01, 0xc5, 0x00, 0x1f, 0x00, 0x75, 0x00, 0x9c, 0x00, 0xdb, 0x81, 0x26, 0x01, 0x25, 0x00,
        0x1d, 0x01, 0x40, 0x01, 0x5a, 0x01, 0x89, 0x00, 0xf8, 0x00, 0x63, 0x01, 0x08, 0x01, 0x34, 0x01,
        0x66, 0x00, 0x9e, 0x01, 0x06, 0x84, 0xae, 0x00, 0x60, 0x01, 0x5a, 0x01, 0x3e, 0x01, 0x27, 0x00,
        0x78, 0x00, 0x45, 0x01, 0xff, 0xff, 0x44, 0x83, 0x45, 0x01, 0x0c, 0x01, 0xe7, 0x00, 0x79, 0x00,
        0x93, 0x01, 0x24, 0x01, 0x3e, 0x85, 0x66, 0x00, 0xd9, 0x00, 0x05, 0x82, 0x01, 0x00, 0x09, 0x01,
        0x53, 0x01, 0x0d, 0x00, 0x04, 0x00, 0x04, 0x00, 0xb4, 0x00, 0xa3, 0x01, 0x8f, 0x01, 0xd5, 0x00,
        0x40, 0x01, 0x40, 0x01, 0x48, 0x01, 0x43, 0x00, 0x06, 0x01, 0x8d, 0x00, 0x28, 0x00, 0x8d, 0x00,
        0x98, 0x00, 0x48, 0x01, 0x2d, 0x01, 0x1a, 0x00, 0x8a, 0x00, 0x01, 0x00, 0x68, 0x01, 0xff, 0x00,
        0xbd, 0x00, 0x61, 0x00, 0x03, 0x83, 0x68, 0x01, 0x81, 0x00, 0x86, 0x00, 0x73, 0x00, 0xf4, 0x00,
        0x66, 0x01, 0x86, 0x01, 0x22, 0x00, 0x5b, 0x86, 0x03, 0x01, 0xf0, 0x81, 0xc5, 0x00, 0xc5, 0x00,
        0x81, 0x00, 0xb0, 0x00, 0x4d, 0x00, 0x61, 0x00, 0x49, 0x01, 0x76, 0x01, 0x0c, 0x00, 0x79, 0x01,
        0x24, 0x01, 0x8d, 0x00, 0xce, 0x00, 0x68, 0x01, 0x82, 0x00, 0xc6, 0x00, 0x14, 0x01, 0x8f, 0x81,
        0xfc, 0x00, 0xae, 0x00, 0x68, 0x01, 0x89, 0x00, 0x96, 0x01, 0x2e, 0x81, 0xa7, 0x00, 0xa3, 0x01,
        0x68, 0x01, 0x3e, 0x01, 0x78, 0x00, 0x92, 0x82, 0xb6, 0x00, 0x0a, 0x01, 0x64, 0x01, 0x2a, 0x00,
        0x0f, 0x81, 0x3c, 0x00, 0x6d, 0x83, 0x71, 0x01, 0x52, 0x00, 0xa4, 0x01, 0x58, 0x00, 0x27, 0x00,
        0x86, 0x00, 0x83, 0x01, 0x2e, 0x00, 0x35, 0x00, 0x3c, 0x00, 0x7d, 0x01, 0x58, 0x01, 0xf5, 0x80,
        0x8d, 0x00, 0x76, 0x01, 0x64, 0x01, 0x06, 0x01, 0x78, 0x00, 0xb4, 0x00, 0x6e, 0x01, 0x42, 0x00,
        0x86, 0x00, 0x78, 0x01, 0x05, 0x01, 0x95, 0x00, 0x0c, 0x01, 0x71, 0x01, 0xe7, 0x00, 0xbe, 0x00,
        0x3e, 0x01, 0x73, 0x01, 0x79, 0x01, 0x3a, 0x00, 0x8c, 0x01, 0xf3, 0x00, 0x95, 0x01, 0x8f, 0x00,
        0xeb, 0x00, 0xb0, 0x83, 0x69, 0x01, 0x06, 0x01, 0x52, 0x00, 0x85, 0x01, 0x77, 0x01, 0x34, 0x01,
        0x8d, 0x00, 0x7e, 0x01, 0x01, 0x00, 0x7b, 0x01, 0x36, 0x84, 0xa4, 0x00, 0x7d, 0x01, 0xfb, 0x00,
        0x3e, 0x00, 0x61, 0x00, 0x7d, 0x00, 0x50, 0x00, 0x3d, 0x00, 0x6a, 0x01, 0x24, 0x01, 0xfd, 0x00,
        0xfd, 0x00, 0x78, 0x01, 0xa3, 0x01, 0xe9, 0x00, 0x43, 0x00, 0xac, 0x00, 0x46, 0x01, 0xb9, 0x83,
        0x1d, 0x01, 0x78, 0x00, 0x6a, 0x83, 0x76, 0x01, 0x51, 0x00, 0xfd, 0x00, 0x29, 0x00, 0x89, 0x00,
        0x8f, 0x00, 0x78, 0x00, 0x4e, 0x01, 0x22, 0x00, 0x71, 0x01, 0xca, 0x00, 0xc6, 0x80, 0x4e, 0x01,
        0xbe, 0x00, 0x86, 0x00, 0x14, 0x00, 0x7c, 0x01, 0xe7, 0x00, 0x78, 0x01, 0x81, 0x00, 0xca, 0x00,
        0x7f, 0x00, 0x8f, 0x01, 0xb2, 0x00, 0xba, 0x00, 0x75, 0x00, 0xdc, 0x00, 0x35, 0x80, 0xd5, 0x00,
        0x73, 0x01, 0xb2, 0x00, 0xbe, 0x00, 0xbc, 0x00, 0xd5, 0x00, 0x3c, 0x00, 0x25, 0x00, 0x01, 0x01,
        0xfd, 0x00, 0x67, 0x01, 0x88, 0x00, 0xd5, 0x00, 0x64, 0x01, 0x51, 0x00, 0xa2, 0x00, 0x73, 0x01,
        0x21, 0x00, 0x79, 0x01, 0x15, 0x01, 0x45, 0x00, 0xaa, 0x00, 0x46, 0x01, 0x68, 0x01, 0xf1, 0x83,
        0x31, 0x00, 0x84, 0x00, 0x88, 0x00, 0x99, 0x01, 0xe7, 0x00, 0x68, 0x01, 0x16, 0x00, 0xb2, 0x00,
        0x21, 0x00, 0x20, 0x00, 0xb2, 0x00, 0x77, 0x01, 0xc1, 0x00, 0xdc, 0x00, 0x81, 0x01, 0x41, 0x01,
        0x64, 0x01, 0x88, 0x01, 0x8b, 0x00, 0x81, 0x01, 0x96, 0x01, 0xac, 0x00, 0xe7, 0x00, 0xdc, 0x00,
        0xac, 0x00, 0xbb, 0x00, 0x5e, 0x01, 0x86, 0x00, 0x78, 0x01, 0x0f, 0x01, 0x3e, 0x01, 0xe8, 0x00,
        0xe2, 0x83, 0x86, 0x00, 0x6a, 0x01, 0x78, 0x01, 0xdb, 0x00, 0x56, 0x01, 0x56, 0x01, 0x53, 0x82,
        0x9a, 0x00, 0x7e, 0x01, 0x91, 0x00, 0xfe, 0x00, 0x80, 0x01, 0x33, 0x00, 0x81, 0x00, 0x86, 0x00,
        0x7e, 0x01, 0x52, 0x00, 0x73, 0x00, 0xa8, 0x00, 0x33, 0x00, 0x53, 0x01, 0x55, 0x01, 0x5e, 0x01,
        0xc0, 0x00, 0x73, 0x00, 0x13, 0x01, 0x1a, 0x01, 0xb9, 0x00, 0x6c, 0x00, 0x73, 0x00, 0x47, 0x01,
        0x73, 0x00, 0x55, 0x01, 0x7c, 0x01, 0x73, 0x00, 0x78, 0x01, 0x87, 0x00, 0x05, 0x01, 0x7d, 0x01,
        0x76, 0x00, 0x7e, 0x01, 0xc0, 0x00, 0x2d, 0x84, 0x7d, 0x01, 0x0d, 0x01, 0x73, 0x00, 0x92, 0x81,
        0x5e, 0x01, 0x7e, 0x01, 0x11, 0x01, 0xa2, 0x00, 0x05, 0x01, 0x7e, 0x01, 0x7e, 0x01, 0x72, 0x01,
        0x55, 0x01, 0x55, 0x01, 0x55, 0x01, 0x56, 0x01, 0xc3, 0x00, 0x86, 0x00, 0x77, 0x01, 0xa1, 0x83,
        0xbf, 0x00, 0xbf, 0x00, 0x55, 0x01, 0x72, 0x01, 0x55, 0x01, 0x52, 0x01, 0x33, 0x01, 0x05, 0x01,
        0xbe, 0x00, 0xa4, 0x00, 0x72, 0x01, 0x82, 0x01, 0xbd, 0x86, 0x66, 0x00, 0xae, 0x86, 0x63, 0x01,
        0x71, 0x00, 0xfd, 0x00, 0x77, 0x01, 0xf3, 0x81, 0x08, 0x01, 0x08, 0x01, 0x91, 0x01, 0x9d, 0x01,
        0x3d, 0x00, 0x07, 0x01, 0x65, 0x01, 0x2d, 0x01, 0xa6, 0x00, 0x22, 0x00, 0xb4, 0x85, 0xe7, 0x00,
        0xd5, 0x00, 0x89, 0x00, 0x8a, 0x00, 0x93, 0x01, 0x93, 0x01, 0x07, 0x00, 0x71, 0x01, 0x77, 0x01,
        0x0c, 0x01, 0xcb, 0x00, 0x96, 0x00, 0x1b, 0x01, 0x58, 0x01, 0x59, 0x00, 0x86, 0x80, 0x0b, 0x00,
        0x48, 0x01, 0x99, 0x00, 0x98, 0x83, 0xa5, 0x01, 0x9f, 0x00, 0x0d, 0x00, 0x90, 0x00, 0x43, 0x00,
        0x90, 0x00, 0x89, 0x00, 0xa4, 0x00, 0x43, 0x00, 0x90, 0x00, 0x8b, 0x00, 0x48, 0x01, 0xb2, 0x00,
        0x05, 0x00, 0x63, 0x01, 0x5b, 0x00, 0x9b, 0x01, 0x03, 0x01, 0x07, 0x00, 0x49, 0x01, 0xa8, 0x00,
        0x10, 0x01, 0x48, 0x01, 0x93, 0x01, 0x59, 0x01, 0x63, 0x00, 0x02, 0x01, 0x45, 0x00, 0x0f, 0x83,
        0xe3, 0x00, 0x47, 0x01, 0xfd, 0x00, 0x91, 0x00, 0x74, 0x01, 0x5e, 0x00, 0x04, 0x00, 0xbe, 0x00,
        0x0f, 0x01, 0xd7, 0x00, 0x1b, 0x84, 0x6b, 0x00, 0x70, 0x01, 0x05, 0x00, 0x52, 0x81, 0x24, 0x00,
        0xb9, 0x00, 0x96, 0x01, 0x60, 0x00, 0x81, 0x00, 0x93, 0x01, 0x2f, 0x00, 0xaa, 0x00, 0xbc, 0x00,
        0xbc, 0x00, 0xbe, 0x00, 0x04, 0x00, 0x3b, 0x00, 0xf9, 0x00, 0xd2, 0x00, 0x6b, 0x01, 0x32, 0x82,
        0x89, 0x00, 0x79, 0x00, 0xc2, 0x00, 0x32, 0x00, 0x27, 0x00, 0xb0, 0x00, 0x62, 0x00, 0x78, 0x01,
        0x80, 0x00, 0x4f, 0x00, 0x8e, 0x01, 0x60, 0x00, 0x70, 0x00, 0x75, 0x01, 0x51, 0x00, 0x51, 0x00,
        0x71, 0x00, 0x1f, 0x00, 0x74, 0x01, 0x78, 0x01, 0x57, 0x00, 0x6b, 0x00, 0x7e, 0x01, 0x47, 0x00,
        0x69, 0x01, 0x9e, 0x00, 0x2e, 0x01, 0x35, 0x01, 0x52, 0x00, 0x13, 0x00, 0x45, 0x00, 0x7f, 0x00,
        0x72, 0x01, 0xa3, 0x00, 0x3a, 0x00, 0x97, 0x00, 0x3d, 0x00, 0x98, 0x00, 0x77, 0x00, 0xdd, 0x00,
        0x02, 0x00, 0x6b, 0x01, 0x66, 0x01, 0x7e, 0x01, 0x08, 0x00, 0x60, 0x00, 0x05, 0x00, 0x77, 0x01,
        0x78, 0x01, 0x76, 0x00, 0x6e, 0x01, 0x2f, 0x00, 0x0c, 0x01, 0x69, 0x00, 0x01, 0x00, 0x0c, 0x00,
        0x59, 0x00, 0x12, 0x01, 0x7b, 0x01, 0x96, 0x00, 0x8a, 0x00, 0x43, 0x00, 0xe5, 0x84, 0xad, 0x00,
        0x94, 0x00, 0x26, 0x00, 0x2d, 0x01, 0x8f, 0x00, 0x8f, 0x01, 0xb7, 0x00, 0xb7, 0x00, 0xc0, 0x80,
        0x26, 0x00, 0x82, 0x00, 0x15, 0x00, 0x34, 0x01, 0x71, 0x01, 0x73, 0x00, 0x91, 0x00, 0x76, 0x01,
        0xe4, 0x00, 0x43, 0x00, 0x7d, 0x01, 0x15, 0x00, 0x72, 0x01, 0x11, 0x01, 0x43, 0x01, 0xfd, 0x00,
        0x0d, 0x01, 0x5c, 0x01, 0x93, 0x00, 0xc0, 0x00, 0x92, 0x01, 0xa0, 0x00, 0x62, 0x81, 0x4b, 0x00,
        0x3b, 0x00, 0x48, 0x01, 0x02, 0x00, 0x17, 0x00, 0x2a, 0x00, 0x0c, 0x00, 0x99, 0x00, 0x93, 0x01,
        0x51, 0x00, 0x77, 0x01, 0x93, 0x01, 0x77, 0x01, 0xfa, 0x00, 0x89, 0x00, 0x9c, 0x01, 0x06, 0x01,
        0x27, 0x01, 0x93, 0x00, 0xe3, 0x00, 0xa2, 0x00, 0x9c, 0x00, 0x49, 0x01, 0xa8, 0x00, 0xe3, 0x00,
        0x8b, 0x00, 0x4d, 0x82, 0x8f, 0x00, 0x64, 0x00, 0x7d, 0x01, 0x52, 0x00, 0xfc, 0x00, 0x6c, 0x00,
        0x55, 0x01, 0xb1, 0x00, 0x59, 0x00, 0x72, 0x01, 0x08, 0x01, 0xa8, 0x00, 0x02, 0x00, 0x32, 0x01,
        0x59, 0x82, 0xdd, 0x00, 0x55, 0x01, 0x26, 0x00, 0x78, 0x01, 0x87, 0x00, 0x0d, 0x00, 0xb4, 0x00,
        0x73, 0x00, 0x47, 0x00, 0x99, 0x01, 0x80, 0x00, 0x63, 0x80, 0x09, 0x00, 0x7d, 0x01, 0xfc, 0x81,
        0xc9, 0x00, 0x8e, 0x00, 0x1f, 0x01, 0x68, 0x82, 0x69, 0x00, 0x99, 0x00, 0x9f, 0x01, 0x7d, 0x01,
        0x85, 0x00, 0x52, 0x00, 0x75, 0x01, 0x73, 0x01, 0x09, 0x00, 0xa8, 0x81, 0xcb, 0x00, 0x22, 0x00,
        0x4d, 0x00, 0x59, 0x01, 0x78, 0x01, 0x5c, 0x00, 0x94, 0x01, 0x8e, 0x00, 0x8f, 0x00, 0x7c, 0x00,
        0x64, 0x00, 0x30, 0x00, 0x8b, 0x00, 0x02, 0x01, 0xb0, 0x00, 0x67, 0x01, 0x85, 0x00, 0xb1, 0x00,
        0x4e, 0x00, 0x5c, 0x01, 0x6f, 0x01, 0x89, 0x00, 0x89, 0x00, 0xa4, 0x00, 0x79, 0x01, 0x46, 0x01,
        0x26, 0x00, 0x7b, 0x01, 0x98, 0x00, 0x41, 0x01, 0x41, 0x01, 0x34, 0x01, 0xce, 0x00, 0xdb, 0x81,
        0x60, 0x01, 0x26, 0x00, 0x55, 0x01, 0x49, 0x01, 0x12, 0x01, 0x94, 0x01, 0xb2, 0x00, 0x94, 0x01,
        0x08, 0x00, 0x03, 0x86, 0x84, 0x01, 0x4f, 0x00, 0x4f, 0x01, 0x63, 0x01, 0x92, 0x01, 0x71, 0x01,
        0x66, 0x00, 0x91, 0x01, 0x01, 0x00, 0x6a, 0x00, 0x73, 0x01, 0x99, 0x00, 0x4f, 0x01, 0x7e, 0x01,
        0x5f, 0x01, 0x69, 0x01, 0xba, 0x00, 0x75, 0x00, 0xad, 0x00, 0x22, 0x00, 0xfc, 0x00, 0x0c, 0x00,
        0x25, 0x00, 0xbe, 0x00, 0xbe, 0x00, 0xf4, 0x00, 0x08, 0x01, 0xcb, 0x00, 0xd5, 0x00, 0x99, 0x01,
        0x3a, 0x01, 0x36, 0x01, 0xbd, 0x00, 0x27, 0x00, 0xc7, 0x00, 0x10, 0x00, 0x90, 0x00, 0x1b, 0x00,
        0x36, 0x01, 0x93, 0x01, 0x8d, 0x01, 0x99, 0x00, 0x7b, 0x01, 0x45, 0x00, 0x25, 0x00, 0x93, 0x01,
        0x64, 0x01, 0x73, 0x00, 0x09, 0x01, 0x8f, 0x00, 0x43, 0x00, 0x2e, 0x01, 0xd7, 0x00, 0x37, 0x00,
        0x73, 0x01, 0x46, 0x01, 0x89, 0x01, 0x08, 0x01, 0x09, 0x01, 0xb5, 0x00, 0x5e, 0x01, 0x9b, 0x01,
        0x0a, 0x01, 0x89, 0x01, 0x6e, 0x01, 0x2d, 0x01, 0x2d, 0x01, 0x05, 0x00, 0x05, 0x01, 0xa4, 0x00,
        0x4b, 0x00, 0x58, 0x00, 0x12, 0x01, 0xd5, 0x00, 0x50, 0x00, 0x50, 0x00, 0xa4, 0x01, 0x43, 0x00,
        0x33, 0x01, 0x51, 0x00, 0x51, 0x00, 0x48, 0x01, 0x42, 0x00, 0xd7, 0x00, 0x5b, 0x00, 0x85, 0x00,
        0x48, 0x01, 0x3a, 0x00, 0x76, 0x01, 0x96, 0x01, 0x8b, 0x00, 0x04, 0x00, 0x09, 0x01, 0x89, 0x00,
        0x0a, 0x01, 0x9e, 0x00, 0x77, 0x01, 0xfd, 0x00, 0x0d, 0x00, 0x45, 0x00, 0x8c, 0x00, 0x76, 0x01,
        0x7b, 0x01, 0x70, 0x01, 0x48, 0x01, 0xac, 0x00, 0x93, 0x00, 0x83, 0x00, 0x3d, 0x00, 0x15, 0x01,
        0x08, 0x01, 0x71, 0x01, 0x66, 0x01, 0x64, 0x01, 0x79, 0x00, 0x01, 0x00, 0x72, 0x01, 0x3e, 0x00,
        0x78, 0x00, 0x1f, 0x01, 0x8f, 0x00, 0xb0, 0x00, 0xa6, 0x00, 0xbe, 0x00, 0x73, 0x01, 0x48, 0x01,
        0x5e, 0x01, 0x83, 0x00, 0xbc, 0x00, 0xbc, 0x00, 0x20, 0x01, 0xb2, 0x00, 0xb8, 0x00, 0x15, 0x01,
        0x21, 0x00, 0x71, 0x01, 0x73, 0x01, 0xb0, 0x00, 0x05, 0x00, 0x5c, 0x01, 0x34, 0x01, 0x18, 0x01,
        0x25, 0x01, 0x9a, 0x01, 0x9a, 0x01, 0x33, 0x01, 0x77, 0x01, 0xc6, 0x00, 0x58, 0x84, 0x96, 0x01,
        0x9a, 0x01, 0x81, 0x00, 0x81, 0x00, 0xa8, 0x00, 0x77, 0x01, 0x81, 0x00, 0x6e, 0x01, 0xa8, 0x00,
        0x35, 0x01, 0xc8, 0x00, 0xa4, 0x01, 0x35, 0x01, 0x77, 0x01, 0x93, 0x01, 0x6c, 0x00, 0x2a, 0x00,
        0x8c, 0x00, 0x5c, 0x00, 0x0a, 0x00, 0x8b, 0x01, 0x0e, 0x00, 0x43, 0x01, 0x13, 0x01, 0xb9, 0x00,
        0x60, 0x00, 0x39, 0x00, 0x65, 0x01, 0x6c, 0x01, 0x69, 0x01, 0xdd, 0x00, 0x65, 0x01, 0xa7, 0x00,
        0x64, 0x01, 0x5b, 0x01, 0x7e, 0x01, 0xc9, 0x00, 0x41, 0x01, 0x51, 0x00, 0x51, 0x00, 0x76, 0x01,
        0x0d, 0x01, 0x5b, 0x01, 0x6b, 0x00, 0x6b, 0x00, 0x06, 0x01, 0xcd, 0x00, 0xcd, 0x00, 0x78, 0x01,
        0x88, 0x00, 0x25, 0x00, 0xd5, 0x81, 0x86, 0x01, 0x4f, 0x01, 0x47, 0x01, 0x60, 0x00, 0x6e, 0x00,
        0x75, 0x01, 0x74, 0x01, 0x89, 0x80, 0x65, 0x00, 0x34, 0x01, 0x4a, 0x01, 0x47, 0x01, 0x54, 0x01,
        0x73, 0x01, 0x0d, 0x00, 0x77, 0x01, 0xa3, 0x00, 0xa8, 0x82, 0x51, 0x00, 0x82, 0x00, 0xa6, 0x00,
        0x80, 0x01, 0xa8, 0x82, 0x05, 0x00, 0x54, 0x00, 0xb4, 0x00, 0x84, 0x00, 0x43, 0x00, 0x73, 0x01,
        0xf9, 0x00, 0x94, 0x00, 0xbf, 0x83, 0xda, 0x00, 0x5c, 0x00, 0x69, 0x01, 0x5b, 0x00, 0x45, 0x00,
        0x11, 0x01, 0xa7, 0x00, 0xa0, 0x01, 0x84, 0x00, 0xae, 0x85, 0x98, 0x00, 0x8a, 0x01, 0x0b, 0x00,
        0x77, 0x01, 0x8c, 0x00, 0x4a, 0x01, 0x31, 0x87, 0x0b, 0x00, 0x64, 0x01, 0x85, 0x00, 0x5a, 0x00,
        0x46, 0x00, 0x71, 0x01, 0x0c, 0x00, 0x45, 0x00, 0x04, 0x00, 0x30, 0x01, 0x60, 0x01, 0x3e, 0x83,
        0x04, 0x00, 0x63, 0x01, 0x04, 0x00, 0x8c, 0x00, 0xb4, 0x00, 0x51, 0x00, 0x80, 0x01, 0x8c, 0x00,
        0x34, 0x01, 0x5b, 0x00, 0x88, 0x00, 0x0d, 0x00, 0xbf, 0x00, 0x51, 0x00, 0xf1, 0x00, 0xed, 0x00,
        0x49, 0x00, 0xda, 0x00, 0x08, 0x01, 0x8b, 0x00, 0x46, 0x01, 0x92, 0x00, 0xee, 0x00, 0x1f, 0x00,
        0x78, 0x00, 0x66, 0x01, 0x58, 0x00, 0x89, 0x00, 0x3d, 0x01, 0x1d, 0x01, 0x5a, 0x00, 0x5d, 0x01,
        0x7f, 0x00, 0x9a, 0x01, 0x60, 0x00, 0xc5, 0x00, 0x3c, 0x00, 0x18, 0x01, 0x60, 0x00, 0x90, 0x00,
        0x73, 0x01, 0x75, 0x00, 0x5f, 0x01, 0x94, 0x01, 0xf5, 0x00, 0x4d, 0x00, 0x89, 0x00, 0x9f, 0x00,
        0x94, 0x01, 0x75, 0x01, 0x8f, 0x00, 0x80, 0x01, 0xd0, 0x00, 0x5f, 0x00, 0x27, 0x00, 0x7f, 0x01,
        0x9a, 0x01, 0xea, 0x00, 0x73, 0x01, 0xd9, 0x00, 0x6a, 0x01, 0x5b, 0x00, 0x0d, 0x00, 0x7d, 0x01,
        0x59, 0x01, 0x5c, 0x00, 0xb7, 0x86, 0x59, 0x00, 0x63, 0x01, 0x7d, 0x01, 0x71, 0x00, 0x4d, 0x00,
        0x05, 0x00, 0xe3, 0x00, 0x95, 0x01, 0x9d, 0x01, 0x8e, 0x01, 0x3a, 0x00, 0x53, 0x85, 0x7e, 0x01,
        0x54, 0x01, 0x66, 0x01, 0x93, 0x01, 0x52, 0x00, 0xcb, 0x00, 0xd5, 0x00, 0x06, 0x01, 0x0d, 0x00,
        0x32, 0x01, 0x0b, 0x01, 0x52, 0x00, 0x79, 0x00, 0x6e, 0x01, 0x57, 0x00, 0x92, 0x01, 0xd2, 0x00,
        0x07, 0x00, 0xd7, 0x00, 0x60, 0x00, 0xb9, 0x00, 0x9e, 0x01, 0x9e, 0x01, 0x34, 0x01, 0x14, 0x01,
        0x2d, 0x01, 0x74, 0x01, 0xc7, 0x00, 0x8e, 0x00, 0x6c, 0x00, 0x3e, 0x01, 0x6b, 0x01, 0x5e, 0x01,
        0x9e, 0x01, 0x93, 0x00, 0x2d, 0x01, 0x01, 0x01, 0x18, 0x01, 0x75, 0x01, 0x4b, 0x00, 0x8c, 0x00,
        0x36, 0x01, 0x89, 0x00, 0x62, 0x00, 0x67, 0x01, 0x82, 0x00, 0x94, 0x00, 0x8d, 0x00, 0x6b, 0x00,
        0x7d, 0x84, 0x8b, 0x00, 0x8b, 0x00, 0x77, 0x01, 0xe4, 0x00, 0x93, 0x01, 0x89, 0x00, 0x89, 0x00,
        0x66, 0x01, 0x7c, 0x00, 0x70, 0x00, 0x96, 0x00, 0xa3, 0x00, 0x73, 0x01, 0xd3, 0x00, 0xb7, 0x00,
        0xfa, 0x00, 0x52, 0x00, 0x7c, 0x01, 0x73, 0x01, 0x1f, 0x00, 0x32, 0x01, 0x78, 0x01, 0x34, 0x01,
        0x71, 0x00, 0x11, 0x01, 0x9e, 0x01, 0x3f, 0x01, 0x5e, 0x01, 0x7f, 0x00, 0x5a, 0x01, 0xbd, 0x00,
        0x72, 0x01, 0x16, 0x01, 0x8d, 0x00, 0xbf, 0x00, 0x02, 0x01, 0x66, 0x01, 0x2f, 0x01, 0xb2, 0x00,
        0x26, 0x00, 0x69, 0x01, 0xc8, 0x00, 0x60, 0x00, 0x45, 0x01, 0xcb, 0x00, 0x5e, 0x01, 0x9c, 0x00,
        0x31, 0x00, 0x31, 0x00, 0x52, 0x01, 0xe5, 0x00, 0x6b, 0x01, 0xdb, 0x00, 0x7d, 0x01, 0x50, 0x85,
        0x04, 0x01, 0xdf, 0x00, 0x94, 0x00, 0x32, 0x01, 0x93, 0x01, 0x76, 0x00, 0x43, 0x00, 0x9a, 0x01,
        0x52, 0x00, 0x01, 0x01, 0x57, 0x01, 0x66, 0x01, 0x25, 0x85, 0x63, 0x01, 0x73, 0x01, 0x63, 0x01,
        0x1d, 0x80, 0x73, 0x01, 0x7d, 0x01, 0x3e, 0x01, 0x7d, 0x01, 0x5a, 0x01, 0xb2, 0x00, 0x66, 0x01,
        0x93, 0x00, 0x10, 0x01, 0x9b, 0x01, 0x06, 0x01, 0x66, 0x01, 0x9d, 0x01, 0x4b, 0x00, 0x22, 0x00,
        0xbe, 0x00, 0x01, 0x00, 0x52, 0x00, 0x52, 0x00, 0xbd, 0x00, 0xcf, 0x00, 0x33, 0x00, 0x04, 0x01,
        0x93, 0x00, 0x03, 0x01, 0x17, 0x00, 0xb9, 0x00, 0x5c, 0x01, 0x10, 0x00, 0x68, 0x01, 0x36, 0x01,
        0x06, 0x01, 0x86, 0x00, 0x58, 0x00, 0x61, 0x01, 0x20, 0x01, 0x48, 0x01, 0x5a, 0x00, 0x5a, 0x00,
        0x8e, 0x00, 0x4f, 0x01, 0xe3, 0x00, 0x11, 0x01, 0x90, 0x00, 0x87, 0x00, 0x90, 0x00, 0x08, 0x01,
        0x45, 0x00, 0x6b, 0x01, 0x81, 0x00, 0x5c, 0x01, 0xab, 0x00, 0x0d, 0x00, 0x78, 0x01, 0x7a, 0x81,
        0xdd, 0x00, 0x60, 0x00, 0x90, 0x00, 0xc0, 0x00, 0x02, 0x00, 0xac, 0x00, 0xa8, 0x00, 0x78, 0x01,
        0x72, 0x01, 0x93, 0x00, 0xb2, 0x00, 0x45, 0x00, 0x66, 0x01, 0x82, 0x00, 0x82, 0x00, 0x79, 0x01,
        0x21, 0x00, 0x32, 0x01, 0x52, 0x01, 0x3d, 0x00, 0x75, 0x01, 0x63, 0x01, 0xdb, 0x00, 0xa5, 0x81,
        0x8a, 0x00, 0x54, 0x01, 0x6e, 0x01, 0x7d, 0x01, 0x5e, 0x01, 0x43, 0x00, 0x1c, 0x01, 0xcb, 0x00,
        0x3c, 0x00, 0x1f, 0x01, 0x0c, 0x01, 0x86, 0x00, 0x61, 0x01, 0x08, 0x01, 0x30, 0x00, 0xd0, 0x00,
        0x60, 0x00, 0x8e, 0x00, 0x4e, 0x00, 0x77, 0x01, 0x94, 0x01, 0xcb, 0x00, 0x85, 0x00, 0xcf, 0x00,
        0x02, 0x00, 0x79, 0x01, 0x6f, 0x01, 0x8e, 0x00, 0x5e, 0x01, 0xcb, 0x00, 0x7e, 0x01, 0x92, 0x01,
        0x0f, 0x01, 0x34, 0x01, 0x69, 0x01, 0x59, 0x01, 0xb4, 0x00, 0xc9, 0x00, 0x14, 0x01, 0x3e, 0x01,
        0xfe, 0x00, 0x5e, 0x01, 0x5a, 0x01, 0x35, 0x00, 0x81, 0x00, 0x04, 0x00, 0x8e, 0x00, 0x09, 0x00,
        0x6e, 0x01, 0x54, 0x01, 0x71, 0x00, 0x2a, 0x00, 0x75, 0x01, 0xfd, 0x00, 0x64, 0x01, 0x7e, 0x01,
        0x79, 0x01, 0x1b, 0x01, 0x1d, 0x01, 0x27, 0x00, 0xba, 0x00, 0xcb, 0x00, 0xf7, 0x00, 0x04, 0x00,
        0xc5, 0x00, 0x6b, 0x00, 0xa7, 0x00, 0x0c, 0x01, 0x8a, 0x00, 0x27, 0x01, 0x91, 0x01, 0x7e, 0x01,
        0x8e, 0x00, 0x1b, 0x01, 0xd3, 0x00, 0x79, 0x01, 0x89, 0x00, 0x41, 0x01, 0xe6, 0x00, 0x66, 0x01,
        0x4a, 0x01, 0xf8, 0x00, 0xad, 0x00, 0xdd, 0x00, 0x09, 0x00, 0x01, 0x00, 0xfd, 0x00, 0x01, 0x01,
        0x77, 0x01, 0xff, 0x00, 0x7d, 0x01, 0xb0, 0x00, 0x6f, 0x01, 0xc7, 0x00, 0x77, 0x01, 0x8d, 0x01,
        0x9a, 0x00, 0x7b, 0x01, 0xe3, 0x00, 0xb2, 0x00, 0x43, 0x00, 0x71, 0x00, 0x73, 0x01, 0x8f, 0x00,
        0x99, 0x01, 0x22, 0x00, 0x86, 0x01, 0x76, 0x00, 0xe0, 0x00, 0xae, 0x00, 0xd5, 0x00, 0x8f, 0x01,
        0x81, 0x00, 0x81, 0x00, 0x04, 0x00, 0xe0, 0x00, 0x09, 0x01, 0xc5, 0x00, 0x00, 0x01, 0x6c, 0x00,
        0x63, 0x01, 0x0a, 0x01, 0x59, 0x01, 0x8c, 0x01, 0xd0, 0x00, 0x66, 0x01, 0x66, 0x01, 0xd5, 0x00,
        0xb6, 0x00, 0xb4, 0x00, 0x82, 0x00, 0x71, 0x00, 0x42, 0x00, 0x93, 0x01, 0x6e, 0x01, 0x77, 0x01,
        0x82, 0x00, 0x64, 0x01, 0xa7, 0x00, 0x16, 0x01, 0x64, 0x01, 0x73, 0x01, 0x21, 0x00, 0x8d, 0x00,
        0xcb, 0x00, 0x58, 0x00, 0x58, 0x00, 0x66, 0x01, 0x77, 0x01, 0x86, 0x00, 0x8d, 0x00, 0x60, 0x00,
        0x34, 0x01, 0x0d, 0x00, 0x2d, 0x01, 0x43, 0x01, 0x09, 0x01, 0xb4, 0x00, 0x9b, 0x83, 0x6a, 0x01,
        0xe6, 0x00, 0x4b, 0x00, 0x77, 0x01, 0x18, 0x00, 0x01, 0x00, 0xe5, 0x00, 0xe9, 0x00, 0xc5, 0x00,
        0x50, 0x01, 0x29, 0x00, 0x8f, 0x00, 0x32, 0x00, 0x7d, 0x01, 0x01, 0x01, 0x1b, 0x01, 0x1d, 0x01,
        0xda, 0x00, 0x73, 0x01, 0x47, 0x01, 0x79, 0x01, 0x08, 0x01, 0xe6, 0x00, 0x7f, 0x01, 0x79, 0x01,
        0xcf, 0x00, 0x0d, 0x00, 0xdf, 0x84, 0x32, 0x01, 0x6b, 0x01, 0xe3, 0x00, 0x4d, 0x00, 0xba, 0x00,
        0x7e, 0x01, 0xac, 0x00, 0x73, 0x01, 0x3a, 0x01, 0xb9, 0x00, 0x8d, 0x00, 0xe5, 0x00, 0xac, 0x00,
        0xc0, 0x85, 0x79, 0x01, 0x3a, 0x01, 0x86, 0x00, 0x11, 0x01, 0xce, 0x00, 0xb2, 0x00, 0xbf, 0x00,
        0x73, 0x01, 0x96, 0x01, 0xac, 0x00, 0x9e, 0x01, 0x8e, 0x00, 0x95, 0x00, 0x95, 0x00, 0xa0, 0x00,
        0x80, 0x01, 0xe2, 0x84, 0x9e, 0x01, 0x38, 0x00, 0x44, 0x01, 0x60, 0x00, 0x73, 0x80, 0x9e, 0x01,
        0x68, 0x01, 0x6a, 0x01, 0xcd, 0x00, 0x3e, 0x01, 0x47, 0x01, 0x09, 0x00, 0x89, 0x00, 0x6c, 0x00,
        0xed, 0x00, 0x70, 0x01, 0x7c, 0x01, 0x99, 0x01, 0x75, 0x00, 0xbf, 0x00, 0x44, 0x01, 0xdd, 0x00,
        0xd1, 0x00, 0x33, 0x00, 0x08, 0x01, 0x36, 0x01, 0xd7, 0x80, 0x72, 0x01, 0x9e, 0x01, 0xe3, 0x00,
        0x60, 0x00, 0x9e, 0x01, 0xb2, 0x00, 0x70, 0x01, 0x14, 0x00, 0x1d, 0x01, 0xda, 0x00, 0xe7, 0x00,
        0xe7, 0x00, 0x79, 0x01, 0xbf, 0x00, 0xcf, 0x00, 0xe9, 0x00, 0x1b, 0x01, 0x46, 0x01, 0x71, 0x00,
        0x8b, 0x01, 0x0e, 0x01, 0x7d, 0x01, 0x35, 0x01, 0x02, 0x00, 0x55, 0x01, 0x3f, 0x01, 0x5c, 0x01,
        0x1c, 0x01, 0x75, 0x01, 0x7f, 0x00, 0x77, 0x01, 0x90, 0x00, 0x9c, 0x01, 0x96, 0x82, 0x96, 0x01,
        0x3d, 0x00, 0x7f, 0x00, 0x9f, 0x01, 0x6f, 0x00, 0x95, 0x01, 0x49, 0x00, 0x5c, 0x01, 0x77, 0x01,
        0x09, 0x00, 0x34, 0x01, 0x34, 0x01, 0x28, 0x00, 0x32, 0x01, 0x9c, 0x00, 0x6f, 0x01, 0x34, 0x01,
        0x7c, 0x01, 0x84, 0x00, 0x77, 0x01, 0x50, 0x01, 0x34, 0x01, 0x66, 0x01, 0x6a, 0x00, 0x26, 0x00,
        0x13, 0x01, 0x6a, 0x00, 0x68, 0x01, 0x82, 0x01, 0x8a, 0x01, 0x09, 0x00, 0x75, 0x00, 0x73, 0x01,
        0x68, 0x01, 0xcc, 0x83, 0x32, 0x01, 0x25, 0x00, 0x1b, 0x01, 0x85, 0x00, 0xce, 0x00, 0xa1, 0x00,
        0xa5, 0x00, 0x12, 0x00, 0x7d, 0x86, 0x17, 0x00, 0x83, 0x01, 0x89, 0x00, 0x7e, 0x01, 0x89, 0x00,
        0x78, 0x01, 0xce, 0x00, 0xa1, 0x00, 0x0d, 0x01, 0x79, 0x00, 0x91, 0x01, 0x8b, 0x00, 0x60, 0x00,
        0xe9, 0x00, 0x13, 0x00, 0x84, 0x00, 0xcb, 0x00, 0x0c, 0x01, 0x76, 0x00, 0x7d, 0x01, 0x34, 0x01,
        0xe9, 0x00, 0x8f, 0x00, 0xe9, 0x00, 0x93, 0x01, 0x7d, 0x01, 0x09, 0x00, 0xa5, 0x00, 0xe9, 0x00,
        0x0c, 0x01, 0xd5, 0x00, 0x1f, 0x00, 0x93, 0x00, 0x6d, 0x00, 0x0c, 0x01, 0x81, 0x00, 0x63, 0x01,
        0xb6, 0x00, 0x34, 0x01, 0xe9, 0x00, 0x8b, 0x01, 0x32, 0x01, 0x5e, 0x01, 0x69, 0x01, 0xa5, 0x00,
        0x86, 0x00, 0xb6, 0x00, 0x96, 0x00, 0x84, 0x00, 0x77, 0x01, 0x77, 0x01, 0x09, 0x00, 0x0c, 0x01,
        0x28, 0x00, 0x09, 0x00, 0x5c, 0x00, 0x38, 0x00, 0x4f, 0x00, 0x3e, 0x01, 0xe7, 0x86, 0x3e, 0x00,
        0xc2, 0x00, 0x4f, 0x00, 0x35, 0x01, 0x03, 0x01, 0x5c, 0x00, 0x99, 0x01, 0x60, 0x00, 0x30, 0x01,
        0x52, 0x84, 0xeb, 0x83, 0xeb, 0x83, 0x99, 0x01, 0xc3, 0x86, 0xa4, 0x01, 0xe7, 0x86, 0x36, 0x01,
        0x4f, 0x00, 0x3e, 0x00, 0x68, 0x01, 0x8e, 0x00, 0x2f, 0x01, 0x56, 0x00, 0x56, 0x00, 0x56, 0x00,
        0x61, 0x00, 0x8b, 0x00, 0x36, 0x01, 0x25, 0x00, 0x2e, 0x01, 0x2e, 0x01, 0xd5, 0x00, 0x61, 0x00,
        0x22, 0x00, 0xb6, 0x00, 0x66, 0x01, 0x66, 0x01, 0xa8, 0x00, 0xba, 0x86, 0x5d, 0x01, 0x7c, 0x01,
        0xb6, 0x00, 0xb6, 0x00, 0x75, 0x01, 0xf1, 0x84, 0x5d, 0x01, 0x5d, 0x01, 0x5d, 0x01, 0x61, 0x00,
        0x75, 0x01, 0x51, 0x00, 0xa7, 0x00, 0x94, 0x01, 0x92, 0x00, 0x63, 0x00, 0x6c, 0x00, 0x63, 0x00,
        0x57, 0x01, 0x63, 0x00, 0x63, 0x00, 0x34, 0x01, 0x78, 0x01, 0x34, 0x81, 0x9b, 0x00, 0xe3, 0x00,
        0x8f, 0x00, 0xc0, 0x86, 0x65, 0x85, 0x93, 0x00, 0xfd, 0x00, 0x1e, 0x00, 0x64, 0x01, 0x0d, 0x00,
        0x93, 0x00, 0x8e, 0x00, 0x4f, 0x01, 0x10, 0x01, 0x4e, 0x01, 0x8e, 0x00, 0x63, 0x01, 0x46, 0x00,
        0x34, 0x01, 0x34, 0x01, 0xaa, 0x80, 0x89, 0x00, 0x69, 0x01, 0x91, 0x01, 0x69, 0x01, 0xe3, 0x00,
        0x8c, 0x01, 0x64, 0x01, 0x5e, 0x01, 0xc7, 0x00, 0x52, 0x00, 0xbd, 0x00, 0x02, 0x01, 0x4e, 0x01,
        0x5a, 0x00, 0x6d, 0x86, 0x69, 0x01, 0x55, 0x01, 0xc2, 0x00, 0xc2, 0x00, 0x64, 0x01, 0x1e, 0x00,
        0xc2, 0x00, 0x93, 0x00, 0x69, 0x01, 0x93, 0x00, 0x95, 0x00, 0xb6, 0x00, 0x95, 0x00, 0x6d, 0x86,
        0x64, 0x01, 0x24, 0x00, 0xab, 0x86, 0xe3, 0x00, 0x2d, 0x01, 0x5a, 0x01, 0x66, 0x01, 0xb2, 0x00,
        0x52, 0x00, 0x86, 0x00, 0x86, 0x00, 0xbc, 0x00, 0xe8, 0x82, 0x06, 0x01, 0x18, 0x01, 0x63, 0x01,
        0x76, 0x00, 0x32, 0x01, 0x7d, 0x01, 0x2a, 0x00, 0x43, 0x01, 0x4c, 0x84, 0x18, 0x01, 0x7f, 0x01,
        0x07, 0x00, 0x75, 0x01, 0x03, 0x00, 0x72, 0x01, 0x63, 0x01, 0x8e, 0x00, 0x52, 0x00, 0x89, 0x00,
        0x08, 0x01, 0x5b, 0x00, 0x5c, 0x01, 0x06, 0x01, 0x1d, 0x00, 0x08, 0x01, 0x06, 0x01, 0x1f, 0x00,
        0x8e, 0x00, 0x10, 0x01, 0x64, 0x00, 0x66, 0x01, 0x04, 0x00, 0xac, 0x00, 0x3e, 0x00, 0x05, 0x00,
        0xa5, 0x01, 0xa5, 0x01, 0x74, 0x01, 0x93, 0x00, 0x64, 0x00, 0x9c, 0x00, 0x6b, 0x00, 0x70, 0x01,
        0x03, 0x01, 0xb2, 0x00, 0x50, 0x01, 0x21, 0x84, 0x73, 0x01, 0x60, 0x00, 0x6d, 0x01, 0x8a, 0x00,
        0xb9, 0x00, 0x59, 0x01, 0xfd, 0x00, 0x04, 0x00, 0x3b, 0x00, 0xa6, 0x00, 0x7f, 0x01, 0x10, 0x01,
        0x81, 0x00, 0x03, 0x01, 0xd2, 0x00, 0x02, 0x00, 0x50, 0x01, 0xb9, 0x00, 0x27, 0x00, 0x02, 0x01,
        0x4b, 0x00, 0x76, 0x00, 0xa7, 0x00, 0x6d, 0x01, 0xc9, 0x00, 0x53, 0x01, 0x70, 0x01, 0x77, 0x01,
        0x0e, 0x00, 0x79, 0x00, 0x05, 0x00, 0xc1, 0x00, 0x52, 0x00, 0x60, 0x00, 0x71, 0x01, 0x47, 0x00,
        0xbe, 0x00, 0x54, 0x00, 0x56, 0x00, 0x62, 0x00, 0x11, 0x01, 0x32, 0x82, 0x77, 0x01, 0xd7, 0x00,
        0x34, 0x01, 0x02, 0x00, 0x5e, 0x01, 0x84, 0x00, 0x61, 0x86, 0xce, 0x00, 0x92, 0x84, 0x89, 0x00,
        0x53, 0x01, 0x5e, 0x01, 0x7c, 0x01, 0x07, 0x01, 0x65, 0x01, 0xb2, 0x00, 0x75, 0x01, 0xf4, 0x83,
        0x92, 0x01, 0xbf, 0x00, 0x8d, 0x00, 0x52, 0x00, 0x52, 0x00, 0x7d, 0x01, 0x69, 0x01, 0x15, 0x00,
        0x0a, 0x01, 0x13, 0x01, 0x5c, 0x00, 0x5c, 0x00, 0xdd, 0x00, 0xb2, 0x00, 0x7c, 0x01, 0x66, 0x01,
        0x1b, 0x01, 0x3e, 0x00, 0x32, 0x01, 0x26, 0x00, 0x55, 0x01, 0x69, 0x00, 0x96, 0x00, 0x65, 0x00,
        0x65, 0x01, 0x78, 0x01, 0xcc, 0x86, 0xad, 0x00, 0x99, 0x00, 0xae, 0x00, 0xab, 0x00, 0x66, 0x01,
        0x12, 0x01, 0xa0, 0x00, 0x28, 0x00, 0x28, 0x00, 0x46, 0x01, 0xb8, 0x00, 0x82, 0x00, 0x93, 0x00,
        0xab, 0x00, 0x06, 0x01, 0xd2, 0x00, 0xa8, 0x00, 0xa8, 0x00, 0xa1, 0x01, 0x6c, 0x00, 0x37, 0x00,
        0x72, 0x01, 0x72, 0x01, 0x64, 0x00, 0xc0, 0x00, 0xc0, 0x00, 0xb1, 0x00, 0x95, 0x00, 0x51, 0x00,
        0x92, 0x01, 0x73, 0x00, 0x78, 0x01, 0x4b, 0x00, 0x76, 0x00, 0x92, 0x01, 0x5e, 0x01, 0x68, 0x01,
        0xfd, 0x00, 0x73, 0x01, 0x3f, 0x01, 0x8e, 0x00, 0x0c, 0x00, 0xa1, 0x01, 0xa2, 0x00, 0x4b, 0x00,
        0x8c, 0x01, 0x6c, 0x00, 0x78, 0x01, 0x9e, 0x01, 0x86, 0x01, 0x85, 0x00, 0x7d, 0x01, 0xb1, 0x86,
        0x74, 0x01, 0x5c, 0x00, 0x0f, 0x01, 0x74, 0x01, 0x4e, 0x01, 0x77, 0x01, 0x93, 0x01, 0x34, 0x01,
        0x82, 0x01, 0x75, 0x01, 0x52, 0x00, 0x96, 0x01, 0x99, 0x00, 0xc2, 0x00, 0x73, 0x01, 0xcb, 0x00,
        0x76, 0x00, 0x89, 0x00, 0x89, 0x00, 0x84, 0x00, 0x52, 0x01, 0x33, 0x01, 0xcb, 0x00, 0x4f, 0x84,
        0x63, 0x01, 0x7d, 0x01, 0x9f, 0x01, 0xac, 0x00, 0x9c, 0x00, 0x73, 0x01, 0x73, 0x01, 0x5e, 0x01,
        0x9f, 0x01, 0x1f, 0x00, 0x43, 0x01, 0x1b, 0x01, 0x9c, 0x00, 0x0c, 0x01, 0x7d, 0x01, 0x06, 0x01,
        0xbd, 0x00, 0x55, 0x01, 0x4f, 0x00, 0x64, 0x01, 0x60, 0x01, 0x19, 0x00, 0x3d, 0x00, 0x1b, 0x01,
        0x8e, 0x00, 0x98, 0x00, 0xba, 0x00, 0x63, 0x01, 0x3f, 0x01, 0x0a, 0x01, 0x9e, 0x01, 0x5e, 0x01,
        0x0c, 0x00, 0x45, 0x00, 0x39, 0x00, 0x08, 0x01, 0x7b, 0x01, 0xe7, 0x00, 0x39, 0x00, 0x89, 0x00,
        0x34, 0x01, 0x22, 0x01, 0x3f, 0x01, 0x9f, 0x01, 0x8c, 0x00, 0xb6, 0x00, 0x9a, 0x00, 0x21, 0x00,
        0x47, 0x00, 0x1d, 0x00, 0x49, 0x00, 0x55, 0x01, 0xbd, 0x00, 0x8d, 0x01, 0x8c, 0x01, 0x8c, 0x01,
        0x04, 0x00, 0x1a, 0x00, 0x10, 0x01, 0x09, 0x01, 0x37, 0x00, 0xa3, 0x01, 0x3e, 0x00, 0x3e, 0x00,
        0x64, 0x01, 0x7d, 0x01, 0xfa, 0x00, 0xbc, 0x00, 0x67, 0x01, 0x1e, 0x00, 0x14, 0x00, 0x0c, 0x01,
        0x8d, 0x00, 0x73, 0x01, 0xae, 0x00, 0x8c, 0x01, 0xb8, 0x00, 0xb6, 0x00, 0xb6, 0x00, 0x8f, 0x00,
        0x42, 0x00, 0x51, 0x00, 0xa4, 0x01, 0xf4, 0x83, 0x71, 0x00, 0x75, 0x01, 0x8d, 0x00, 0x75, 0x01,
        0x95, 0x00, 0x27, 0x86, 0x77, 0x01, 0x70, 0x01, 0xdd, 0x00, 0x76, 0x01, 0x76, 0x01, 0x77, 0x01,
        0xe7, 0x00, 0x66, 0x01, 0x89, 0x00, 0x69, 0x01, 0x9c, 0x00, 0x64, 0x01, 0x43, 0x00, 0x04, 0x00,
        0xa3, 0x01, 0x5e, 0x01, 0x77, 0x01, 0x1b, 0x01, 0x3e, 0x00, 0xb9, 0x00, 0x8e, 0x00, 0x7d, 0x01,
        0x7f, 0x01, 0x78, 0x01, 0x1d, 0x01, 0x8e, 0x00, 0xb2, 0x00, 0x71, 0x00, 0xbc, 0x00, 0xbc, 0x00,
        0x45, 0x00, 0x1b, 0x01, 0x64, 0x01, 0x93, 0x00, 0x21, 0x00, 0x79, 0x01, 0xa7, 0x00, 0x73, 0x01,
        0x5e, 0x01, 0xdd, 0x00, 0x11, 0x01, 0x23, 0x00, 0x36, 0x00, 0xbf, 0x00, 0x45, 0x00, 0x45, 0x00,
        0xe7, 0x00, 0x73, 0x01, 0x73, 0x01, 0x73, 0x01, 0xa7, 0x00, 0x73, 0x01, 0x2d, 0x00, 0xa4, 0x00,
        0x2d, 0x00, 0x95, 0x01, 0x85, 0x00, 0x90, 0x00, 0x71, 0x01, 0x23, 0x00, 0x23, 0x00, 0xb7, 0x00,
        0x6a, 0x00, 0xa5, 0x01, 0x0a, 0x01, 0x93, 0x00, 0x6a, 0x00, 0x93, 0x00, 0x63, 0x01, 0x05, 0x01,
        0x05, 0x01, 0xfb, 0x80, 0x0f, 0x01, 0x0f, 0x01, 0x89, 0x00, 0x74, 0x86, 0x3e, 0x01, 0x05, 0x00,
        0x93, 0x01, 0x8e, 0x01, 0x5d, 0x83, 0x77, 0x01, 0x8f, 0x00, 0x71, 0x01, 0x94, 0x00, 0x05, 0x00,
        0x71, 0x01, 0x8f, 0x00, 0x60, 0x00, 0x81, 0x01, 0x0d, 0x00, 0xa2, 0x82, 0x15, 0x00, 0x49, 0x00,
        0x38, 0x01, 0x58, 0x00, 0xe7, 0x00, 0x34, 0x01, 0x5b, 0x00, 0xf5, 0x00, 0x93, 0x01, 0x64, 0x01,
        0x81, 0x00, 0x3c, 0x00, 0x5e, 0x01, 0x8d, 0x01, 0x49, 0x01, 0x3b, 0x00, 0xd5, 0x00, 0xfa, 0x00,
        0xf5, 0x00, 0x51, 0x01, 0x14, 0x00, 0xb4, 0x00, 0x93, 0x01, 0x95, 0x01, 0x14, 0x00, 0x93, 0x01,
        0x43, 0x00, 0xd5, 0x00, 0x77, 0x01, 0x77, 0x01, 0x02, 0x01, 0x07, 0x01, 0x94, 0x00, 0x1d, 0x01,
        0x38, 0x01, 0x3b, 0x00, 0x57, 0x87, 0x3b, 0x01, 0x0a, 0x01, 0x91, 0x01, 0x34, 0x01, 0x13, 0x01,
        0x64, 0x01, 0x08, 0x00, 0x3b, 0x00, 0x71, 0x00, 0x6b, 0x81, 0x02, 0x01, 0x8d, 0x01, 0x25, 0x01,
        0x5c, 0x01, 0x3b, 0x00, 0x5e, 0x01, 0x22, 0x00, 0x2b, 0x01, 0x06, 0x01, 0x86, 0x01, 0x73, 0x00,
        0xc9, 0x00, 0x4d, 0x00, 0x80, 0x00, 0x92, 0x01, 0x6e, 0x01, 0xce, 0x00, 0x5e, 0x01, 0x61, 0x01,
        0x60, 0x00, 0x77, 0x01, 0x08, 0x00, 0x02, 0x01, 0x47, 0x00, 0x6a, 0x00, 0xf7, 0x00, 0x85, 0x00,
        0x4a, 0x01, 0xce, 0x00, 0x8a, 0x00, 0x4d, 0x01, 0x86, 0x00, 0x94, 0x01, 0x2d, 0x01, 0xc7, 0x00,
        0xd7, 0x00, 0x10, 0x00, 0x73, 0x00, 0x86, 0x01, 0xd7, 0x00, 0x08, 0x00, 0x8d, 0x01, 0x90, 0x00,
        0x21, 0x00, 0x60, 0x00, 0x93, 0x01, 0x81, 0x00, 0x58, 0x00, 0x9c, 0x81, 0x0d, 0x00, 0x0d, 0x00,
        0x8d, 0x01, 0xce, 0x00, 0x0a, 0x01, 0x21, 0x00, 0x5b, 0x00, 0xcd, 0x00, 0x08, 0x00, 0x6b, 0x81,
        0xd1, 0x00, 0x2a, 0x00, 0x8e, 0x00, 0x66, 0x01, 0xac, 0x00, 0x63, 0x00, 0x02, 0x01, 0xe4, 0x00,
        0x8b, 0x00, 0x13, 0x00, 0x13, 0x00, 0x6b, 0x01, 0x63, 0x00, 0x75, 0x01, 0x84, 0x00, 0x7c, 0x01,
        0x7c, 0x01, 0x89, 0x00, 0x26, 0x80, 0xfd, 0x00, 0x52, 0x01, 0x86, 0x01, 0x70, 0x00, 0x9a, 0x01,
        0xd5, 0x00, 0x0d, 0x01, 0x0d, 0x00, 0x0c, 0x01, 0x50, 0x00, 0x2e, 0x00, 0x71, 0x00, 0x72, 0x01,
        0x06, 0x00, 0x8e, 0x00, 0x6e, 0x01, 0xbe, 0x00, 0x63, 0x01, 0x9a, 0x01, 0xa2, 0x00, 0x79, 0x01,
        0xf3, 0x81, 0xf9, 0x00, 0x45, 0x00, 0x72, 0x01, 0xd0, 0x00, 0x69, 0x00, 0x32, 0x00, 0x60, 0x00,
        0x53, 0x01, 0xf8, 0x00, 0x5a, 0x00, 0x67, 0x01, 0x77, 0x01, 0x93, 0x01, 0x50, 0x01, 0x93, 0x01,
        0x6d, 0x01, 0x3e, 0x82, 0xa5, 0x01, 0x68, 0x01, 0x55, 0x01, 0x71, 0x00, 0xa2, 0x00, 0xc8, 0x00,
        0x52, 0x01, 0x7c, 0x01, 0x15, 0x00, 0x13, 0x00, 0x26, 0x00, 0xab, 0x00, 0x0d, 0x00, 0x89, 0x00,
        0x02, 0x00, 0x36, 0x01, 0x9a, 0x00, 0x7b, 0x01, 0x59, 0x01, 0x3f, 0x01, 0x36, 0x01, 0x0d, 0x01,
        0x7d, 0x01, 0x7d, 0x01, 0xd0, 0x00, 0x40, 0x01, 0xea, 0x80, 0x67, 0x01, 0x5a, 0x00, 0x92, 0x00,
        0x52, 0x00, 0x35, 0x83, 0xba, 0x00, 0x1b, 0x86, 0xb4, 0x00, 0xad, 0x00, 0x40, 0x01, 0x93, 0x01,
        0x15, 0x00, 0x0d, 0x01, 0x92, 0x00, 0x92, 0x00, 0x12, 0x84, 0x04, 0x00, 0xa9, 0x00, 0xbd, 0x00,
        0x78, 0x01, 0xb6, 0x00, 0x3b, 0x00, 0xbe, 0x00, 0x77, 0x01, 0x2a, 0x00, 0x21, 0x00, 0x55, 0x01,
        0x3e, 0x01, 0x6a, 0x01, 0xd0, 0x00, 0x22, 0x00, 0x63, 0x01, 0x5a, 0x00, 0x70, 0x00, 0xa2, 0x00,
        0xa4, 0x00, 0x0d, 0x00, 0x09, 0x01, 0x69, 0x01, 0xb8, 0x00, 0xb8, 0x00, 0xb6, 0x00, 0xbe, 0x00,
        0x89, 0x00, 0x79, 0x01, 0x66, 0x01, 0x52, 0x01, 0x7b, 0x01, 0xb2, 0x00, 0x52, 0x01, 0x78, 0x01,
        0x71, 0x01, 0x73, 0x01, 0x52, 0x01, 0x43, 0x00, 0x83, 0x85, 0x8b, 0x00, 0x86, 0x00, 0xda, 0x00,
        0x86, 0x00, 0x6a, 0x00, 0xe4, 0x00, 0x98, 0x00, 0x0e, 0x00, 0x77, 0x01, 0x06, 0x01, 0xba, 0x84,
        0x5b, 0x00, 0x93, 0x00, 0x73, 0x01, 0x77, 0x01, 0x84, 0x01, 0x0d, 0x00, 0x77, 0x01, 0x77, 0x01,
        0x56, 0x00, 0x25, 0x01, 0x34, 0x01, 0x56, 0x00, 0x34, 0x01, 0x34, 0x01, 0x6a, 0x00, 0x46, 0x00,
        0x78, 0x01, 0x81, 0x00, 0x60, 0x00, 0x7f, 0x00, 0x63, 0x01, 0x57, 0x01, 0x27, 0x00, 0x8c, 0x00,
        0x05, 0x00, 0x32, 0x01, 0x43, 0x00, 0x8d, 0x01, 0x95, 0x00, 0x4a, 0x01, 0x60, 0x00, 0x43, 0x00,
        0xce, 0x00, 0x66, 0x01, 0x81, 0x00, 0x23, 0x00, 0xed, 0x00, 0x90, 0x00, 0x91, 0x01, 0x77, 0x01,
        0xce, 0x00, 0x11, 0x01, 0x5c, 0x01, 0x2f, 0x01, 0x22, 0x01, 0x6f, 0x01, 0x90, 0x00, 0x46, 0x00,
        0x8d, 0x01, 0x8c, 0x00, 0xeb, 0x83, 0xfc, 0x00, 0xea, 0x81, 0xeb, 0x83, 0x0d, 0x00, 0x0d, 0x00,
        0x30, 0x01, 0x3c, 0x00, 0x8b, 0x00, 0x6b, 0x00, 0x66, 0x00, 0x57, 0x00, 0x0d, 0x00, 0xa1, 0x00,
        0x8b, 0x00, 0x11, 0x00, 0x68, 0x01, 0xea, 0x81, 0x73, 0x00, 0xeb, 0x83, 0x7f, 0x00, 0xce, 0x00,
        0x73, 0x00, 0x5c, 0x01, 0x95, 0x00, 0x89, 0x00, 0x89, 0x00, 0x71, 0x00, 0x3d, 0x00, 0xbe, 0x00,
        0xbe, 0x00, 0x56, 0x01, 0x86, 0x00, 0x93, 0x01, 0x86, 0x00, 0x86, 0x00, 0x77, 0x01, 0x77, 0x01,
        0x77, 0x01, 0x77, 0x01, 0x7f, 0x01, 0x7f, 0x01, 0x2d, 0x01, 0x6b, 0x01, 0x5f, 0x01, 0x53, 0x01,
        0x73, 0x01, 0x73, 0x01, 0x7d, 0x01, 0x27, 0x00, 0x17, 0x00, 0x10, 0x00, 0x46, 0x00, 0x12, 0x00,
        0xfc, 0x00, 0x7b, 0x01, 0xff, 0x00, 0x8d, 0x01, 0x79, 0x01, 0x27, 0x00, 0x27, 0x00, 0x9d, 0x01,
        0x59, 0x01, 0x89, 0x00, 0x80, 0x82, 0x94, 0x01, 0x77, 0x01, 0x5d, 0x01, 0x24, 0x00, 0x0d, 0x00,
        0x43, 0x00, 0xb9, 0x00, 0x60, 0x00, 0x5d, 0x01, 0x92, 0x01, 0x35, 0x00, 0x5d, 0x01, 0x90, 0x00,
        0x3b, 0x00, 0x64, 0x01, 0x71, 0x01, 0x7b, 0x00, 0x74, 0x01, 0x95, 0x83, 0xc2, 0x00, 0x80, 0x00,
        0x5d, 0x01, 0x26, 0x00, 0x93, 0x01, 0x6e, 0x01, 0x90, 0x00, 0x55, 0x01, 0x33, 0x00, 0x93, 0x01,
        0xab, 0x00, 0x33, 0x00, 0xf0, 0x81, 0xf6, 0x00, 0x64, 0x01, 0x4b, 0x00, 0x89, 0x00, 0x22, 0x00,
        0x93, 0x01, 0x33, 0x00, 0x95, 0x01, 0xab, 0x00, 0x7d, 0x01, 0x69, 0x01, 0x8e, 0x00, 0x8b, 0x00,
        0x34, 0x01, 0x8a, 0x00, 0x0e, 0x00, 0x85, 0x00, 0x60, 0x00, 0x71, 0x01, 0x5e, 0x01, 0xf8, 0x00,
        0x75, 0x01, 0x5e, 0x01, 0x64, 0x01, 0x92, 0x01, 0xff, 0x00, 0x4e, 0x01, 0x3f, 0x00, 0x92, 0x01,
        0x5a, 0x87, 0x11, 0x00, 0x3f, 0x00, 0x28, 0x00, 0x24, 0x00, 0x8d, 0x00, 0x86, 0x00, 0x8d, 0x00,
        0x86, 0x00, 0xcb, 0x00, 0xbc, 0x00, 0x67, 0x01, 0x09, 0x00, 0x10, 0x01, 0x6a, 0x01, 0x6a, 0x01,
        0x0d, 0x00, 0x77, 0x01, 0xaf, 0x00, 0x18, 0x01, 0x3e, 0x00, 0x49, 0x00, 0x62, 0x00, 0x89, 0x00,
        0x18, 0x01, 0x18, 0x01, 0x21, 0x00, 0x48, 0x01, 0x4b, 0x01, 0x8c, 0x86, 0x63, 0x00, 0x06, 0x01,
        0x34, 0x01, 0x38, 0x00, 0x93, 0x01, 0x5d, 0x01, 0xc8, 0x00, 0x64, 0x01, 0x58, 0x00, 0x79, 0x01,
        0x4f, 0x01, 0xd2, 0x00, 0x5f, 0x01, 0x94, 0x01, 0x28, 0x00, 0x63, 0x01, 0x89, 0x00, 0x63, 0x01,
        0x64, 0x01, 0x8a, 0x00, 0x7c, 0x01, 0x5c, 0x01, 0x33, 0x00, 0x77, 0x86, 0xa4, 0x00, 0x7d, 0x01,
        0x0e, 0x00, 0x93, 0x01, 0x06, 0x01, 0x37, 0x00, 0x25, 0x00, 0x47, 0x01, 0x58, 0x01, 0x08, 0x01,
        0xe4, 0x00, 0x87, 0x00, 0x6c, 0x01, 0xea, 0x00, 0xa6, 0x00, 0x66, 0x01, 0x6a, 0x01, 0x9a, 0x00,
        0x81, 0x00, 0x98, 0x00, 0x5b, 0x00, 0x83, 0x00, 0x47, 0x01, 0x3f, 0x01, 0x63, 0x01, 0xf4, 0x00,
        0x22, 0x00, 0x2e, 0x00, 0x93, 0x00, 0x77, 0x01, 0x09, 0x00, 0x23, 0x00, 0xd2, 0x00, 0xfa, 0x00,
        0xa5, 0x01, 0x88, 0x01, 0x74, 0x01, 0x93, 0x00, 0x07, 0x00, 0xed, 0x00, 0xdd, 0x00, 0x92, 0x01,
        0xf5, 0x00, 0x15, 0x00, 0x51, 0x01, 0x81, 0x00, 0x7c, 0x83, 0x93, 0x00, 0x3a, 0x00, 0xb4, 0x00,
        0x06, 0x86, 0x29, 0x00, 0x43, 0x00, 0x3b, 0x00, 0x77, 0x01, 0x55, 0x01, 0x7c, 0x01, 0x60, 0x00,
        0x89, 0x00, 0xfc, 0x00, 0x6b, 0x01, 0x7e, 0x01, 0xe3, 0x00, 0x6e, 0x00, 0x60, 0x00, 0x64, 0x01,
        0x0d, 0x00, 0x7c, 0x01, 0x0b, 0x01, 0x6f, 0x01, 0x33, 0x00, 0x13, 0x00, 0x85, 0x00, 0x6e, 0x01,
        0x2a, 0x00, 0x0d, 0x00, 0x36, 0x01, 0x64, 0x01, 0x48, 0x01, 0x7b, 0x01, 0x9f, 0x01, 0x4f, 0x00,
        0xd5, 0x00, 0x93, 0x01, 0x77, 0x01, 0x34, 0x01, 0x5c, 0x85, 0x71, 0x01, 0x34, 0x01, 0x64, 0x01,
        0xae, 0x00, 0x7c, 0x00, 0xa6, 0x00, 0xd6, 0x00, 0x93, 0x01, 0x69, 0x01, 0xb4, 0x00, 0x50, 0x01,
        0x85, 0x00, 0x47, 0x00, 0x78, 0x00, 0xa0, 0x00, 0x71, 0x00, 0x7c, 0x00, 0x64, 0x01, 0x8d, 0x00,
        0x36, 0x01, 0x3e, 0x01, 0x81, 0x00, 0x0f, 0x01, 0x74, 0x01, 0x86, 0x00, 0x86, 0x00, 0x27, 0x00,
        0x8a, 0x00, 0x77, 0x01, 0x6c, 0x01, 0x6e, 0x00, 0xb8, 0x00, 0x86, 0x00, 0x9e, 0x01, 0x6e, 0x01,
        0x27, 0x00, 0x2e, 0x01, 0xf1, 0x00, 0x7b, 0x00, 0x54, 0x00, 0x9c, 0x00, 0x32, 0x82, 0x4f, 0x01,
        0x6a, 0x00, 0x11, 0x01, 0x64, 0x01, 0x07, 0x01, 0x7f, 0x01, 0xfc, 0x00, 0x9e, 0x00, 0x3f, 0x00,
        0x86, 0x00, 0x62, 0x82, 0x68, 0x01, 0x53, 0x01, 0x73, 0x01, 0x98, 0x00, 0x1b, 0x00, 0xdd, 0x00,
        0x80, 0x01, 0xc8, 0x00, 0x7b, 0x01, 0x7b, 0x01, 0x7e, 0x01, 0xfd, 0x00, 0xa8, 0x00, 0x0a, 0x01,
        0x7f, 0x01, 0x7d, 0x01, 0x55, 0x01, 0x8e, 0x00, 0x64, 0x01, 0x8f, 0x01, 0xb8, 0x00, 0x4e, 0x01,
        0x76, 0x00, 0x78, 0x00, 0x0b, 0x01, 0x4e, 0x01, 0x15, 0x00, 0x77, 0x01, 0x08, 0x01, 0x86, 0x00,
        0x64, 0x01, 0x0a, 0x00, 0xc7, 0x00, 0x77, 0x01, 0x7c, 0x00, 0x3f, 0x01, 0x11, 0x01, 0x26, 0x00,
        0x5e, 0x84, 0x63, 0x01, 0x63, 0x01, 0x7c, 0x01, 0xb2, 0x00, 0xb5, 0x00, 0x84, 0x00, 0x33, 0x00,
        0x77, 0x01, 0x7f, 0x01, 0xb2, 0x00, 0xe8, 0x00, 0xdd, 0x00, 0x52, 0x00, 0x12, 0x01, 0x6f, 0x01,
        0x08, 0x01, 0x63, 0x01, 0xd2, 0x00, 0x33, 0x00, 0x5a, 0x00, 0x0a, 0x00, 0x3f, 0x00, 0x37, 0x00,
        0x22, 0x00, 0xcc, 0x00, 0xb2, 0x00, 0x89, 0x00, 0x6f, 0x00, 0x6f, 0x00, 0x6b, 0x01, 0x3e, 0x00,
        0x06, 0x01, 0xa0, 0x00, 0x4f, 0x01, 0xc0, 0x00, 0x64, 0x01, 0x99, 0x00, 0x72, 0x00, 0xe3, 0x00,
        0x0d, 0x01, 0x29, 0x00, 0x50, 0x00, 0x73, 0x00, 0x8c, 0x01, 0x90, 0x00, 0x5c, 0x01, 0x7e, 0x01,
        0x8f, 0x00, 0x89, 0x00, 0xac, 0x00, 0x7d, 0x01, 0x88, 0x00, 0x79, 0x00, 0x11, 0x01, 0x48, 0x01,
        0x4e, 0x01, 0x4e, 0x01, 0xe7, 0x00, 0x5d, 0x01, 0x31, 0x00, 0x81, 0x00, 0x87, 0x00, 0x64, 0x01,
        0x1c, 0x81, 0x6a, 0x01, 0x5e, 0x01, 0x86, 0x00, 0x62, 0x82, 0x45, 0x01, 0x9f, 0x01, 0x8b, 0x00,
        0x7b, 0x01, 0x45, 0x00, 0x93, 0x00, 0x18, 0x00, 0x26, 0x00, 0x3f, 0x00, 0x0a, 0x00, 0x0b, 0x01,
        0x18, 0x00, 0x3c, 0x00, 0x6f, 0x00, 0x51, 0x00, 0xdd, 0x00, 0x80, 0x01, 0x67, 0x01, 0x9b, 0x01,
        0x47, 0x00, 0x85, 0x00, 0x30, 0x00, 0x0e, 0x01, 0x17, 0x01, 0x6b, 0x01, 0x1b, 0x00, 0x0e, 0x00,
        0xd2, 0x00, 0x9f, 0x01, 0x4e, 0x01, 0x0a, 0x01, 0x29, 0x00, 0x0a, 0x00, 0x6f, 0x01, 0x5e, 0x01,
        0x66, 0x00, 0x08, 0x01, 0x5e, 0x01, 0x7d, 0x01, 0x7d, 0x01, 0x0d, 0x00, 0x6f, 0x01, 0x84, 0x00,
        0xd2, 0x00, 0x0d, 0x00, 0x77, 0x01, 0xcf, 0x00, 0x7b, 0x01, 0x98, 0x00, 0x3d, 0x00, 0x78, 0x01,
        0x52, 0x00, 0x25, 0x00, 0xc9, 0x00, 0x07, 0x01, 0x9c, 0x00, 0x7d, 0x01, 0x01, 0x00, 0x0b, 0x01,
        0x73, 0x01, 0xf0, 0x00, 0x63, 0x00, 0x80, 0x01, 0x9f, 0x01, 0x24, 0x01, 0xb1, 0x00, 0x5b, 0x00,
        0x79, 0x01, 0xa7, 0x00, 0xa7, 0x00, 0x12, 0x01, 0x6a, 0x00, 0x80, 0x01, 0x41, 0x01, 0x41, 0x01,
        0x06, 0x01, 0x75, 0x01, 0x3f, 0x01, 0x85, 0x00, 0x89, 0x00, 0x6c, 0x00, 0x93, 0x00, 0x2e, 0x00,
        0xe3, 0x00, 0x69, 0x01, 0x98, 0x00, 0x92, 0x01, 0x7b, 0x01, 0x1a, 0x00, 0x71, 0x01, 0x32, 0x01,
        0x14, 0x00, 0x98, 0x00, 0x7e, 0x01, 0x64, 0x01, 0x87, 0x00, 0x7b, 0x01, 0x74, 0x01, 0xb2, 0x00,
        0x27, 0x01, 0x4a, 0x01, 0x78, 0x01, 0x32, 0x00, 0x6e, 0x01, 0xba, 0x85, 0x47, 0x01, 0x85, 0x00,
        0x80, 0x01, 0x32, 0x01, 0xd3, 0x00, 0x6a, 0x00, 0x30, 0x01, 0x33, 0x00, 0xff, 0x00, 0xd7, 0x00,
        0xd7, 0x00, 0x73, 0x00, 0x27, 0x00, 0x18, 0x00, 0x18, 0x00, 0x18, 0x00, 0x37, 0x00, 0xd2, 0x00,
        0x4b, 0x01, 0x8d, 0x01, 0x53, 0x01, 0x04, 0x00, 0x3a, 0x01, 0xc7, 0x00, 0x6f, 0x00, 0x12, 0x01,
        0x85, 0x01, 0x92, 0x00, 0x86, 0x00, 0x98, 0x00, 0xb4, 0x00, 0xf4, 0x00, 0x3f, 0x01, 0x0c, 0x01,
        0x78, 0x01, 0xc2, 0x00, 0x2e, 0x01, 0x5e, 0x01, 0x56, 0x01, 0xc7, 0x00, 0x08, 0x01, 0x30, 0x01,
        0x7b, 0x01, 0x0d, 0x01, 0x9a, 0x00, 0x43, 0x00, 0x93, 0x01, 0xbd, 0x00, 0x94, 0x00, 0x06, 0x01,
        0x06, 0x01, 0x7d, 0x01, 0x02, 0x01, 0xb6, 0x00, 0x33, 0x00, 0x7c, 0x01, 0x28, 0x00, 0x93, 0x01,
        0x53, 0x01, 0x26, 0x00, 0x06, 0x01, 0x10, 0x01, 0xfc, 0x00, 0x0a, 0x00, 0x11, 0x00, 0x0e, 0x01,
        0x8d, 0x00, 0x89, 0x01, 0x27, 0x00, 0xb4, 0x00, 0x02, 0x01, 0xa7, 0x00, 0x86, 0x00, 0x0a, 0x01,
        0x26, 0x00, 0x78, 0x01, 0x78, 0x01, 0x64, 0x01, 0x64, 0x01, 0x3c, 0x00, 0x48, 0x01, 0x51, 0x00,
        0x4f, 0x00, 0x4f, 0x00, 0x41, 0x01, 0x95, 0x00, 0x1b, 0x00, 0x68, 0x01, 0x58, 0x00, 0x5b, 0x00,
        0xae, 0x00, 0xae, 0x00, 0x28, 0x00, 0x76, 0x00, 0x06, 0x01, 0x66, 0x01, 0xd2, 0x00, 0x90, 0x00,
        0xb6, 0x00, 0x63, 0x01, 0x18, 0x00, 0x95, 0x00, 0x35, 0x00, 0x66, 0x01, 0x48, 0x01, 0x33, 0x01,
        0xfd, 0x00, 0x77, 0x01, 0x2a, 0x00, 0x66, 0x01, 0xdd, 0x00, 0x3c, 0x00, 0x48, 0x01, 0x90, 0x00,
        0x3f, 0x01, 0x76, 0x00, 0x8d, 0x00, 0x5e, 0x01, 0x6f, 0x01, 0x4b, 0x00, 0x0c, 0x01, 0x0c, 0x01,
        0x93, 0x00, 0x1a, 0x00, 0x9e, 0x00, 0x69, 0x01, 0x79, 0x01, 0x04, 0x00, 0xc9, 0x00, 0x77, 0x01,
        0xb8, 0x00, 0x28, 0x01, 0x96, 0x00, 0x83, 0x00, 0xcc, 0x00, 0xac, 0x00, 0x01, 0x00, 0xb8, 0x00,
        0x73, 0x01, 0xa9, 0x00, 0x65, 0x01, 0x27, 0x00, 0x7d, 0x01, 0x78, 0x01, 0x3b, 0x00, 0xcd, 0x00,
        0x01, 0x00, 0xcd, 0x00, 0x4f, 0x00, 0x06, 0x01, 0xd5, 0x00, 0xac, 0x00, 0xcc, 0x00, 0x29, 0x00,
        0x93, 0x01, 0xf0, 0x00, 0xf0, 0x00, 0x73, 0x01, 0x74, 0x01, 0x14, 0x00, 0x93, 0x01, 0xa6, 0x00,
        0xa6, 0x00, 0x7c, 0x01, 0x60, 0x00, 0xba, 0x00, 0xd1, 0x00, 0x26, 0x00, 0x86, 0x00, 0x21, 0x00,
        0xcd, 0x00, 0xac, 0x00, 0x83, 0x00, 0x6f, 0x01, 0x15, 0x01, 0x21, 0x00, 0x89, 0x00, 0x93, 0x00,
        0x84, 0x00, 0x30, 0x01, 0x77, 0x01, 0xb4, 0x00, 0xdb, 0x00, 0xce, 0x00, 0x49, 0x01, 0x95, 0x00,
        0x64, 0x00, 0xcb, 0x82, 0x9a, 0x01, 0x66, 0x00, 0x7f, 0x01, 0x63, 0x01, 0x8b, 0x00, 0xe4, 0x85,
        0x36, 0x01, 0x1b, 0x01, 0x7f, 0x83, 0x26, 0x00, 0x61, 0x01, 0x8e, 0x00, 0x66, 0x00, 0x8b, 0x00,
        0x09, 0x01, 0x88, 0x00, 0x09, 0x01, 0x8c, 0x01, 0x4b, 0x00, 0x06, 0x01, 0xa8, 0x82, 0x47, 0x00,
        0x87, 0x01, 0x8a, 0x00, 0x89, 0x00, 0x93, 0x01, 0x99, 0x00, 0x89, 0x00, 0xa7, 0x00, 0x62, 0x00,
        0x42, 0x00, 0x8c, 0x01, 0x09, 0x01, 0x66, 0x00, 0x8b, 0x00, 0x8e, 0x00, 0x7d, 0x01, 0x8b, 0x00,
        0x73, 0x01, 0xbe, 0x00, 0x7f, 0x83, 0x8c, 0x01, 0x64, 0x01, 0x7f, 0x83, 0x31, 0x00, 0x3b, 0x00,
        0x10, 0x01, 0x81, 0x00, 0x81, 0x00, 0x81, 0x00, 0x52, 0x00, 0x34, 0x01, 0x4e, 0x01, 0xc9, 0x00,
        0x81, 0x00, 0xb2, 0x00, 0x59, 0x00, 0x45, 0x01, 0x95, 0x80, 0x45, 0x00, 0x91, 0x00, 0x2e, 0x01,
        0x77, 0x01, 0x77, 0x01, 0x2d, 0x01, 0x81, 0x00, 0x5a, 0x00, 0x73, 0x01, 0x35, 0x01, 0x35, 0x01,
        0x17, 0x00, 0x28, 0x87, 0x0f, 0x01, 0xaf, 0x00, 0x05, 0x01, 0x41, 0x80, 0x3a, 0x00, 0x19, 0x01,
        0x58, 0x00, 0x1d, 0x01, 0x82, 0x01, 0x59, 0x01, 0x8d, 0x01, 0x46, 0x00, 0xc8, 0x82, 0x7d, 0x01,
        0xa2, 0x00, 0xc2, 0x82, 0x32, 0x01, 0x1f, 0x00, 0x59, 0x01, 0x6c, 0x00, 0xa1, 0x00, 0x63, 0x01,
        0x41, 0x00, 0x08, 0x01, 0x93, 0x01, 0x18, 0x01, 0xa9, 0x00, 0xcc, 0x00, 0x27, 0x01, 0x74, 0x01,
        0xea, 0x00, 0x07, 0x00, 0x24, 0x00, 0x16, 0x01, 0x64, 0x01, 0x08, 0x01, 0x51, 0x80, 0x8a, 0x00,
        0x7d, 0x01, 0x60, 0x00, 0x04, 0x00, 0x64, 0x01, 0xfd, 0x00, 0x93, 0x01, 0x93, 0x01, 0x52, 0x00,
        0x41, 0x00, 0x8e, 0x01, 0x26, 0x00, 0x89, 0x00, 0x73, 0x01, 0xa6, 0x00, 0x0e, 0x00, 0x23, 0x00,
        0x93, 0x00, 0x5f, 0x01, 0x81, 0x00, 0x7f, 0x01, 0x95, 0x00, 0x05, 0x00, 0x0c, 0x01, 0x3c, 0x00,
        0x92, 0x01, 0x80, 0x01, 0x5c, 0x01, 0xde, 0x00, 0x77, 0x01, 0x36, 0x01, 0x97, 0x01, 0x04, 0x01,
        0x54, 0x01, 0x4c, 0x00, 0x9a, 0x00, 0x42, 0x86, 0x04, 0x01, 0x60, 0x00, 0xf9, 0x00, 0x05, 0x00,
        0x2f, 0x80, 0x86, 0x01, 0x56, 0x01, 0xa1, 0x00, 0xc0, 0x00, 0x09, 0x01, 0x80, 0x01, 0x81, 0x00,
        0x09, 0x00, 0x13, 0x00, 0x93, 0x01, 0xfc, 0x00, 0xdb, 0x00, 0x15, 0x00, 0xfd, 0x00, 0x47, 0x01,
        0x75, 0x01, 0x91, 0x01, 0x8a, 0x01, 0x74, 0x01, 0x09, 0x00, 0x79, 0x00, 0xe3, 0x00, 0x76, 0x01,
        0x43, 0x00, 0x27, 0x00, 0xfd, 0x00, 0x8a, 0x00, 0xdf, 0x84, 0xcb, 0x00, 0x25, 0x00, 0x72, 0x01,
        0x29, 0x00, 0x10, 0x01, 0xd2, 0x00, 0x2a, 0x00, 0x8a, 0x00, 0x60, 0x00, 0x8a, 0x01, 0x96, 0x01,
        0x3c, 0x00, 0xc9, 0x80, 0xd7, 0x00, 0xe4, 0x00, 0xaa, 0x00, 0x60, 0x00, 0xf9, 0x00, 0x07, 0x00,
        0xf6, 0x00, 0xb8, 0x00, 0xd9, 0x00, 0x6e, 0x00, 0x08, 0x01, 0x93, 0x00, 0x80, 0x86, 0x05, 0x00,
        0x59, 0x01, 0x59, 0x01, 0x2f, 0x80, 0x93, 0x00, 0x9d, 0x01, 0x89, 0x85, 0x8e, 0x01, 0x06, 0x00,
        0x06, 0x00, 0x43, 0x00, 0xe3, 0x00, 0x93, 0x00, 0xa9, 0x00, 0xbc, 0x00, 0x8b, 0x00, 0x07, 0x01,
        0x7b, 0x01, 0xac, 0x00, 0xe9, 0x00, 0x14, 0x00, 0x37, 0x87, 0x08, 0x01, 0x7b, 0x00, 0x0c, 0x83,
        0x34, 0x01, 0x8e, 0x00, 0x92, 0x01, 0xe8, 0x00, 0x6a, 0x00, 0x6a, 0x00, 0x11, 0x01, 0x39, 0x01,
        0x38, 0x00, 0x1e, 0x87, 0x9b, 0x00, 0x77, 0x01, 0x69, 0x01, 0x1b, 0x00, 0x86, 0x00, 0x01, 0x01,
        0x09, 0x87, 0x36, 0x86, 0xd9, 0x00, 0x06, 0x00, 0x27, 0x00, 0x6d, 0x00, 0x93, 0x01, 0xa9, 0x00,
        0x51, 0x00, 0x51, 0x00, 0x93, 0x01, 0x0b, 0x01, 0x02, 0x00, 0xeb, 0x00, 0x91, 0x01, 0x66, 0x00,
        0x8d, 0x00, 0xa3, 0x00, 0x4b, 0x00, 0xd9, 0x00, 0x50, 0x01, 0xb7, 0x00, 0x8a, 0x01, 0xc2, 0x00,
        0x47, 0x00, 0x5a, 0x01, 0x95, 0x00, 0xb7, 0x00, 0x93, 0x00, 0x93, 0x01, 0xbf, 0x00, 0x72, 0x01,
        0xc9, 0x86, 0x46, 0x01, 0xdc, 0x83, 0xdd, 0x00, 0x3d, 0x00, 0x8d, 0x00, 0x92, 0x01, 0x89, 0x00,
        0x86, 0x00, 0x66, 0x01, 0x7d, 0x01, 0x01, 0x00, 0x59, 0x01, 0xf0, 0x00, 0x39, 0x00, 0x14, 0x00,
        0x69, 0x00, 0x4e, 0x01, 0x91, 0x01, 0x26, 0x00, 0xf9, 0x85, 0xf9, 0x85, 0x9f, 0x00, 0xcb, 0x00,
        0xeb, 0x00, 0x93, 0x00, 0xfc, 0x00, 0x8b, 0x00, 0x77, 0x01, 0x52, 0x01, 0x2d, 0x01, 0xf3, 0x85,
        0x5c, 0x01, 0x69, 0x01, 0x1f, 0x00, 0x5c, 0x00, 0x8d, 0x00, 0x63, 0x01, 0x96, 0x00, 0x92, 0x00,
        0x53, 0x01, 0xa8, 0x00, 0x88, 0x00, 0x55, 0x01, 0x9d, 0x01, 0x04, 0x01, 0xc9, 0x84, 0x05, 0x00,
        0x76, 0x00, 0x2f, 0x01, 0xe7, 0x00, 0x94, 0x00, 0x86, 0x01, 0x36, 0x01, 0x76, 0x01, 0x95, 0x00,
        0x15, 0x00, 0x5c, 0x01, 0x15, 0x00, 0xa4, 0x01, 0x76, 0x01, 0x8b, 0x01, 0xc2, 0x00, 0x40, 0x01,
        0x59, 0x01, 0xae, 0x00, 0x44, 0x01, 0x08, 0x00, 0x8b, 0x00, 0x84, 0x00, 0x3e, 0x00, 0x5e, 0x01,
        0x5c, 0x01, 0x0c, 0x01, 0xfc, 0x00, 0x30, 0x01, 0xb7, 0x00, 0xd2, 0x00, 0xcc, 0x00, 0x60, 0x00,
        0x06, 0x00, 0x93, 0x00, 0x3e, 0x00, 0x61, 0x01, 0x01, 0x00, 0x94, 0x00, 0x7f, 0x01, 0x9f, 0x01,
        0x25, 0x00, 0x2f, 0x00, 0x8e, 0x00, 0x55, 0x01, 0x0b, 0x00, 0xd9, 0x00, 0xe4, 0x00, 0x22, 0x01,
        0xa5, 0x01, 0x61, 0x01, 0x06, 0x01, 0x66, 0x01, 0x26, 0x00, 0x45, 0x00, 0x27, 0x01, 0xc0, 0x00,
        0x0d, 0x01, 0x64, 0x00, 0x51, 0x00, 0x35, 0x01, 0x46, 0x00, 0x04, 0x01, 0x43, 0x00, 0x8d, 0x01,
        0x87, 0x00, 0x89, 0x00, 0x4a, 0x01, 0x07, 0x01, 0x06, 0x01, 0xf6, 0x00, 0x36, 0x01, 0x08, 0x01,
        0xb9, 0x00, 0x76, 0x01, 0x72, 0x01, 0x95, 0x00, 0x92, 0x01, 0xb5, 0x00, 0x6d, 0x00, 0x77, 0x01,
        0x88, 0x00, 0x21, 0x86, 0x92, 0x01, 0xc3, 0x00, 0x17, 0x00, 0x48, 0x01, 0x24, 0x00, 0x13, 0x00,
        0x8e, 0x00, 0x4e, 0x01, 0xa0, 0x00, 0x57, 0x01, 0x73, 0x01, 0x39, 0x00, 0x95, 0x01, 0x93, 0x00,
        0x4f, 0x01, 0x08, 0x01, 0x9e, 0x00, 0x06, 0x00, 0xf5, 0x00, 0x8e, 0x00, 0xbe, 0x00, 0x12, 0x83,
        0xd3, 0x00, 0x8e, 0x00, 0x93, 0x01, 0xe4, 0x81, 0xcd, 0x00, 0xda, 0x80, 0x27, 0x01, 0x6f, 0x00,
        0xfc, 0x00, 0x7e, 0x01, 0xf0, 0x00, 0x8b, 0x00, 0x92, 0x01, 0x92, 0x00, 0x8b, 0x00, 0x7d, 0x01,
        0x73, 0x01, 0xa7, 0x00, 0xdb, 0x00, 0x7f, 0x00, 0x1c, 0x01, 0xfd, 0x00, 0x5e, 0x01, 0x24, 0x01,
        0xa0, 0x01, 0x6f, 0x01, 0xd0, 0x00, 0xfc, 0x81, 0xe7, 0x00, 0x1f, 0x00, 0x34, 0x01, 0x9f, 0x01,
        0x91, 0x01, 0x77, 0x01, 0x71, 0x01, 0x7b, 0x01, 0x0e, 0x00, 0x74, 0x01, 0x84, 0x00, 0x73, 0x01,
        0x83, 0x01, 0x02, 0x00, 0x6e, 0x01, 0x72, 0x01, 0x61, 0x01, 0x9c, 0x00, 0x2c, 0x00, 0x89, 0x00,
        0x4e, 0x01, 0xaa, 0x00, 0xaa, 0x00, 0x25, 0x00, 0x98, 0x00, 0x92, 0x00, 0x92, 0x00, 0x55, 0x01,
        0x8e, 0x00, 0x86, 0x00, 0x68, 0x00, 0x28, 0x00, 0x68, 0x01, 0x1a, 0x82, 0x69, 0x01, 0x7e, 0x01,
        0x08, 0x01, 0x76, 0x01, 0x1f, 0x00, 0x8a, 0x01, 0x0a, 0x00, 0x75, 0x01, 0x5e, 0x01, 0x0c, 0x00,
        0xac, 0x00, 0x5f, 0x01, 0x0c, 0x01, 0x21, 0x00, 0x66, 0x00, 0xbd, 0x00, 0x9f, 0x01, 0x68, 0x00,
        0x8d, 0x00, 0x6b, 0x00, 0x0c, 0x01, 0x1b, 0x01, 0x12, 0x01, 0x29, 0x00, 0x2c, 0x00, 0x8c, 0x01,
        0x44, 0x01, 0x44, 0x01, 0x14, 0x00, 0x2a, 0x00, 0x1b, 0x01, 0x5d, 0x80, 0x39, 0x00, 0x27, 0x01,
        0x9c, 0x00, 0x75, 0x01, 0x3e, 0x00, 0x93, 0x01, 0xed, 0x00, 0xaa, 0x00, 0x8b, 0x00, 0x40, 0x01,
        0x0f, 0x01, 0x65, 0x00, 0x66, 0x01, 0x3d, 0x01, 0x26, 0x01, 0x8f, 0x00, 0xd1, 0x00, 0x52, 0x00,
        0x2f, 0x00, 0xf0, 0x00, 0x2d, 0x01, 0x46, 0x01, 0x8a, 0x01, 0x49, 0x01, 0xf7, 0x00, 0x07, 0x00,
        0x3a, 0x00, 0xb2, 0x00, 0x4a, 0x01, 0x81, 0x00, 0x93, 0x01, 0x5a, 0x01, 0x82, 0x00, 0x08, 0x01,
        0x5f, 0x01, 0x09, 0x01, 0x4f, 0x01, 0x91, 0x01, 0x52, 0x00, 0x69, 0x01, 0xf0, 0x00, 0x11, 0x01,
        0x1f, 0x00, 0x8a, 0x01, 0x66, 0x00, 0x63, 0x01, 0x54, 0x00, 0x30, 0x01, 0x9a, 0x00, 0x30, 0x01,
        0x36, 0x01, 0x06, 0x00, 0x75, 0x01, 0x12, 0x00, 0x40, 0x01, 0x48, 0x01, 0xf6, 0x85, 0x21, 0x00,
        0x45, 0x01, 0x92, 0x00, 0x28, 0x00, 0x2e, 0x00, 0x12, 0x83, 0x13, 0x00, 0x5c, 0x00, 0x38, 0x01,
        0x43, 0x00, 0x06, 0x01, 0x40, 0x01, 0x8b, 0x01, 0xb4, 0x00, 0x26, 0x00, 0x27, 0x00, 0x6f, 0x00,
        0xbe, 0x00, 0xc1, 0x00, 0xbd, 0x00, 0x9f, 0x01, 0x62, 0x00, 0x81, 0x00, 0x8a, 0x01, 0x2e, 0x00,
        0x49, 0x01, 0x82, 0x00, 0x37, 0x00, 0xda, 0x00, 0xdf, 0x84, 0x8c, 0x00, 0x71, 0x00, 0x79, 0x01,
        0x93, 0x01, 0x04, 0x00, 0x93, 0x01, 0xe7, 0x00, 0xc7, 0x00, 0x21, 0x00, 0xa1, 0x00, 0x2a, 0x00,
        0x30, 0x01, 0x56, 0x01, 0x8d, 0x00, 0xd5, 0x00, 0xd5, 0x00, 0x8f, 0x01, 0xda, 0x80, 0x9f, 0x00,
        0x10, 0x00, 0x8c, 0x00, 0x75, 0x01, 0x6b, 0x00, 0x08, 0x01, 0xb6, 0x00, 0x89, 0x00, 0x79, 0x01,
        0x95, 0x00, 0x00, 0x01, 0x00, 0x01, 0xae, 0x00, 0x50, 0x00, 0x66, 0x01, 0x1f, 0x01, 0x71, 0x00,
        0x83, 0x01, 0x77, 0x01, 0x66, 0x01, 0x26, 0x00, 0x26, 0x00, 0x23, 0x01, 0xdd, 0x00, 0x7f, 0x00,
        0x3e, 0x01, 0x76, 0x00, 0x70, 0x00, 0x3a, 0x00, 0xa4, 0x01, 0xe4, 0x00, 0xb8, 0x00, 0x92, 0x01,
        0x86, 0x00, 0x9a, 0x01, 0x8d, 0x00, 0x89, 0x00, 0x1a, 0x00, 0x3c, 0x00, 0xe4, 0x81, 0x24, 0x00,
        0x14, 0x00, 0x24, 0x00, 0x95, 0x00, 0x60, 0x00, 0xb6, 0x00, 0x0b, 0x00, 0x60, 0x00, 0x0a, 0x01,
        0x14, 0x00, 0xd2, 0x81, 0x9d, 0x01, 0x99, 0x01, 0x5e, 0x01, 0x05, 0x01, 0x0c, 0x01, 0x50, 0x00,
        0xe4, 0x00, 0x82, 0x00, 0x69, 0x01, 0xbe, 0x00, 0x8d, 0x00, 0x36, 0x00, 0x46, 0x01, 0x76, 0x00,
        0x0a, 0x01, 0xc9, 0x86, 0x8b, 0x00, 0x63, 0x00, 0x7b, 0x01, 0xb0, 0x00, 0xdc, 0x00, 0xbe, 0x00,
        0x2d, 0x01, 0x9d, 0x01, 0x37, 0x87, 0x05, 0x01, 0x31, 0x00, 0x89, 0x00, 0x3d, 0x00, 0x28, 0x01,
        0x1a, 0x00, 0x0d, 0x01, 0x0d, 0x01, 0x84, 0x00, 0x8e, 0x00, 0x0c, 0x01, 0xa4, 0x00, 0x3c, 0x00,
        0x69, 0x01, 0x97, 0x00, 0xfd, 0x00, 0x4a, 0x80, 0x04, 0x00, 0x93, 0x00, 0x76, 0x01, 0x52, 0x00,
        0xcd, 0x00, 0x40, 0x01, 0xce, 0x00, 0x89, 0x00, 0x47, 0x01, 0x9d, 0x01, 0x3e, 0x00, 0x6b, 0x01,
        0xac, 0x00, 0x16, 0x00, 0x93, 0x00, 0x76, 0x01, 0x1d, 0x01, 0x76, 0x01, 0x76, 0x01, 0xe3, 0x00,
        0x61, 0x01, 0x8e, 0x00, 0x12, 0x00, 0xe9, 0x00, 0x66, 0x00, 0x93, 0x01, 0x93, 0x01, 0xa9, 0x00,
        0xd5, 0x00, 0x8b, 0x00, 0x69, 0x01, 0xb7, 0x00, 0x48, 0x01, 0x06, 0x00, 0x40, 0x01, 0xbe, 0x00,
        0xc3, 0x00, 0x16, 0x01, 0x99, 0x86, 0xf7, 0x00, 0x74, 0x01, 0xb0, 0x00, 0x16, 0x00, 0x36, 0x01,
        0x83, 0x01, 0xe4, 0x00, 0x66, 0x01, 0x96, 0x00, 0x88, 0x00, 0xb2, 0x00, 0xaa, 0x00, 0x84, 0x00,
        0x79, 0x01, 0xbe, 0x00, 0xbc, 0x00, 0x08, 0x01, 0x08, 0x01, 0xc0, 0x81, 0x08, 0x01, 0xac, 0x00,
        0x66, 0x01, 0x79, 0x01, 0xcb, 0x00, 0x15, 0x01, 0x21, 0x00, 0x60, 0x01, 0x36, 0x00, 0x69, 0x01,
        0x30, 0x01, 0xc1, 0x00, 0x96, 0x00, 0xce, 0x00, 0x27, 0x00, 0x83, 0x01, 0xbf, 0x00, 0x48, 0x01,
        0xa2, 0x01, 0xb2, 0x00, 0x45, 0x00, 0x5a, 0x01, 0x3d, 0x00, 0x8d, 0x00, 0x95, 0x00, 0xac, 0x00,
        0xb2, 0x00, 0xdc, 0x00, 0x93, 0x01, 0x71, 0x00, 0x71, 0x00, 0x06, 0x01, 0x71, 0x01, 0x05, 0x01,
        0x05, 0x01, 0x35, 0x01, 0x9b, 0x00, 0x7c, 0x01, 0x62, 0x00, 0x77, 0x01, 0x6a, 0x00, 0x63, 0x00,
        0x07, 0x00, 0x59, 0x00, 0x92, 0x01, 0x03, 0x01, 0x45, 0x00, 0xa1, 0x00, 0xd2, 0x00, 0x63, 0x01,
        0x6c, 0x00, 0x79, 0x00, 0x1b, 0x00, 0x68, 0x01, 0xce, 0x00, 0x2a, 0x00, 0x66, 0x00, 0x43, 0x00,
        0x6e, 0x01, 0x8d, 0x00, 0xd2, 0x00, 0x25, 0x00, 0x92, 0x00, 0x32, 0x01, 0x51, 0x00, 0x7d, 0x01,
        0x27, 0x00, 0x04, 0x00, 0x06, 0x00, 0x6e, 0x01, 0x8d, 0x00, 0x51, 0x00, 0xb4, 0x00, 0xe7, 0x00,
        0x0d, 0x00, 0x22, 0x00, 0x45, 0x00, 0x51, 0x00, 0x77, 0x01, 0x63, 0x00, 0x25, 0x01, 0x9c, 0x00,
        0x73, 0x01, 0x4a, 0x82, 0x89, 0x00, 0x54, 0x01, 0xdb, 0x86, 0x51, 0x00, 0x8d, 0x00, 0x90, 0x00,
        0x74, 0x01, 0x65, 0x01, 0xd2, 0x00, 0x67, 0x86, 0x01, 0x00, 0x0a, 0x01, 0x01, 0x00, 0x92, 0x01,
        0x43, 0x00, 0x91, 0x01, 0x60, 0x00, 0x67, 0x86, 0xb6, 0x00, 0x10, 0x01, 0x6c, 0x01, 0x77, 0x01,
        0x8d, 0x00, 0x2d, 0x01, 0x8d, 0x00, 0x9d, 0x01, 0x77, 0x01, 0xb4, 0x00, 0x0d, 0x00, 0xb2, 0x00,
        0xdb, 0x86, 0x68, 0x01, 0x5f, 0x01, 0x70, 0x01, 0x06, 0x01, 0x06, 0x01, 0x8b, 0x01, 0x12, 0x00,
        0x95, 0x00, 0x8b, 0x01, 0xad, 0x00, 0x5a, 0x00, 0x07, 0x00, 0x07, 0x00, 0xac, 0x00, 0x7d, 0x01,
        0xac, 0x00, 0x5e, 0x01, 0x4c, 0x00, 0x33, 0x01, 0xb6, 0x00, 0x8a, 0x00, 0x81, 0x00, 0x69, 0x01,
        0x8a, 0x00, 0x7d, 0x01, 0x91, 0x01, 0x8d, 0x00, 0x61, 0x01, 0x50, 0x01, 0x4c, 0x00, 0x8f, 0x00,
        0x27, 0x00, 0x78, 0x01, 0x60, 0x00, 0x09, 0x01, 0x8c, 0x01, 0x10, 0x01, 0x9d, 0x01, 0x8c, 0x01,
        0x4e, 0x00, 0xcf, 0x81, 0x3e, 0x01, 0x6a, 0x01, 0x9d, 0x01, 0x9d, 0x01, 0x0c, 0x01, 0xb8, 0x00,
        0x9d, 0x01, 0x2a, 0x00, 0x4e, 0x00, 0x96, 0x01, 0x59, 0x00, 0x21, 0x00, 0x77, 0x00, 0xcc, 0x86,
        0x34, 0x01, 0xfa, 0x00, 0x7c, 0x01, 0xcb, 0x00, 0xf8, 0x00, 0x06, 0x01, 0x8c, 0x01, 0xc9, 0x00,
        0xc2, 0x00, 0xfa, 0x00, 0xfd, 0x00, 0xba, 0x00, 0x60, 0x00, 0x59, 0x00, 0x6f, 0x01, 0x90, 0x00,
        0x90, 0x00, 0xe3, 0x00, 0xa1, 0x01, 0x8e, 0x01, 0x77, 0x01, 0xba, 0x00, 0x2f, 0x01, 0x8b, 0x00,
        0x7d, 0x01, 0x77, 0x01, 0x06, 0x01, 0x93, 0x01, 0x58, 0x00, 0xff, 0x00, 0x58, 0x00, 0x8c, 0x01,
        0xa4, 0x00, 0x43, 0x01, 0x7d, 0x01, 0x35, 0x85, 0x89, 0x00, 0x89, 0x00, 0x89, 0x00, 0x88, 0x00,
        0x1a, 0x01, 0x3c, 0x00, 0x92, 0x00, 0x93, 0x01, 0x85, 0x01, 0x69, 0x01, 0x50, 0x01, 0x71, 0x01,
        0x6e, 0x01, 0x61, 0x00, 0xaa, 0x00, 0x63, 0x00, 0x76, 0x00, 0x47, 0x01, 0x43, 0x00, 0x6e, 0x01,
        0x21, 0x00, 0x34, 0x01, 0xa6, 0x00, 0x74, 0x01, 0x34, 0x01, 0x5d, 0x01, 0xd2, 0x00, 0xd2, 0x00,
        0x58, 0x01, 0x30, 0x00, 0x63, 0x01, 0x80, 0x01, 0x0a, 0x00, 0x03, 0x00, 0x86, 0x01, 0x07, 0x00,
        0x8e, 0x00, 0xa8, 0x00, 0x33, 0x01, 0x81, 0x00, 0x59, 0x00, 0x78, 0x00, 0x71, 0x00, 0x22, 0x00,
        0x6f, 0x01, 0xd3, 0x00, 0x87, 0x00, 0x5b, 0x00, 0x0c, 0x01, 0x81, 0x00, 0x77, 0x01, 0x64, 0x01,
        0x6a, 0x01, 0x73, 0x01, 0x86, 0x01, 0x59, 0x00, 0x48, 0x01, 0x32, 0x01, 0x93, 0x00, 0x74, 0x01,
        0x83, 0x01, 0x13, 0x00, 0x6b, 0x01, 0x79, 0x01, 0x6f, 0x01, 0x03, 0x01, 0x91, 0x01, 0xb9, 0x00,
        0x30, 0x00, 0x78, 0x00, 0xcb, 0x00, 0xa5, 0x01, 0xd5, 0x00, 0x0e, 0x00, 0x6e, 0x01, 0x87, 0x00,
        0x8e, 0x01, 0x9f, 0x01, 0x34, 0x01, 0x34, 0x01, 0x7d, 0x01, 0x5a, 0x00, 0x23, 0x82, 0xc9, 0x00,
        0xe3, 0x00, 0x22, 0x00, 0x5f, 0x01, 0x4b, 0x00, 0x01, 0x00, 0x13, 0x00, 0x03, 0x00, 0x95, 0x01,
        0xbc, 0x00, 0x66, 0x01, 0xa6, 0x00, 0x50, 0x01, 0x23, 0x00, 0x34, 0x01, 0x85, 0x00, 0x85, 0x00,
        0x6f, 0x01, 0xa7, 0x00, 0x6e, 0x01, 0x8d, 0x00, 0x8f, 0x00, 0x93, 0x01, 0x8f, 0x00, 0x2e, 0x01,
        0x53, 0x01, 0x7f, 0x00, 0x73, 0x01, 0x62, 0x00, 0x67, 0x01, 0x2c, 0x01, 0x68, 0x01, 0x76, 0x01,
        0x80, 0x01, 0x86, 0x00, 0x76, 0x00, 0x76, 0x00, 0x96, 0x00, 0x5c, 0x01, 0x66, 0x01, 0xa8, 0x00,
        0x95, 0x01, 0x64, 0x01, 0x4c, 0x81, 0x33, 0x01, 0x15, 0x00, 0x8f, 0x01, 0x8f, 0x01, 0x63, 0x01,
        0x5c, 0x01, 0x86, 0x00, 0x78, 0x00, 0x25, 0x00, 0x5c, 0x01, 0x4f, 0x01, 0x9d, 0x01, 0xa3, 0x01,
        0x95, 0x01, 0x05, 0x01, 0x90, 0x00, 0x64, 0x01, 0x2d, 0x01, 0xe3, 0x00, 0x64, 0x01, 0x0d, 0x01,
        0x06, 0x01, 0x90, 0x00, 0x71, 0x00, 0x92, 0x01, 0x77, 0x01, 0x93, 0x01, 0x2c, 0x80, 0x5c, 0x01,
        0xb8, 0x00, 0xb5, 0x00, 0x22, 0x00, 0x5d, 0x01, 0x68, 0x01, 0x83, 0x01, 0x5a, 0x00, 0x6f, 0x01,
        0x69, 0x00, 0x77, 0x01, 0x65, 0x01, 0x80, 0x01, 0x86, 0x00, 0x6e, 0x01, 0xd2, 0x00, 0xa7, 0x00,
        0x76, 0x01, 0x79, 0x01, 0x36, 0x01, 0x5e, 0x01, 0x36, 0x01, 0x0d, 0x01, 0xc9, 0x00, 0xdb, 0x00,
        0x8b, 0x00, 0xee, 0x00, 0x02, 0x00, 0x74, 0x01, 0x30, 0x00, 0x75, 0x01, 0x45, 0x01, 0x05, 0x01,
        0xd3, 0x00, 0x8d, 0x00, 0x98, 0x00, 0xce, 0x82, 0x60, 0x01, 0x22, 0x00, 0x06, 0x01, 0x78, 0x00,
        0x73, 0x01, 0xb2, 0x00, 0x1a, 0x80, 0x89, 0x00, 0x89, 0x00, 0xcc, 0x00, 0x83, 0x01, 0x69, 0x01,
        0x78, 0x00, 0xd7, 0x00, 0xd5, 0x00, 0x33, 0x00, 0xe3, 0x00, 0x8d, 0x01, 0x86, 0x00, 0x6d, 0x80,
        0x76, 0x00, 0x6f, 0x01, 0x2d, 0x00, 0xb6, 0x00, 0x66, 0x01, 0x48, 0x01, 0x90, 0x00, 0x00, 0x01,
        0xb8, 0x00, 0x58, 0x01, 0x64, 0x01, 0x77, 0x01, 0x89, 0x00, 0x85, 0x00, 0x3b, 0x00, 0x76, 0x01,
        0x76, 0x01, 0xb2, 0x00, 0x48, 0x01, 0x53, 0x01, 0x68, 0x01, 0x5a, 0x00, 0x32, 0x01, 0x8e, 0x01,
        0x78, 0x00, 0x77, 0x01, 0x67, 0x01, 0x6b, 0x01, 0x32, 0x01, 0x8d, 0x00, 0x09, 0x00, 0x90, 0x00,
        0x73, 0x01, 0x01, 0x00, 0x76, 0x01, 0x1d, 0x01, 0x36, 0x01, 0xcd, 0x00, 0x71, 0x01, 0x75, 0x01,
        0x6d, 0x80, 0xb2, 0x00, 0x25, 0x00, 0xa6, 0x00, 0x47, 0x00, 0xb6, 0x00, 0x73, 0x01, 0x88, 0x00,
        0xbe, 0x00, 0x64, 0x01, 0x1b, 0x01, 0xbc, 0x00, 0xdc, 0x00, 0xc1, 0x00, 0xbf, 0x00, 0x2c, 0x01,
        0x49, 0x01, 0x73, 0x01, 0x96, 0x01, 0x7f, 0x01, 0x7f, 0x01, 0x10, 0x01, 0x76, 0x01, 0x69, 0x00,
        0x76, 0x01, 0x81, 0x00, 0x79, 0x00, 0x36, 0x01, 0x1a, 0x00, 0x1a, 0x00, 0x33, 0x01, 0xc7, 0x00,
        0x1e, 0x00, 0xf8, 0x80, 0x4e, 0x01, 0xa3, 0x01, 0x18, 0x00, 0x6e, 0x01, 0xa7, 0x83, 0x78, 0x01,
        0x0b, 0x01, 0x5b, 0x00, 0xfd, 0x00, 0x7f, 0x01, 0x7c, 0x01, 0x1f, 0x01, 0xfc, 0x00, 0x5b, 0x00,
        0x60, 0x00, 0xb9, 0x00, 0x5a, 0x00, 0x10, 0x01, 0x4e, 0x01, 0xf1, 0x00, 0x50, 0x01, 0x3d, 0x01,
        0x91, 0x01, 0xad, 0x00, 0xad, 0x00, 0xa3, 0x01, 0xd3, 0x00, 0x85, 0x00, 0x5d, 0x01, 0x58, 0x01,
        0x2e, 0x81, 0x89, 0x00, 0xbf, 0x83, 0x79, 0x01, 0x9f, 0x01, 0x5d, 0x01, 0x53, 0x01, 0xad, 0x00,
        0xae, 0x00, 0xcd, 0x00, 0xbc, 0x00, 0xd7, 0x00, 0x42, 0x00, 0x5e, 0x01, 0xfd, 0x84, 0x0b, 0x00,
        0x8a, 0x01, 0x36, 0x01, 0x6d, 0x86, 0xd7, 0x00, 0x96, 0x01, 0x18, 0x01, 0x05, 0x00, 0x92, 0x85,
        0x51, 0x00, 0x51, 0x00, 0x3e, 0x00, 0xb2, 0x00, 0x71, 0x00, 0x89, 0x00, 0x92, 0x00, 0x0d, 0x00,
        0x6d, 0x01, 0x26, 0x00, 0x32, 0x00, 0x2b, 0x01, 0x1d, 0x01, 0x81, 0x01, 0x11, 0x01, 0x08, 0x01,
        0x7d, 0x01, 0x63, 0x00, 0x63, 0x01, 0x1f, 0x00, 0x15, 0x86, 0x71, 0x01, 0x58, 0x00, 0x63, 0x01,
        0x9e, 0x01, 0xb2, 0x00, 0x6b, 0x01, 0x17, 0x00, 0x38, 0x00, 0x18, 0x01, 0x9e, 0x80, 0x59, 0x01,
        0xf9, 0x81, 0x8d, 0x01, 0xc8, 0x00, 0x27, 0x00, 0x77, 0x01, 0x62, 0x00, 0x6a, 0x00, 0x4d, 0x00,
        0xb2, 0x00, 0x06, 0x01, 0x36, 0x01, 0x64, 0x00, 0x50, 0x01, 0x8c, 0x00, 0xcf, 0x00, 0x5c, 0x01,
        0xab, 0x00, 0x92, 0x00, 0xc8, 0x00, 0x74, 0x01, 0xc5, 0x00, 0xd0, 0x00, 0x3e, 0x01, 0x7e, 0x01,
        0x77, 0x00, 0x5a, 0x00, 0x0a, 0x00, 0x8e, 0x00, 0x4b, 0x00, 0x65, 0x00, 0x75, 0x01, 0x66, 0x01,
        0x2a, 0x00, 0x30, 0x00, 0xf5, 0x00, 0x36, 0x01, 0x82, 0x00, 0x6a, 0x01, 0x6e, 0x81, 0x96, 0x01,
        0x29, 0x00, 0x3f, 0x01, 0x07, 0x00, 0x3f, 0x01, 0x89, 0x00, 0x61, 0x01, 0x8f, 0x00, 0x6b, 0x00,
        0x89, 0x00, 0xc9, 0x00, 0xfd, 0x00, 0x0d, 0x00, 0x5d, 0x01, 0x03, 0x00, 0x59, 0x00, 0x5b, 0x00,
        0x77, 0x01, 0x60, 0x00, 0xdb, 0x00, 0x64, 0x01, 0x81, 0x00, 0x72, 0x01, 0x4c, 0x00, 0x6a, 0x01,
        0x91, 0x01, 0x75, 0x01, 0xb8, 0x00, 0x20, 0x01, 0x52, 0x00, 0xcb, 0x00, 0x8e, 0x01, 0x73, 0x00,
        0x93, 0x01, 0xb1, 0x81, 0x80, 0x01, 0xa3, 0x01, 0x33, 0x01, 0x36, 0x01, 0x85, 0x01, 0x43, 0x00,
        0xb2, 0x00, 0xbe, 0x00, 0x8b, 0x00, 0x26, 0x00, 0x3f, 0x01, 0x09, 0x01, 0x5c, 0x00, 0x8c, 0x01,
        0x68, 0x01, 0x66, 0x01, 0xa2, 0x00, 0x02, 0x01, 0x47, 0x01, 0x64, 0x01, 0x93, 0x01, 0x6e, 0x00,
        0x68, 0x01, 0x8a, 0x00, 0x8a, 0x00, 0xf7, 0x82, 0x67, 0x80, 0xd5, 0x00, 0x77, 0x01, 0x76, 0x01,
        0x76, 0x01, 0x34, 0x01, 0xe7, 0x00, 0x0d, 0x00, 0x5c, 0x82, 0x77, 0x01, 0xb9, 0x00, 0x13, 0x00,
        0xe3, 0x00, 0xaa, 0x00, 0x79, 0x00, 0x07, 0x00, 0x58, 0x00, 0x94, 0x01, 0x3b, 0x00, 0x32, 0x00,
        0x74, 0x01, 0x60, 0x00, 0x4a, 0x80, 0xd6, 0x00, 0x63, 0x00, 0x06, 0x01, 0x14, 0x01, 0x1c, 0x01,
        0xc9, 0x00, 0x2f, 0x01, 0x3f, 0x01, 0x8f, 0x01, 0x65, 0x01, 0x7c, 0x01, 0x32, 0x01, 0x28, 0x83,
        0x59, 0x01, 0x40, 0x87, 0xdb, 0x00, 0xe9, 0x00, 0x7b, 0x01, 0x43, 0x00, 0x93, 0x01, 0x8a, 0x01,
        0x02, 0x81, 0x3c, 0x00, 0x6c, 0x00, 0x15, 0x00, 0x92, 0x00, 0x04, 0x00, 0x60, 0x00, 0x8b, 0x00,
        0x05, 0x00, 0x51, 0x00, 0x9c, 0x00, 0xda, 0x00, 0x96, 0x01, 0x0d, 0x00, 0xba, 0x00, 0x20, 0x00,
        0x24, 0x86, 0x3e, 0x01, 0x86, 0x81, 0xfa, 0x00, 0x34, 0x01, 0x6e, 0x00, 0x8a, 0x01, 0x75, 0x01,
        0x26, 0x00, 0x92, 0x00, 0x34, 0x01, 0x93, 0x01, 0xba, 0x00, 0xcb, 0x00, 0xb2, 0x00, 0x1b, 0x01,
        0x24, 0x86, 0x85, 0x01, 0x10, 0x00, 0x8c, 0x01, 0x93, 0x01, 0xbc, 0x00, 0x4b, 0x00, 0xbe, 0x00,
        0x33, 0x01, 0xa1, 0x84, 0xac, 0x00, 0x7b, 0x01, 0x36, 0x01, 0x71, 0x01, 0x39, 0x01, 0x06, 0x01,
        0x91, 0x01, 0xab, 0x85, 0xb2, 0x00, 0x77, 0x01, 0x67, 0x01, 0x91, 0x01, 0xb2, 0x00, 0x28, 0x01,
        0x0c, 0x83, 0x99, 0x00, 0x83, 0x80, 0x18, 0x01, 0xfa, 0x83, 0x06, 0x00, 0x18, 0x01, 0x13, 0x00,
        0x9e, 0x01, 0x29, 0x00, 0x77, 0x01, 0x32, 0x00, 0x6e, 0x01, 0x96, 0x01, 0x8b, 0x00, 0xa3, 0x01,
        0x56, 0x00, 0x56, 0x00, 0x7c, 0x01, 0x57, 0x00, 0x6a, 0x00, 0x9b, 0x00, 0xae, 0x00, 0x8c, 0x01,
        0xb7, 0x00, 0x78, 0x01, 0x74, 0x01, 0x63, 0x83, 0x68, 0x00, 0x77, 0x01, 0x34, 0x01, 0x66, 0x00,
        0x82, 0x01, 0xbf, 0x00, 0x60, 0x00, 0x8e, 0x00, 0x7c, 0x00, 0x71, 0x00, 0x4a, 0x01, 0x70, 0x00,
        0x5e, 0x01, 0xa6, 0x00, 0x1d, 0x01, 0x02, 0x00, 0x02, 0x00, 0x94, 0x00, 0x77, 0x01, 0x9d, 0x01,
        0xa2, 0x00, 0x93, 0x01, 0x0e, 0x01, 0x53, 0x01, 0x26, 0x01, 0x26, 0x01, 0x84, 0x00, 0x03, 0x84,
        0x92, 0x00, 0x70, 0x01, 0x51, 0x00, 0x9b, 0x01, 0x7d, 0x01, 0x83, 0x01, 0xff, 0xff, 0x79, 0x01,
        0x8e, 0x00, 0xba, 0x00, 0x8c, 0x01, 0x72, 0x01, 0x16, 0x01, 0x91, 0x01, 0x3d, 0x00, 0x06, 0x01,
        0x0a, 0x01, 0x82, 0x00, 0x1f, 0x83, 0x8c, 0x00, 0x9a, 0x01, 0x71, 0x01, 0x45, 0x01, 0x2b, 0x01,
        0x91, 0x01, 0x0a, 0x00, 0x52, 0x01, 0xa9, 0x00, 0x90, 0x00, 0xb9, 0x80, 0x0b, 0x00, 0x60, 0x00,
        0x20, 0x01, 0x53, 0x01, 0x95, 0x00, 0x64, 0x01, 0xad, 0x00, 0xba, 0x00, 0x5c, 0x00, 0x06, 0x01,
        0x5f, 0x01, 0x96, 0x00, 0x63, 0x00, 0x41, 0x01, 0xb5, 0x00, 0x0f, 0x01, 0x52, 0x01, 0x7c, 0x01,
        0xcb, 0x00, 0x08, 0x00, 0xbc, 0x00, 0xfc, 0x00, 0x9a, 0x01, 0x43, 0x00, 0x6f, 0x01, 0x55, 0x01,
        0x85, 0x01, 0x04, 0x00, 0x6c, 0x00, 0x0d, 0x00, 0x43, 0x00, 0x76, 0x00, 0x9e, 0x01, 0x93, 0x01,
        0x18, 0x01, 0x0a, 0x00, 0x69, 0x00, 0x8b, 0x00, 0x84, 0x00, 0x5c, 0x01, 0xf0, 0x00, 0x8a, 0x00,
        0x50, 0x01, 0x89, 0x00, 0x68, 0x01, 0xc2, 0x00, 0x87, 0x00, 0x0f, 0x86, 0xf1, 0x80, 0x5b, 0x00,
        0x3f, 0x01, 0xcd, 0x00, 0x63, 0x01, 0xb2, 0x00, 0xb2, 0x00, 0x4c, 0x00, 0x0c, 0x01, 0x79, 0x01,
        0x45, 0x01, 0x93, 0x00, 0x4e, 0x01, 0x69, 0x01, 0xa8, 0x00, 0x9d, 0x01, 0x36, 0x01, 0x21, 0x00,
        0x58, 0x00, 0x5e, 0x01, 0x90, 0x00, 0xb2, 0x00, 0xa4, 0x80, 0x65, 0x01, 0x5e, 0x00, 0x4a, 0x01,
        0x93, 0x01, 0xab, 0x00, 0xb4, 0x00, 0x8b, 0x00, 0x9d, 0x01, 0xb9, 0x00, 0xb2, 0x00, 0x06, 0x01,
        0x13, 0x00, 0xc0, 0x00, 0x33, 0x00, 0x08, 0x01, 0xcf, 0x00, 0x06, 0x01, 0x06, 0x01, 0x17, 0x00,
        0x72, 0x00, 0x21, 0x00, 0x3f, 0x00, 0x5a, 0x00, 0xf6, 0x00, 0x08, 0x00, 0x54, 0x80, 0x87, 0x00,
        0x9f, 0x01, 0x26, 0x00, 0x85, 0x01, 0x89, 0x00, 0xb2, 0x00, 0xfc, 0x00, 0x7d, 0x01, 0x7d, 0x01,
        0x6c, 0x00, 0x96, 0x00, 0x4b, 0x00, 0x49, 0x01, 0x64, 0x00, 0x5d, 0x01, 0x43, 0x00, 0x39, 0x00,
        0x58, 0x00, 0x26, 0x00, 0x8c, 0x01, 0x06, 0x01, 0x7e, 0x01, 0x73, 0x01, 0x7d, 0x01, 0x11, 0x01,
        0x77, 0x01, 0x29, 0x01, 0x18, 0x01, 0x2f, 0x00, 0x8c, 0x84, 0x06, 0x01, 0x9d, 0x01, 0x60, 0x00,
        0x9c, 0x00, 0xab, 0x00, 0xa0, 0x01, 0xa0, 0x01, 0x8e, 0x01, 0x6f, 0x00, 0x5b, 0x00, 0x5b, 0x00,
        0x40, 0x81, 0x0d, 0x01, 0xe3, 0x00, 0x5c, 0x01, 0x73, 0x00, 0xbe, 0x00, 0x78, 0x00, 0x8e, 0x00,
        0x77, 0x01, 0x29, 0x00, 0x93, 0x00, 0x93, 0x00, 0x4c, 0x81, 0xa5, 0x01, 0xb5, 0x00, 0x09, 0x01,
        0x93, 0x01, 0x9f, 0x81, 0x72, 0x01, 0x93, 0x00, 0x79, 0x80, 0x8d, 0x00, 0x9d, 0x01, 0x9e, 0x01,
        0x12, 0x00, 0xfc, 0x00, 0x49, 0x00, 0x2a, 0x00, 0x22, 0x00, 0xcc, 0x00, 0x82, 0x00, 0x8b, 0x00,
        0x71, 0x00, 0x64, 0x01, 0x4d, 0x00, 0x08, 0x01, 0x3e, 0x00, 0x71, 0x00, 0x45, 0x00, 0xc1, 0x00,
        0x93, 0x01, 0x11, 0x01, 0xd3, 0x00, 0x60, 0x00, 0x69, 0x00, 0xfc, 0x00, 0x2d, 0x01, 0x77, 0x01,
        0x59, 0x01, 0x29, 0x01, 0x51, 0x00, 0x76, 0x01, 0x60, 0x00, 0x5e, 0x01, 0x5e, 0x01, 0x4e, 0x00,
        0x8a, 0x00, 0x9f, 0x01, 0x8b, 0x00, 0x77, 0x01, 0x4e, 0x86, 0x64, 0x01, 0x73, 0x01, 0x73, 0x01,
        0x2d, 0x00, 0x8b, 0x00, 0x30, 0x00, 0x7d, 0x01, 0x79, 0x00, 0x02, 0x81, 0x61, 0x01, 0xfe, 0x00,
        0x0d, 0x00, 0x75, 0x01, 0x88, 0x00, 0x6e, 0x01, 0x22, 0x01, 0x74, 0x01, 0xaa, 0x00, 0x73, 0x01,
        0x0b, 0x00, 0x86, 0x00, 0xa7, 0x00, 0x8e, 0x00, 0xa7, 0x00, 0x3e, 0x01, 0x5c, 0x00, 0x69, 0x01,
        0x59, 0x01, 0x93, 0x01, 0x8b, 0x00, 0xd7, 0x00, 0xc9, 0x00, 0x2a, 0x00, 0x76, 0x83, 0x81, 0x00,
        0xb4, 0x00, 0xb1, 0x00, 0x52, 0x01, 0xdb, 0x00, 0x7d, 0x01, 0x7c, 0x01, 0xcb, 0x00, 0x3f, 0x01,
        0x6f, 0x01, 0x6f, 0x01, 0x74, 0x01, 0x91, 0x01, 0xfe, 0x00, 0x20, 0x82, 0x89, 0x00, 0x8e, 0x00,
        0x76, 0x01, 0x2a, 0x00, 0x50, 0x82, 0x7d, 0x01, 0xa0, 0x01, 0x5e, 0x01, 0xcb, 0x00, 0x4e, 0x01,
        0x89, 0x00, 0x8e, 0x00, 0x09, 0x84, 0x0f, 0x01, 0x79, 0x01, 0x1c, 0x01, 0x85, 0x00, 0xbd, 0x00,
        0xaf, 0x00, 0x11, 0x01, 0x67, 0x01, 0x01, 0x01, 0x34, 0x01, 0x62, 0x00, 0x48, 0x01, 0xac, 0x00,
        0x5f, 0x01, 0x7d, 0x01, 0x25, 0x00, 0xc2, 0x00, 0x93, 0x00, 0x32, 0x01, 0x2a, 0x00, 0x0d, 0x00,
        0x69, 0x01, 0x8a, 0x00, 0x77, 0x01, 0x8c, 0x01, 0x60, 0x00, 0xf0, 0x00, 0xce, 0x00, 0xad, 0x00,
        0x1b, 0x01, 0x6c, 0x00, 0x8b, 0x00, 0x93, 0x00, 0x46, 0x01, 0x75, 0x01, 0x91, 0x01, 0x5d, 0x80,
        0x2b, 0x01, 0x7e, 0x01, 0x9e, 0x01, 0xd3, 0x00, 0x41, 0x01, 0x8a, 0x00, 0x75, 0x01, 0x8e, 0x00,
        0x85, 0x00, 0x63, 0x00, 0x5a, 0x00, 0x8a, 0x01, 0x08, 0x01, 0xc5, 0x00, 0x44, 0x01, 0x7e, 0x01,
        0x69, 0x01, 0x1b, 0x01, 0x34, 0x01, 0x93, 0x01, 0x37, 0x00, 0x5f, 0x01, 0x52, 0x01, 0xba, 0x00,
        0x1b, 0x01, 0x49, 0x01, 0x12, 0x01, 0x8b, 0x01, 0x3e, 0x01, 0x33, 0x01, 0x46, 0x01, 0x9c, 0x00,
        0x64, 0x01, 0x6c, 0x00, 0x06, 0x01, 0x65, 0x00, 0x65, 0x00, 0x44, 0x01, 0xf7, 0x00, 0x4a, 0x01,
        0x66, 0x00, 0x30, 0x00, 0x45, 0x00, 0xec, 0x00, 0x89, 0x00, 0x3d, 0x01, 0x6b, 0x00, 0x2f, 0x00,
        0x09, 0x01, 0x1f, 0x00, 0x08, 0x01, 0x83, 0x00, 0xcb, 0x00, 0x6e, 0x01, 0x64, 0x00, 0x65, 0x00,
        0x9d, 0x01, 0x59, 0x01, 0x0a, 0x01, 0x74, 0x01, 0x45, 0x00, 0x8a, 0x00, 0xdf, 0x83, 0xa3, 0x01,
        0x3e, 0x00, 0xbc, 0x00, 0xa4, 0x80, 0x96, 0x01, 0x26, 0x01, 0x64, 0x01, 0x89, 0x00, 0xb4, 0x00,
        0x86, 0x00, 0x7b, 0x01, 0x08, 0x01, 0x73, 0x00, 0x62, 0x00, 0x62, 0x00, 0x56, 0x01, 0x82, 0x00,
        0x06, 0x01, 0x29, 0x01, 0x37, 0x00, 0xfc, 0x00, 0x7c, 0x01, 0x81, 0x00, 0x8c, 0x00, 0x81, 0x00,
        0x84, 0x00, 0x71, 0x00, 0xe7, 0x00, 0x77, 0x01, 0x65, 0x00, 0x9a, 0x00, 0x71, 0x00, 0x71, 0x00,
        0x1a, 0x00, 0xc7, 0x00, 0x8f, 0x00, 0x43, 0x00, 0x9a, 0x01, 0x89, 0x84, 0xad, 0x00, 0x25, 0x00,
        0xb1, 0x81, 0xb2, 0x00, 0x6d, 0x01, 0x0d, 0x01, 0x3a, 0x01, 0x58, 0x00, 0x53, 0x01, 0x6f, 0x00,
        0x86, 0x01, 0x41, 0x01, 0xb0, 0x00, 0xbe, 0x00, 0xb5, 0x00, 0xce, 0x00, 0xbd, 0x00, 0x23, 0x00,
        0x41, 0x01, 0x9c, 0x00, 0x2a, 0x00, 0x49, 0x01, 0x10, 0x00, 0xbe, 0x00, 0x92, 0x00, 0x8f, 0x01,
        0x8a, 0x01, 0x36, 0x01, 0x8d, 0x01, 0xc7, 0x00, 0x2f, 0x85, 0xe6, 0x00, 0x74, 0x01, 0x50, 0x01,
        0xfc, 0x00, 0x96, 0x01, 0x2b, 0x01, 0x64, 0x01, 0x11, 0x01, 0x7c, 0x00, 0x8b, 0x00, 0x33, 0x00,
        0x89, 0x00, 0x73, 0x01, 0x09, 0x01, 0x70, 0x01, 0x79, 0x01, 0x56, 0x00, 0x71, 0x01, 0x93, 0x01,
        0x0a, 0x01, 0xa3, 0x01, 0x33, 0x00, 0x05, 0x01, 0x36, 0x01, 0x82, 0x00, 0xa7, 0x00, 0x91, 0x01,
        0xa4, 0x01, 0x7f, 0x01, 0x2d, 0x01, 0x64, 0x01, 0x30, 0x00, 0x45, 0x00, 0x57, 0x00, 0x63, 0x00,
        0xd5, 0x00, 0x63, 0x01, 0x0a, 0x01, 0x16, 0x01, 0xb8, 0x00, 0xba, 0x00, 0x0a, 0x01, 0x66, 0x01,
        0x21, 0x01, 0x58, 0x00, 0x8c, 0x01, 0x59, 0x01, 0x77, 0x84, 0x80, 0x01, 0x3c, 0x01, 0x50, 0x00,
        0x26, 0x00, 0x49, 0x01, 0xcd, 0x00, 0x93, 0x00, 0x3a, 0x81, 0x41, 0x01, 0x95, 0x00, 0x95, 0x00,
        0x45, 0x00, 0x86, 0x00, 0x89, 0x00, 0xf0, 0x00, 0x67, 0x01, 0x59, 0x01, 0xe9, 0x00, 0x20, 0x01,
        0x96, 0x01, 0x53, 0x01, 0x89, 0x01, 0x5b, 0x00, 0x0e, 0x01, 0x14, 0x01, 0x7c, 0x00, 0x08, 0x01,
        0x6c, 0x00, 0xba, 0x00, 0xae, 0x00, 0x65, 0x00, 0x2a, 0x00, 0x64, 0x01, 0x33, 0x01, 0x9e, 0x01,
        0x25, 0x01, 0x89, 0x00, 0x4c, 0x00, 0x90, 0x00, 0xbe, 0x00, 0x8b, 0x00, 0x2a, 0x00, 0x7e, 0x01,
        0x46, 0x01, 0x36, 0x01, 0x8c, 0x00, 0x48, 0x01, 0xb8, 0x00, 0xeb, 0x00, 0x78, 0x01, 0x64, 0x01,
        0x86, 0x00, 0x2d, 0x01, 0xa3, 0x01, 0x6f, 0x01, 0x26, 0x00, 0x63, 0x00, 0x93, 0x00, 0xa3, 0x01,
        0x77, 0x01, 0x0c, 0x01, 0x05, 0x01, 0x73, 0x01, 0xb0, 0x00, 0x5c, 0x00, 0x86, 0x00, 0x3d, 0x00,
        0x89, 0x00, 0x43, 0x01, 0x14, 0x00, 0x02, 0x01, 0x26, 0x00, 0x2a, 0x00, 0x97, 0x01, 0x1f, 0x83,
        0x89, 0x00, 0x8e, 0x00, 0x8a, 0x00, 0x0d, 0x01, 0x8b, 0x01, 0x8b, 0x00, 0x09, 0x01, 0x3e, 0x00,
        0x77, 0x01, 0x10, 0x00, 0x3f, 0x01, 0x30, 0x01, 0xb8, 0x00, 0xb2, 0x00, 0x1f, 0x00, 0xcd, 0x00,
        0x78, 0x01, 0x4a, 0x01, 0x47, 0x01, 0xcf, 0x00, 0x06, 0x01, 0x56, 0x01, 0xa4, 0x80, 0x88, 0x00,
        0x89, 0x00, 0x08, 0x01, 0xe3, 0x00, 0xe9, 0x00, 0x77, 0x01, 0x65, 0x00, 0xdf, 0x83, 0x78, 0x01,
        0xec, 0x00, 0x0d, 0x01, 0x73, 0x01, 0x06, 0x01, 0xce, 0x00, 0x8e, 0x01, 0x71, 0x00, 0x30, 0x00,
        0x89, 0x00, 0xa7, 0x00, 0x03, 0x01, 0x42, 0x00, 0x2a, 0x00, 0x66, 0x00, 0xcf, 0x00, 0x7c, 0x01,
        0x93, 0x01, 0x85, 0x00, 0x08, 0x01, 0xb0, 0x00, 0xb0, 0x00, 0x23, 0x01, 0xbe, 0x00, 0xb2, 0x00,
        0x36, 0x00, 0xc2, 0x00, 0xd1, 0x00, 0x86, 0x00, 0xf4, 0x00, 0xc2, 0x00, 0x93, 0x01, 0x65, 0x00,
        0x4d, 0x00, 0x7e, 0x01, 0xa1, 0x84, 0x5a, 0x00, 0x9d, 0x01, 0x40, 0x01, 0xb4, 0x00, 0x8c, 0x00,
        0x2a, 0x00, 0x0d, 0x01, 0x96, 0x01, 0xbe, 0x00, 0x73, 0x01, 0xb2, 0x00, 0x96, 0x01, 0x25, 0x00,
        0x8e, 0x00, 0x52, 0x00, 0x41, 0x01, 0x83, 0x00, 0xe7, 0x00, 0x7d, 0x01, 0xbc, 0x00, 0xab, 0x00,
        0x8d, 0x00, 0x66, 0x01, 0x71, 0x00, 0x93, 0x00, 0x68, 0x01, 0xb9, 0x00, 0x79, 0x01, 0x8b, 0x00,
        0x78, 0x01, 0x7c, 0x01, 0x79, 0x01, 0x67, 0x01, 0xeb, 0x00, 0x14, 0x00, 0x21, 0x00, 0xac, 0x00,
        0x93, 0x00, 0x3a, 0x01, 0x30, 0x01, 0x5e, 0x01, 0x33, 0x00, 0x11, 0x01, 0x10, 0x01, 0x19, 0x00,
        0x92, 0x00, 0x7d, 0x01, 0xc1, 0x00, 0xb2, 0x00, 0x36, 0x00, 0xbf, 0x00, 0x3d, 0x00, 0x95, 0x00,
        0x73, 0x01, 0xac, 0x00, 0xac, 0x00, 0x96, 0x01, 0xb0, 0x00, 0xb2, 0x00, 0x05, 0x00, 0xdc, 0x00,
        0x7d, 0x01, 0xb9, 0x00, 0x70, 0x00, 0x08, 0x01, 0x32, 0x00, 0x84, 0x00, 0x6a, 0x01, 0x7d, 0x01,
        0x77, 0x01, 0x08, 0x01, 0xf4, 0x00, 0x6e, 0x01, 0x23, 0x00, 0x2a, 0x00, 0x06, 0x01, 0x98, 0x00,
        0x77, 0x01, 0x95, 0x00, 0x64, 0x01, 0x6e, 0x01, 0x79, 0x00, 0x7d, 0x01, 0xa7, 0x00, 0xad, 0x00,
        0xa5, 0x00, 0x3d, 0x01, 0x64, 0x01, 0x13, 0x80, 0xb1, 0x85, 0x06, 0x01, 0x89, 0x81, 0x27, 0x00,
        0x0c, 0x01, 0xa5, 0x00, 0x99, 0x00, 0xa5, 0x00, 0x99, 0x00, 0x2d, 0x00, 0x2b, 0x01, 0x6d, 0x00,
        0x78, 0x01, 0x6a, 0x01, 0x69, 0x01, 0x7d, 0x01, 0x08, 0x01, 0x68, 0x01, 0x76, 0x01, 0x66, 0x00,
        0x63, 0x01, 0x48, 0x01, 0x8f, 0x00, 0xf4, 0x00, 0x81, 0x00, 0x4e, 0x01, 0x84, 0x00, 0x6e, 0x01,
        0xfb, 0x00, 0x64, 0x01, 0x68, 0x01, 0x89, 0x81, 0x39, 0x86, 0x2d, 0x01, 0x76, 0x00, 0x2a, 0x00,
        0x77, 0x01, 0x52, 0x00, 0x7d, 0x01, 0x31, 0x00, 0x84, 0x00, 0x93, 0x01, 0x92, 0x01, 0x32, 0x00,
        0x15, 0x00, 0x63, 0x01, 0x06, 0x01, 0x15, 0x00, 0x15, 0x00, 0x5b, 0x01, 0x93, 0x00, 0x08, 0x01,
        0x27, 0x00, 0x28, 0x01, 0x27, 0x00, 0x28, 0x01, 0x94, 0x01, 0x43, 0x01, 0x43, 0x01, 0xb2, 0x00,
        0x86, 0x01, 0x7d, 0x01, 0xb2, 0x00, 0x71, 0x00, 0x3b, 0x00, 0x52, 0x00, 0x3e, 0x01, 0x8b, 0x00,
        0x8f, 0x01, 0xd5, 0x00, 0xd5, 0x00, 0x75, 0x01, 0xd5, 0x00, 0x35, 0x00, 0x74, 0x01, 0x4f, 0x01,
        0x33, 0x01, 0x3b, 0x00, 0x2e, 0x01, 0x6e, 0x01, 0x71, 0x01, 0x36, 0x01, 0x18, 0x00, 0x95, 0x00,
        0xff, 0x00, 0x07, 0x01, 0x0f, 0x01, 0x41, 0x01, 0x0d, 0x01, 0x80, 0x01, 0xb4, 0x00, 0x77, 0x01,
        0x5f, 0x00, 0x61, 0x86, 0x76, 0x01, 0x18, 0x00, 0x87, 0x00, 0x3c, 0x00, 0x89, 0x00, 0x47, 0x00,
        0x91, 0x01, 0x80, 0x01, 0x5f, 0x01, 0x29, 0x00, 0x12, 0x00, 0x4e, 0x01, 0x8f, 0x00, 0x2e, 0x01,
        0x78, 0x01, 0x46, 0x00, 0x92, 0x00, 0x86, 0x00, 0x36, 0x00, 0x77, 0x01, 0x3c, 0x00, 0x4d, 0x00,
        0x8c, 0x00, 0xb4, 0x00, 0x12, 0x00, 0x4d, 0x00, 0x8b, 0x00, 0x8b, 0x00, 0x36, 0x01, 0xf4, 0x00,
        0x4e, 0x00, 0x96, 0x01, 0xfc, 0x86, 0x0d, 0x01, 0x77, 0x01, 0x2b, 0x01, 0x0a, 0x01, 0x9c, 0x00,
        0x68, 0x01, 0x71, 0x01, 0x45, 0x00, 0x86, 0x00, 0x86, 0x00, 0x6c, 0x00, 0x0a, 0x01, 0x89, 0x00,
        0x77, 0x01, 0xf4, 0x00, 0x86, 0x00, 0x4e, 0x00, 0x77, 0x01, 0x68, 0x01, 0x63, 0x01, 0x6f, 0x00,
        0xd7, 0x00, 0xcb, 0x00, 0xcb, 0x00, 0x01, 0x00, 0x8e, 0x00, 0x4d, 0x00, 0x7d, 0x01, 0x0d, 0x00,
        0x0d, 0x00, 0x0d, 0x00, 0xfd, 0x00, 0xfd, 0x00, 0x0d, 0x00, 0x21, 0x00, 0xc9, 0x00, 0x78, 0x00,
        0x17, 0x00, 0xfd, 0x00, 0xb7, 0x00, 0x8a, 0x00, 0x8c, 0x01, 0x24, 0x01, 0xd7, 0x00, 0x59, 0x01,
        0x71, 0x01, 0x56, 0x00, 0x1b, 0x01, 0x66, 0x01, 0x93, 0x00, 0xd7, 0x00, 0x78, 0x00, 0x0f, 0x01,
        0x4c, 0x00, 0x2b, 0x01, 0x48, 0x01, 0xfa, 0x00, 0x93, 0x00, 0x51, 0x00, 0x37, 0x00, 0x0d, 0x00,
        0x25, 0x01, 0x25, 0x01, 0xc9, 0x00, 0x24, 0x01, 0x36, 0x01, 0x36, 0x01, 0x59, 0x01, 0x79, 0x00,
        0x8b, 0x00, 0x46, 0x01, 0x25, 0x01, 0xc2, 0x00, 0xd7, 0x00, 0xc9, 0x00, 0x53, 0x01, 0x1b, 0x01,
        0x22, 0x00, 0x05, 0x01, 0xbe, 0x00, 0x8c, 0x01, 0x27, 0x01, 0x8c, 0x01, 0xcd, 0x00, 0xbe, 0x00,
        0x10, 0x01, 0x47, 0x00, 0x61, 0x86, 0x43, 0x00, 0xd2, 0x00, 0x95, 0x00, 0xf1, 0x84, 0x06, 0x01,
        0x00, 0x01, 0xda, 0x00, 0x06, 0x01, 0x3e, 0x00, 0x66, 0x01, 0x2d, 0x00, 0x5b, 0x00, 0x74, 0x01,
        0xdf, 0x00, 0x12, 0x00, 0x60, 0x00, 0x32, 0x01, 0x4b, 0x00, 0x0d, 0x01, 0x06, 0x01, 0x78, 0x01,
        0x64, 0x01, 0x75, 0x00, 0x74, 0x01, 0x02, 0x00, 0x72, 0x01, 0x9c, 0x00, 0x0d, 0x01, 0x72, 0x01,
        0x4b, 0x00, 0x3c, 0x00, 0xc2, 0x00, 0x0d, 0x01, 0x74, 0x01, 0x80, 0x01, 0x80, 0x01, 0x3b, 0x01,
        0x3b, 0x01, 0x92, 0x01, 0x13, 0x00, 0x7b, 0x01, 0x3d, 0x00, 0x3b, 0x01, 0xaf, 0x00, 0xe3, 0x00,
        0x58, 0x01, 0x58, 0x00, 0x25, 0x83, 0x52, 0x01, 0x93, 0x01, 0x0f, 0x01, 0x12, 0x00, 0x86, 0x01,
        0xcf, 0x00, 0x36, 0x00, 0x86, 0x00, 0x46, 0x00, 0x76, 0x00, 0x1f, 0x00, 0x9d, 0x01, 0x2d, 0x00,
        0x5c, 0x01, 0x58, 0x00, 0x3a, 0x00, 0x64, 0x01, 0x59, 0x01, 0xc8, 0x00, 0x0f, 0x01, 0x06, 0x01,
        0x2d, 0x01, 0x01, 0x01, 0x76, 0x00, 0x08, 0x01, 0x63, 0x01, 0x63, 0x01, 0x71, 0x01, 0x3e, 0x01,
        0x1d, 0x01, 0x6a, 0x00, 0x8c, 0x00, 0x27, 0x00, 0x63, 0x01, 0x55, 0x01, 0x92, 0x00, 0x2a, 0x86,
        0x93, 0x01, 0x93, 0x01, 0x08, 0x01, 0xce, 0x00, 0x6c, 0x00, 0x5d, 0x01, 0x90, 0x00, 0x90, 0x00,
        0x20, 0x01, 0x96, 0x00, 0x7f, 0x00, 0x47, 0x01, 0x11, 0x01, 0x89, 0x00, 0x0e, 0x00, 0x0e, 0x00,
        0x63, 0x00, 0x5f, 0x01, 0x94, 0x01, 0x59, 0x00, 0x6c, 0x01, 0x95, 0x00, 0x81, 0x00, 0xea, 0x00,
        0x06, 0x01, 0x5b, 0x00, 0x6e, 0x01, 0x6e, 0x01, 0x0c, 0x01, 0x77, 0x01, 0x61, 0x01, 0x80, 0x01,
        0x7e, 0x01, 0x77, 0x00, 0x73, 0x01, 0x40, 0x81, 0x25, 0x00, 0x3c, 0x00, 0x7c, 0x01, 0x56, 0x82,
        0x81, 0x00, 0x88, 0x00, 0x06, 0x01, 0xd7, 0x00, 0xf1, 0x00, 0xcb, 0x00, 0xdb, 0x81, 0xcf, 0x00,
        0xce, 0x00, 0x28, 0x00, 0xf8, 0x00, 0x0d, 0x00, 0x2b, 0x01, 0x93, 0x01, 0xfa, 0x00, 0xf7, 0x00,
        0x9b, 0x01, 0x81, 0x01, 0x6b, 0x00, 0xba, 0x00, 0x03, 0x85, 0x86, 0x01, 0x5c, 0x00, 0xf4, 0x00,
        0xb2, 0x00, 0xc0, 0x00, 0x19, 0x00, 0x5c, 0x00, 0x5e, 0x01, 0x81, 0x00, 0xd5, 0x00, 0xcb, 0x00,
        0x36, 0x01, 0x93, 0x00, 0x81, 0x01, 0x59, 0x01, 0x59, 0x01, 0x59, 0x01, 0x79, 0x00, 0xb2, 0x00,
        0xce, 0x00, 0x77, 0x01, 0x57, 0x00, 0x5a, 0x00, 0x7c, 0x01, 0x4f, 0x01, 0x93, 0x01, 0x8e, 0x01,
        0x6c, 0x00, 0x8c, 0x01, 0x73, 0x01, 0x3e, 0x01, 0xa6, 0x00, 0x91, 0x00, 0x93, 0x00, 0x69, 0x01,
        0x0f, 0x01, 0x77, 0x01, 0x8a, 0x00, 0x94, 0x01, 0x11, 0x01, 0xb9, 0x80, 0x86, 0x00, 0x8f, 0x80,
        0x0b, 0x00, 0x86, 0x01, 0x96, 0x01, 0xaf, 0x00, 0x7c, 0x01, 0x6c, 0x00, 0x7f, 0x00, 0x63, 0x00,
        0x57, 0x00, 0xc9, 0x00, 0x3e, 0x01, 0x81, 0x00, 0x02, 0x01, 0x32, 0x00, 0x58, 0x00, 0x93, 0x01,
        0x41, 0x01, 0xe9, 0x00, 0x26, 0x00, 0xb9, 0x00, 0xf9, 0x00, 0x14, 0x00, 0x06, 0x01, 0x3e, 0x01,
        0xe3, 0x00, 0x93, 0x00, 0x23, 0x01, 0x96, 0x01, 0x33, 0x01, 0xb0, 0x00, 0x6f, 0x01, 0x95, 0x00,
        0x60, 0x00, 0xf7, 0x00, 0xd2, 0x00, 0x47, 0x01, 0x74, 0x01, 0x89, 0x00, 0x7b, 0x01, 0x6f, 0x00,
        0x0c, 0x00, 0x70, 0x01, 0xbd, 0x84, 0xbe, 0x00, 0x3c, 0x00, 0xcc, 0x84, 0x69, 0x01, 0x03, 0x01,
        0x86, 0x01, 0x90, 0x00, 0x78, 0x01, 0xf7, 0x00, 0x8e, 0x00, 0x76, 0x01, 0x86, 0x00, 0x86, 0x00,
        0x82, 0x01, 0x26, 0x00, 0x78, 0x01, 0x5e, 0x01, 0x80, 0x00, 0x8b, 0x00, 0x74, 0x01, 0xb7, 0x00,
        0x3e, 0x01, 0x89, 0x00, 0x56, 0x00, 0x6b, 0x01, 0x60, 0x00, 0x00, 0x86, 0xa2, 0x85, 0x93, 0x01,
        0x78, 0x01, 0x63, 0x01, 0xcf, 0x86, 0x9b, 0x00, 0x96, 0x01, 0x8c, 0x00, 0xc1, 0x00, 0xc1, 0x00,
        0x02, 0x00, 0x32, 0x82, 0x4e, 0x01, 0xd6, 0x00, 0xb0, 0x00, 0x77, 0x01, 0xce, 0x00, 0x11, 0x01,
        0x8f, 0x00, 0x03, 0x01, 0x5e, 0x01, 0x68, 0x01, 0x69, 0x01, 0x7f, 0x00, 0x6e, 0x01, 0x41, 0x01,
        0xa6, 0x00, 0x4a, 0x01, 0x0b, 0x01, 0x93, 0x00, 0x56, 0x00, 0x95, 0x01, 0x1d, 0x01, 0x02, 0x01,
        0x71, 0x01, 0x6c, 0x01, 0x93, 0x01, 0x70, 0x00, 0x84, 0x00, 0xd3, 0x00, 0x88, 0x00, 0x5a, 0x01,
        0x07, 0x01, 0x80, 0x85, 0x63, 0x01, 0x10, 0x01, 0xba, 0x00, 0x77, 0x01, 0x8a, 0x00, 0x90, 0x00,
        0xe5, 0x83, 0x8c, 0x00, 0x8d, 0x00, 0x91, 0x01, 0x34, 0x01, 0x9d, 0x01, 0x1b, 0x00, 0x57, 0x00,
        0xa7, 0x83, 0x89, 0x00, 0xba, 0x00, 0x21, 0x00, 0x87, 0x00, 0x85, 0x83, 0xeb, 0x00, 0x71, 0x01,
        0x8f, 0x00, 0xb7, 0x00, 0x0f, 0x01, 0x5e, 0x01, 0x8f, 0x01, 0x43, 0x84, 0x76, 0x00, 0x08, 0x00,
        0xc8, 0x00, 0x9d, 0x01, 0x7c, 0x01, 0x64, 0x01, 0x14, 0x00, 0x4c, 0x00, 0x84, 0x00, 0x7f, 0x00,
        0x77, 0x01, 0x05, 0x01, 0x79, 0x01, 0xac, 0x00, 0x78, 0x00, 0xad, 0x00, 0x76, 0x00, 0x4d, 0x83,
        0x69, 0x00, 0x60, 0x00, 0x63, 0x01, 0x8f, 0x84, 0x30, 0x00, 0x5c, 0x00, 0x77, 0x01, 0x7d, 0x01,
        0x53, 0x01, 0xae, 0x00, 0x75, 0x00, 0x8f, 0x00, 0x8a, 0x00, 0x28, 0x00, 0x91, 0x00, 0xcb, 0x00,
        0x43, 0x01, 0x26, 0x00, 0xfa, 0x00, 0x66, 0x01, 0x32, 0x01, 0x55, 0x01, 0xa8, 0x00, 0x02, 0x01,
        0xe7, 0x00, 0x76, 0x00, 0x90, 0x00, 0x68, 0x01, 0x30, 0x01, 0xe4, 0x00, 0x55, 0x01, 0x65, 0x81,
        0x68, 0x01, 0x66, 0x01, 0x52, 0x01, 0x52, 0x00, 0x41, 0x01, 0x58, 0x01, 0x94, 0x00, 0x1d, 0x00,
        0x4e, 0x01, 0xb2, 0x00, 0x3b, 0x01, 0x3e, 0x01, 0xb0, 0x00, 0x3b, 0x01, 0x4a, 0x01, 0x4d, 0x00,
        0xae, 0x00, 0xab, 0x00, 0xb4, 0x00, 0x5e, 0x01, 0x3b, 0x83, 0x80, 0x01, 0x84, 0x00, 0x43, 0x00,
        0x7c, 0x00, 0x21, 0x01, 0x8b, 0x00, 0x8d, 0x01, 0x28, 0x01, 0x60, 0x00, 0x6f, 0x00, 0x6b, 0x01,
        0x35, 0x01, 0x39, 0x01, 0x72, 0x01, 0x31, 0x00, 0x8d, 0x01, 0x76, 0x01, 0xa0, 0x00, 0xc6, 0x86,
        0x76, 0x00, 0x59, 0x01, 0x4b, 0x00, 0x79, 0x00, 0x61, 0x01, 0x93, 0x00, 0x30, 0x01, 0xb5, 0x00,
        0x87, 0x00, 0x46, 0x01, 0x9d, 0x01, 0x45, 0x00, 0x0b, 0x01, 0x3f, 0x00, 0x94, 0x00, 0x9e, 0x01,
        0x64, 0x01, 0x68, 0x01, 0x06, 0x01, 0x6c, 0x00, 0x73, 0x00, 0x73, 0x01, 0xb8, 0x00, 0x49, 0x01,
        0x95, 0x01, 0xfc, 0x00, 0x78, 0x00, 0x22, 0x00, 0x36, 0x01, 0x06, 0x01, 0x59, 0x00, 0x93, 0x01,
        0xbe, 0x00, 0xdd, 0x00, 0x93, 0x00, 0x4a, 0x01, 0x33, 0x00, 0xb0, 0x00, 0x8f, 0x01, 0x8c, 0x85,
        0x5a, 0x00, 0x3f, 0x01, 0x4f, 0x01, 0xfd, 0x00, 0x3c, 0x00, 0x7d, 0x01, 0xe3, 0x00, 0x7d, 0x01,
        0xbe, 0x00, 0x63, 0x00, 0xce, 0x00, 0x90, 0x00, 0xb9, 0x00, 0xc0, 0x00, 0x78, 0x01, 0x37, 0x00,
        0x10, 0x01, 0x83, 0x00, 0x7d, 0x01, 0xe4, 0x00, 0x32, 0x01, 0x10, 0x00, 0x30, 0x00, 0x81, 0x00,
        0x7e, 0x01, 0xab, 0x00, 0x87, 0x00, 0x0d, 0x01, 0x73, 0x01, 0xe5, 0x83, 0x4f, 0x01, 0xd0, 0x00,
        0x93, 0x01, 0x78, 0x01, 0x14, 0x00, 0x0b, 0x00, 0x7e, 0x01, 0x5f, 0x01, 0x22, 0x01, 0x5a, 0x00,
        0x0d, 0x01, 0x7e, 0x01, 0x9c, 0x00, 0x89, 0x00, 0x30, 0x01, 0x7e, 0x01, 0x28, 0x01, 0xbe, 0x00,
        0x9e, 0x01, 0x4d, 0x00, 0x77, 0x01, 0x8b, 0x00, 0x1f, 0x85, 0xf6, 0x00, 0x64, 0x01, 0x7d, 0x01,
        0x7e, 0x01, 0x32, 0x01, 0x32, 0x01, 0x1c, 0x01, 0x84, 0x00, 0x96, 0x01, 0x8b, 0x00, 0xee, 0x00,
        0x7d, 0x01, 0x0f, 0x01, 0x52, 0x01, 0x10, 0x01, 0x4d, 0x00, 0x58, 0x00, 0x8a, 0x01, 0x14, 0x00,
        0x61, 0x01, 0x3b, 0x83, 0x43, 0x00, 0x5e, 0x01, 0x5f, 0x01, 0x1d, 0x01, 0x69, 0x01, 0x1b, 0x00,
        0x5e, 0x01, 0x79, 0x00, 0x64, 0x00, 0x73, 0x01, 0x7f, 0x00, 0x6f, 0x01, 0xce, 0x00, 0x9c, 0x00,
        0xc9, 0x00, 0x79, 0x01, 0x73, 0x01, 0x7c, 0x01, 0x7f, 0x00, 0xd0, 0x00, 0x33, 0x01, 0xcb, 0x00,
        0x82, 0x01, 0x87, 0x00, 0xda, 0x00, 0x71, 0x00, 0x27, 0x00, 0x52, 0x00, 0xf6, 0x00, 0xcb, 0x00,
        0xb4, 0x00, 0x06, 0x01, 0x06, 0x01, 0xcb, 0x00, 0x4f, 0x01, 0x34, 0x00, 0x5e, 0x01, 0x18, 0x00,
        0x56, 0x01, 0xcf, 0x00, 0x86, 0x00, 0xd5, 0x00, 0x6e, 0x01, 0x89, 0x00, 0xfb, 0x00, 0x8b, 0x00,
        0x8b, 0x00, 0x81, 0x00, 0x5c, 0x00, 0x67, 0x01, 0x77, 0x01, 0x78, 0x01, 0x8c, 0x01, 0x34, 0x01,
        0x8e, 0x00, 0x4f, 0x81, 0x85, 0x00, 0x48, 0x01, 0x7d, 0x01, 0x0d, 0x00, 0xd2, 0x00, 0x34, 0x01,
        0x55, 0x01, 0x33, 0x01, 0x7b, 0x01, 0x93, 0x00, 0x4b, 0x00, 0x56, 0x01, 0xf7, 0x83, 0x8d, 0x00,
        0x0f, 0x01, 0xfc, 0x86, 0x2a, 0x86, 0xbc, 0x00, 0x88, 0x00, 0x7e, 0x01, 0xdb, 0x00, 0x07, 0x00,
        0x7c, 0x01, 0x11, 0x01, 0x9a, 0x01, 0xb5, 0x00, 0x21, 0x00, 0x66, 0x01, 0x30, 0x00, 0xe7, 0x00,
        0x9e, 0x01, 0x5c, 0x01, 0x34, 0x01, 0xc7, 0x00, 0x79, 0x01, 0xaa, 0x00, 0xaa, 0x83, 0x5c, 0x00,
        0x8b, 0x00, 0x6e, 0x01, 0xbd, 0x00, 0x5e, 0x01, 0x62, 0x00, 0x14, 0x00, 0x79, 0x01, 0x03, 0x01,
        0x8f, 0x00, 0x73, 0x01, 0x49, 0x01, 0x7e, 0x01, 0x45, 0x01, 0x7e, 0x01, 0xb4, 0x00, 0x75, 0x01,
        0xcd, 0x00, 0x9c, 0x01, 0x26, 0x00, 0x9c, 0x00, 0x47, 0x01, 0xdb, 0x81, 0x5a, 0x01, 0xba, 0x00,
        0x6b, 0x00, 0x27, 0x01, 0xd3, 0x00, 0x8a, 0x01, 0x34, 0x01, 0x77, 0x01, 0xc0, 0x00, 0xc5, 0x00,
        0x05, 0x01, 0x5e, 0x01, 0xb2, 0x00, 0x82, 0x01, 0x63, 0x01, 0x64, 0x01, 0x5f, 0x01, 0x09, 0x01,
        0x86, 0x01, 0x34, 0x01, 0x41, 0x01, 0x01, 0x00, 0xd8, 0x85, 0x40, 0x01, 0x80, 0x01, 0x6d, 0x01,
        0x78, 0x01, 0x1b, 0x01, 0x87, 0x00, 0x41, 0x01, 0x45, 0x01, 0x5f, 0x85, 0x46, 0x01, 0x34, 0x01,
        0x1d, 0x01, 0x01, 0x00, 0xf7, 0x00, 0x83, 0x81, 0x2a, 0x00, 0xf8, 0x00, 0x60, 0x01, 0x19, 0x00,
        0xd1, 0x00, 0x66, 0x00, 0x45, 0x00, 0x78, 0x00, 0x85, 0x00, 0x64, 0x01, 0x9e, 0x01, 0x43, 0x00,
        0x93, 0x01, 0xea, 0x86, 0x60, 0x00, 0x8e, 0x00, 0x82, 0x00, 0x66, 0x00, 0x9e, 0x01, 0x4a, 0x01,
        0x4d, 0x01, 0x43, 0x01, 0x0d, 0x00, 0x8d, 0x00, 0x86, 0x00, 0x72, 0x00, 0x78, 0x01, 0x65, 0x00,
        0xbc, 0x00, 0x93, 0x01, 0x73, 0x01, 0x30, 0x01, 0xc7, 0x00, 0x79, 0x01, 0x30, 0x00, 0xc2, 0x00,
        0xac, 0x00, 0xbf, 0x00, 0xde, 0x86, 0x12, 0x00, 0x48, 0x01, 0x7d, 0x01, 0x6d, 0x01, 0x81, 0x00,
        0x0d, 0x00, 0x10, 0x00, 0x93, 0x01, 0x8c, 0x00, 0xa1, 0x00, 0x32, 0x01, 0x2e, 0x01, 0x43, 0x00,
        0xce, 0x00, 0x04, 0x00, 0xbe, 0x00, 0x81, 0x00, 0x81, 0x00, 0x7c, 0x01, 0x21, 0x00, 0x58, 0x00,
        0x7b, 0x01, 0x72, 0x00, 0xc7, 0x00, 0x0d, 0x01, 0x7d, 0x01, 0xff, 0x00, 0x89, 0x00, 0x72, 0x01,
        0x23, 0x00, 0x06, 0x01, 0x64, 0x01, 0x89, 0x00, 0xbe, 0x00, 0xbd, 0x00, 0xbc, 0x00, 0x8f, 0x00,
        0x73, 0x00, 0x33, 0x00, 0xbd, 0x00, 0x93, 0x01, 0x62, 0x00, 0x09, 0x01, 0xb2, 0x00, 0x73, 0x01,
        0x1a, 0x00, 0x8d, 0x00, 0x33, 0x00, 0x30, 0x00, 0x56, 0x01, 0xf4, 0x00, 0x4d, 0x01, 0x76, 0x01,
        0x64, 0x01, 0xce, 0x00, 0x49, 0x01, 0xd5, 0x00, 0x2e, 0x01, 0x76, 0x00, 0xb4, 0x00, 0xac, 0x00,
        0x5a, 0x01, 0x27, 0x00, 0x63, 0x00, 0x5c, 0x00, 0x6f, 0x01, 0x77, 0x01, 0xc7, 0x00, 0x9e, 0x01,
        0xc8, 0x00, 0x9a, 0x00, 0xcf, 0x84, 0xfc, 0x00, 0x36, 0x01, 0x8d, 0x01, 0x8d, 0x01, 0x5e, 0x81,
        0x6e, 0x01, 0x84, 0x00, 0x88, 0x00, 0x8b, 0x00, 0x73, 0x01, 0x3a, 0x01, 0xb6, 0x00, 0x37, 0x00,
        0x4e, 0x01, 0x74, 0x01, 0x8c, 0x00, 0x33, 0x00, 0x79, 0x01, 0x7f, 0x00, 0x6d, 0x01, 0x36, 0x01,
        0x6f, 0x00, 0x79, 0x01, 0x68, 0x01, 0x9f, 0x01, 0xa8, 0x00, 0x6e, 0x01, 0xb4, 0x00, 0x93, 0x01,
        0x5e, 0x01, 0xfd, 0x00, 0x7d, 0x01, 0x8d, 0x00, 0x03, 0x01, 0x3d, 0x00, 0x86, 0x00, 0x8e, 0x00,
        0x63, 0x01, 0xf5, 0x00, 0x89, 0x00, 0xf7, 0x00, 0x5e, 0x01, 0x41, 0x01, 0x08, 0x01, 0x08, 0x01,
        0x64, 0x01, 0xbe, 0x00, 0x64, 0x01, 0x71, 0x01, 0x50, 0x00, 0x85, 0x00, 0xd2, 0x00, 0x21, 0x01,
        0x41, 0x01, 0x77, 0x84, 0x91, 0x01, 0x33, 0x00, 0x77, 0x01, 0x8f, 0x01, 0x5c, 0x01, 0x2d, 0x01,
        0x48, 0x01, 0x23, 0x00, 0x71, 0x01, 0xa7, 0x00, 0x76, 0x01, 0x2f, 0x01, 0x55, 0x01, 0x96, 0x01,
        0x23, 0x01, 0x7a, 0x00, 0x0d, 0x00, 0x2d, 0x01, 0x21, 0x00, 0x21, 0x00, 0x36, 0x01, 0x53, 0x01,
        0x05, 0x01, 0xb8, 0x00, 0x5e, 0x01, 0x28, 0x01, 0x28, 0x01, 0x26, 0x00, 0x91, 0x00, 0x49, 0x81,
        0x82, 0x00, 0x8d, 0x00, 0xae, 0x00, 0x24, 0x00, 0x63, 0x00, 0x38, 0x00, 0x7f, 0x00, 0x3e, 0x01,
        0x36, 0x01, 0xfc, 0x00, 0x76, 0x00, 0x80, 0x01, 0xba, 0x00, 0x7f, 0x00, 0x60, 0x00, 0x78, 0x00,
        0x79, 0x00, 0x66, 0x01, 0x8b, 0x00, 0x2d, 0x01, 0x64, 0x01, 0x7d, 0x01, 0xbe, 0x00, 0xac, 0x00,
        0xe9, 0x00, 0x7d, 0x01, 0xb8, 0x00, 0x1f, 0x85, 0x85, 0x01, 0x3d, 0x00, 0x84, 0x00, 0x86, 0x01,
        0x69, 0x01, 0x7d, 0x01, 0xb2, 0x00, 0x34, 0x01, 0x70, 0x01, 0xb9, 0x00, 0x5c, 0x01, 0x9e, 0x01,
        0x7b, 0x01, 0xa7, 0x83, 0x18, 0x00, 0xb4, 0x00, 0x45, 0x00, 0x76, 0x01, 0x04, 0x00, 0x84, 0x00,
        0x91, 0x01, 0x21, 0x00, 0xc7, 0x00, 0x3c, 0x00, 0xea, 0x81, 0x77, 0x01, 0x43, 0x01, 0xfd, 0x00,
        0x93, 0x00, 0x46, 0x01, 0x0c, 0x01, 0x89, 0x00, 0x9d, 0x01, 0xb4, 0x00, 0xeb, 0x00, 0x73, 0x00,
        0x8f, 0x00, 0x5b, 0x00, 0x28, 0x01, 0x89, 0x00, 0x43, 0x01, 0x86, 0x00, 0x2a, 0x00, 0x46, 0x01,
        0x3f, 0x01, 0x49, 0x00, 0x28, 0x01, 0x96, 0x01, 0xab, 0x00, 0x12, 0x00, 0xb4, 0x00, 0xce, 0x00,
        0x34, 0x01, 0x36, 0x01, 0xce, 0x00, 0xe9, 0x00, 0x79, 0x01, 0x79, 0x01, 0xcd, 0x00, 0x8f, 0x00,
        0x06, 0x01, 0x0d, 0x00, 0x89, 0x00, 0x78, 0x00, 0x1d, 0x01, 0x37, 0x00, 0x61, 0x01, 0x4a, 0x01,
        0x78, 0x01, 0x78, 0x01, 0x4f, 0x00, 0x32, 0x00, 0x88, 0x00, 0x0d, 0x01, 0xac, 0x00, 0x43, 0x84,
        0x01, 0x00, 0x05, 0x01, 0x9d, 0x01, 0x5e, 0x01, 0x12, 0x00, 0x6c, 0x00, 0x08, 0x01, 0x79, 0x01,
        0x12, 0x00, 0xa9, 0x00, 0x5a, 0x00, 0x19, 0x00, 0xca, 0x00, 0x8b, 0x00, 0x5e, 0x01, 0xc1, 0x00,
        0x83, 0x01, 0xc2, 0x00, 0xb2, 0x00, 0x7c, 0x01, 0x74, 0x01, 0xbe, 0x00, 0x3e, 0x01, 0x93, 0x01,
        0x79, 0x01, 0x4d, 0x00, 0x5d, 0x01, 0x86, 0x00, 0x69, 0x01, 0xf7, 0x00, 0x32, 0x01, 0x10, 0x00,
        0x21, 0x00, 0xd5, 0x00, 0xba, 0x00, 0x8b, 0x00, 0x6d, 0x80, 0x28, 0x01, 0x26, 0x00, 0x6c, 0x00,
        0x12, 0x00, 0x88, 0x00, 0x66, 0x01, 0xbe, 0x00, 0x0c, 0x01, 0x76, 0x00, 0x79, 0x01, 0x1b, 0x01,
        0xb2, 0x00, 0x90, 0x00, 0x68, 0x01, 0x79, 0x01, 0x43, 0x01, 0x5e, 0x01, 0x69, 0x01, 0x83, 0x00,
        0x70, 0x01, 0x96, 0x01, 0xbd, 0x84, 0xab, 0x00, 0x4f, 0x00, 0x58, 0x00, 0x81, 0x00, 0xab, 0x00,
        0x36, 0x01, 0xb9, 0x00, 0x79, 0x01, 0xce, 0x00, 0x89, 0x00, 0xb4, 0x00, 0x8b, 0x00, 0x79, 0x01,
        0x5b, 0x00, 0xb8, 0x00, 0x77, 0x01, 0x8b, 0x00, 0x7f, 0x01, 0x21, 0x00, 0x3b, 0x00, 0x15, 0x01,
        0x8b, 0x00, 0xac, 0x00, 0x58, 0x00, 0x3a, 0x01, 0x7e, 0x01, 0x9d, 0x01, 0x5c, 0x00, 0x30, 0x01,
        0xb0, 0x00, 0xac, 0x00, 0x33, 0x00, 0x10, 0x01, 0x7b, 0x01, 0x08, 0x01, 0x57, 0x00, 0x6f, 0x00,
        0x95, 0x00, 0x73, 0x01, 0x78, 0x00, 0x79, 0x01, 0x23, 0x01, 0x83, 0x01, 0xbf, 0x00, 0x73, 0x01,
        0xb2, 0x00, 0xce, 0x00, 0x2d, 0x01, 0x48, 0x01, 0x3d, 0x00, 0x8d, 0x00, 0x21, 0x00, 0x79, 0x01,
        0x78, 0x00, 0x05, 0x00, 0x96, 0x01, 0xac, 0x00, 0xac, 0x00, 0xdc, 0x00, 0x5c, 0x01, 0xbf, 0x00,
        0x71, 0x01, 0x66, 0x01, 0x73, 0x01, 0x63, 0x00, 0x73, 0x01, 0x7d, 0x01, 0x88, 0x00, 0x10, 0x00,
        0xd1, 0x00, 0x70, 0x00, 0x42, 0x00, 0x86, 0x00, 0x68, 0x01, 0x68, 0x01, 0x86, 0x00, 0x7f, 0x00,
        0xb9, 0x00, 0x85, 0x01, 0x99, 0x01, 0x92, 0x00, 0x8a, 0x01, 0x69, 0x01, 0x27, 0x00, 0x9d, 0x01,
        0x82, 0x01, 0x82, 0x01, 0x18, 0x00, 0x74, 0x01, 0x06, 0x01, 0x94, 0x01, 0x5b, 0x00, 0xea, 0x00,
        0x22, 0x83, 0x5f, 0x01, 0x05, 0x01, 0x77, 0x01, 0xbe, 0x00, 0x2f, 0x00, 0xfd, 0x00, 0x98, 0x00,
        0xf7, 0x00, 0x73, 0x01, 0x98, 0x00, 0xf8, 0x00, 0xd7, 0x00, 0x23, 0x00, 0xb6, 0x00, 0x32, 0x83,
        0x9a, 0x00, 0x50, 0x00, 0x70, 0x00, 0x6a, 0x01, 0x93, 0x01, 0x70, 0x00, 0x70, 0x00, 0x5e, 0x01,
        0x09, 0x01, 0x0e, 0x00, 0x3a, 0x00, 0x65, 0x01, 0x92, 0x01, 0x96, 0x01, 0x9c, 0x00, 0x8e, 0x01,
        0x60, 0x00, 0x05, 0x00, 0x69, 0x01, 0x69, 0x01, 0xb9, 0x00, 0x9d, 0x01, 0x6f, 0x01, 0x93, 0x00,
        0x48, 0x01, 0x6a, 0x80, 0x91, 0x00, 0xf9, 0x00, 0x47, 0x01, 0x47, 0x01, 0x13, 0x00, 0x74, 0x01,
        0x53, 0x01, 0x2d, 0x01, 0x96, 0x01, 0x8a, 0x01, 0x45, 0x00, 0x5e, 0x01, 0x34, 0x01, 0xb4, 0x00,
        0x27, 0x00, 0x85, 0x00, 0x95, 0x01, 0x81, 0x00, 0x3d, 0x01, 0xac, 0x00, 0x52, 0x01, 0x8d, 0x00,
        0x6e, 0x01, 0x7c, 0x00, 0x11, 0x01, 0xb7, 0x00, 0x84, 0x00, 0x74, 0x01, 0x6d, 0x01, 0x6d, 0x01,
        0x66, 0x01, 0x78, 0x01, 0x63, 0x01, 0x95, 0x01, 0x75, 0x01, 0x34, 0x01, 0x5e, 0x01, 0x53, 0x01,
        0xd1, 0x00, 0x82, 0x01, 0x98, 0x00, 0x7f, 0x00, 0x7a, 0x84, 0x65, 0x01, 0x96, 0x01, 0x6f, 0x01,
        0x92, 0x01, 0x03, 0x01, 0xfc, 0x86, 0x86, 0x00, 0x70, 0x00, 0x24, 0x00, 0x86, 0x00, 0x9b, 0x00,
        0x93, 0x00, 0x58, 0x00, 0x2f, 0x01, 0x76, 0x01, 0x86, 0x00, 0xff, 0xff, 0x49, 0x01, 0x8f, 0x00,
        0x17, 0x01, 0xb7, 0x00, 0x64, 0x01, 0x60, 0x00, 0x91, 0x00, 0x69, 0x01, 0x05, 0x01, 0x52, 0x01,
        0x9d, 0x01, 0x52, 0x01, 0x5c, 0x01, 0x75, 0x00, 0xfc, 0x00, 0xad, 0x00, 0x21, 0x86, 0x6e, 0x01,
        0x5c, 0x00, 0x27, 0x00, 0x1b, 0x01, 0x81, 0x00, 0x64, 0x01, 0x36, 0x01, 0x79, 0x00, 0x71, 0x01,
        0xa2, 0x00, 0x94, 0x00, 0x68, 0x01, 0x64, 0x01, 0x73, 0x01, 0x76, 0x00, 0x9a, 0x01, 0x39, 0x84,
        0x43, 0x00, 0x69, 0x01, 0x89, 0x00, 0x63, 0x01, 0x73, 0x01, 0xc2, 0x00, 0x76, 0x00, 0x73, 0x01,
        0x84, 0x00, 0xcc, 0x00, 0x93, 0x00, 0xed, 0x81, 0x0a, 0x00, 0x5b, 0x00, 0xb8, 0x00, 0xa8, 0x00,
        0x87, 0x00, 0x58, 0x01, 0x64, 0x01, 0x37, 0x00, 0x35, 0x85, 0x7f, 0x00, 0x23, 0x00, 0x60, 0x00,
        0x61, 0x01, 0x8d, 0x00, 0x33, 0x00, 0x5c, 0x00, 0x02, 0x01, 0x0e, 0x01, 0x22, 0x01, 0x64, 0x01,
        0x0e, 0x01, 0x6a, 0x01, 0x31, 0x81, 0x73, 0x01, 0x73, 0x01, 0x77, 0x01, 0x95, 0x00, 0x7d, 0x01,
        0x64, 0x00, 0x14, 0x01, 0xfd, 0x00, 0x6c, 0x01, 0x64, 0x00, 0x33, 0x01, 0x22, 0x00, 0x2f, 0x01,
        0x6c, 0x01, 0xe4, 0x00, 0x69, 0x00, 0x5e, 0x01, 0x25, 0x00, 0x79, 0x00, 0xa7, 0x00, 0x94, 0x01,
        0x4e, 0x00, 0x65, 0x01, 0x86, 0x00, 0x5c, 0x00, 0xb4, 0x00, 0x6f, 0x01, 0x6b, 0x01, 0x85, 0x00,
        0x8d, 0x00, 0x8b, 0x00, 0x0d, 0x00, 0x79, 0x01, 0x96, 0x01, 0x5e, 0x01, 0x56, 0x01, 0x2d, 0x01,
        0x64, 0x01, 0x6e, 0x85, 0xee, 0x00, 0x21, 0x00, 0x73, 0x01, 0x91, 0x00, 0x91, 0x00, 0x7d, 0x01,
        0xcb, 0x00, 0x2b, 0x01, 0x5e, 0x01, 0x8a, 0x01, 0x8f, 0x00, 0x0e, 0x01, 0x1c, 0x01, 0xcb, 0x00,
        0x84, 0x00, 0x6e, 0x01, 0x8e, 0x01, 0x5e, 0x01, 0x58, 0x00, 0x0f, 0x01, 0x43, 0x01, 0x74, 0x01,
        0xb7, 0x00, 0x96, 0x01, 0x8e, 0x00, 0x85, 0x01, 0x6d, 0x00, 0x09, 0x00, 0x81, 0x00, 0x80, 0x01,
        0xdb, 0x00, 0x34, 0x01, 0xb5, 0x00, 0x0e, 0x00, 0x6b, 0x00, 0x57, 0x01, 0x49, 0x01, 0x23, 0x00,
        0x2d, 0x01, 0x54, 0x00, 0x14, 0x00, 0x85, 0x00, 0x69, 0x01, 0x64, 0x01, 0x63, 0x01, 0x64, 0x01,
        0x80, 0x01, 0x79, 0x00, 0x79, 0x00, 0x64, 0x01, 0x80, 0x01, 0x6c, 0x01, 0xda, 0x00, 0x2d, 0x01,
        0x0e, 0x01, 0x75, 0x01, 0x71, 0x01, 0xce, 0x00, 0xb4, 0x00, 0x79, 0x01, 0x63, 0x01, 0x1b, 0x01,
        0x6a, 0x00, 0x73, 0x01, 0x09, 0x01, 0xba, 0x00, 0x64, 0x01, 0x0d, 0x00, 0x10, 0x00, 0x33, 0x00,
        0xbe, 0x00, 0x8b, 0x00, 0x64, 0x86, 0x77, 0x01, 0xbd, 0x00, 0xfc, 0x00, 0x43, 0x01, 0x77, 0x01,
        0x4d, 0x01, 0x95, 0x00, 0x9f, 0x01, 0x15, 0x87, 0x81, 0x00, 0x77, 0x01, 0x93, 0x01, 0x04, 0x00,
        0x5e, 0x01, 0xba, 0x00, 0x76, 0x00, 0xf4, 0x00, 0x17, 0x01, 0x91, 0x00, 0xc7, 0x00, 0xa8, 0x00,
        0x2e, 0x01, 0x36, 0x00, 0x89, 0x01, 0x8b, 0x00, 0x64, 0x01, 0x64, 0x01, 0x64, 0x01, 0x77, 0x01,
        0x68, 0x01, 0x27, 0x00, 0x85, 0x00, 0x21, 0x00, 0x76, 0x01, 0x48, 0x01, 0x14, 0x01, 0x73, 0x01,
        0x71, 0x01, 0x0a, 0x01, 0x96, 0x00, 0x42, 0x00, 0x50, 0x00, 0x32, 0x01, 0x8d, 0x00, 0x5b, 0x00,
        0x3e, 0x01, 0xb6, 0x00, 0x7d, 0x01, 0xb8, 0x00, 0x53, 0x01, 0x2f, 0x01, 0x5b, 0x00, 0x58, 0x00,
        0x73, 0x01, 0x71, 0x01, 0xac, 0x00, 0xcb, 0x00, 0x49, 0x01, 0x77, 0x01, 0x91, 0x00, 0xcc, 0x00,
        0x90, 0x00, 0x8d, 0x00, 0x79, 0x01, 0x7d, 0x01, 0x77, 0x01, 0x70, 0x01, 0xac, 0x00, 0x47, 0x01,
        0x85, 0x01, 0x18, 0x00, 0x43, 0x01, 0x64, 0x01, 0x12, 0x01, 0x9f, 0x01, 0xb4, 0x00, 0x86, 0x00,
        0x96, 0x01, 0x69, 0x01, 0xb9, 0x00, 0x5e, 0x01, 0x77, 0x01, 0x69, 0x01, 0x8e, 0x01, 0x86, 0x00,
        0x3a, 0x00, 0xeb, 0x00, 0xac, 0x00, 0x1d, 0x01, 0x66, 0x01, 0x79, 0x00, 0x71, 0x01, 0x8f, 0x00,
        0x29, 0x00, 0xed, 0x81, 0x75, 0x01, 0x79, 0x00, 0xac, 0x00, 0x10, 0x00, 0x1b, 0x01, 0xb2, 0x00,
        0xd5, 0x00, 0x09, 0x00, 0x22, 0x01, 0xc2, 0x00, 0xaa, 0x00, 0x04, 0x00, 0x71, 0x01, 0xa6, 0x00,
        0x3d, 0x01, 0xb6, 0x00, 0xb2, 0x00, 0xbe, 0x00, 0x95, 0x00, 0xb6, 0x00, 0x73, 0x01, 0x64, 0x01,
        0x69, 0x01, 0xbc, 0x00, 0x76, 0x01, 0x18, 0x00, 0x15, 0x01, 0x7f, 0x01, 0xac, 0x00, 0x33, 0x00,
        0x95, 0x00, 0x28, 0x00, 0x6f, 0x00, 0x93, 0x00, 0x24, 0x00, 0xce, 0x00, 0x49, 0x01, 0xac, 0x00,
        0x96, 0x01, 0xac, 0x00, 0xb9, 0x00, 0x36, 0x00, 0x7d, 0x01, 0x4d, 0x87, 0x8e, 0x01, 0xf5, 0x00,
        0x92, 0x01, 0xf9, 0x00, 0x26, 0x00, 0x7e, 0x01, 0x01, 0x00, 0x5e, 0x01, 0x76, 0x00, 0x95, 0x00,
        0x95, 0x00, 0x60, 0x00, 0x76, 0x01, 0x05, 0x00, 0x47, 0x00, 0x76, 0x01, 0x75, 0x01, 0xa1, 0x01,
        0x3a, 0x01, 0x56, 0x00, 0xf7, 0x00, 0x2e, 0x00, 0x9c, 0x00, 0x84, 0x01, 0x47, 0x00, 0x09, 0x01,
        0x7b, 0x01, 0x09, 0x01, 0xfe, 0x00, 0x07, 0x00, 0xf7, 0x00, 0x23, 0x00, 0x8b, 0x00, 0xf6, 0x00,
        0x4d, 0x00, 0x2e, 0x00, 0x7d, 0x01, 0x8a, 0x01, 0x0e, 0x00, 0x47, 0x00, 0x08, 0x00, 0x14, 0x00,
        0x2e, 0x00, 0x7c, 0x01, 0x7c, 0x01, 0x4d, 0x00, 0x72, 0x01, 0x26, 0x00, 0xea, 0x00, 0xea, 0x00,
        0x01, 0x01, 0x92, 0x00, 0x38, 0x85, 0x46, 0x01, 0xd7, 0x00, 0xae, 0x00, 0x18, 0x01, 0xc8, 0x00,
        0x59, 0x00, 0xc9, 0x00, 0xd7, 0x00, 0x64, 0x00, 0x63, 0x01, 0x73, 0x01, 0x66, 0x00, 0x0a, 0x00,
        0x3e, 0x01, 0x8b, 0x00, 0x6c, 0x00, 0x7c, 0x01, 0x66, 0x00, 0x33, 0x01, 0xd7, 0x00, 0x43, 0x00,
        0x08, 0x01, 0x11, 0x01, 0x11, 0x01, 0x9e, 0x01, 0x4b, 0x01, 0x64, 0x01, 0xc8, 0x00, 0x9f, 0x00,
        0x08, 0x01, 0x63, 0x01, 0x6c, 0x00, 0x64, 0x01, 0xb2, 0x00, 0xb2, 0x00, 0x04, 0x01, 0x89, 0x00,
        0x64, 0x00, 0x93, 0x01, 0x0b, 0x00, 0x11, 0x01, 0x30, 0x00, 0x4d, 0x00, 0x93, 0x00, 0x8a, 0x00,
        0xe5, 0x83, 0x5c, 0x00, 0xfe, 0x00, 0x9c, 0x00, 0x93, 0x00, 0x9b, 0x00, 0x2a, 0x00, 0x64, 0x01,
        0x0a, 0x00, 0xc1, 0x00, 0x8e, 0x00, 0xc5, 0x00, 0x25, 0x01, 0x5e, 0x01, 0x98, 0x84, 0x50, 0x00,
        0x53, 0x01, 0x0a, 0x01, 0x8c, 0x00, 0x64, 0x01, 0xb2, 0x00, 0x4d, 0x00, 0xb7, 0x00, 0xf6, 0x00,
        0xff, 0x00, 0x14, 0x00, 0x64, 0x01, 0x29, 0x00, 0x5e, 0x01, 0xa7, 0x00, 0x29, 0x00, 0x11, 0x01,
        0x11, 0x01, 0x05, 0x00, 0x58, 0x00, 0x0f, 0x01, 0x89, 0x00, 0x20, 0x00, 0x9d, 0x01, 0x29, 0x80,
        0x66, 0x00, 0x9a, 0x01, 0x70, 0x00, 0xc5, 0x00, 0x7c, 0x01, 0x9a, 0x00, 0x14, 0x00, 0x80, 0x00,
        0x72, 0x01, 0x78, 0x01, 0x84, 0x00, 0x9a, 0x01, 0x80, 0x01, 0xa6, 0x00, 0xea, 0x00, 0x43, 0x00,
        0xa6, 0x00, 0x94, 0x01, 0xd7, 0x00, 0x0a, 0x00, 0xfd, 0x00, 0x93, 0x00, 0x77, 0x01, 0x33, 0x01,
        0xf9, 0x00, 0x65, 0x01, 0x59, 0x01, 0x81, 0x00, 0xb9, 0x00, 0x5a, 0x00, 0xfd, 0x00, 0xe3, 0x00,
        0x75, 0x01, 0x7c, 0x01, 0x6b, 0x00, 0x70, 0x01, 0x93, 0x00, 0x3c, 0x00, 0x14, 0x00, 0xa2, 0x00,
        0x66, 0x01, 0xe9, 0x00, 0x84, 0x00, 0x7b, 0x00, 0x8d, 0x00, 0x79, 0x00, 0x8e, 0x01, 0x89, 0x00,
        0x71, 0x01, 0x2d, 0x01, 0x46, 0x01, 0x1b, 0x01, 0x35, 0x01, 0x53, 0x01, 0xae, 0x00, 0x4d, 0x00,
        0x65, 0x01, 0x34, 0x01, 0xa4, 0x00, 0x92, 0x01, 0x7d, 0x01, 0x44, 0x01, 0x7d, 0x01, 0x0d, 0x00,
        0xc8, 0x00, 0x64, 0x01, 0x94, 0x00, 0xb2, 0x00, 0x65, 0x01, 0x78, 0x01, 0x42, 0x01, 0xad, 0x00,
        0x0a, 0x00, 0x93, 0x01, 0x73, 0x01, 0x2b, 0x01, 0xb2, 0x00, 0x76, 0x00, 0x66, 0x01, 0x90, 0x00,
        0xf6, 0x00, 0x5a, 0x00, 0x68, 0x01, 0x06, 0x00, 0x06, 0x01, 0xe3, 0x00, 0x10, 0x00, 0x78, 0x01,
        0xab, 0x00, 0xb7, 0x00, 0x8b, 0x00, 0x09, 0x01, 0xa8, 0x00, 0x73, 0x01, 0x73, 0x00, 0x9f, 0x01,
        0xce, 0x00, 0x22, 0x00, 0x77, 0x01, 0x93, 0x01, 0x92, 0x01, 0x72, 0x01, 0xcd, 0x00, 0x17, 0x00,
        0x35, 0x00, 0x30, 0x01, 0xb7, 0x00, 0x45, 0x00, 0xc1, 0x00, 0x81, 0x00, 0x9f, 0x01, 0x71, 0x00,
        0x5e, 0x01, 0x5c, 0x00, 0x61, 0x01, 0x7e, 0x01, 0x6b, 0x01, 0x96, 0x01, 0xc9, 0x00, 0x5e, 0x01,
        0x2d, 0x00, 0x66, 0x01, 0x56, 0x01, 0x72, 0x01, 0xdd, 0x00, 0x69, 0x01, 0x8a, 0x00, 0x80, 0x00,
        0x0e, 0x00, 0x7c, 0x01, 0x7c, 0x01, 0xcb, 0x00, 0x1f, 0x00, 0x75, 0x01, 0x44, 0x01, 0x14, 0x00,
        0xd3, 0x00, 0x82, 0x00, 0x7e, 0x01, 0x40, 0x01, 0xc5, 0x00, 0x7e, 0x01, 0x3b, 0x00, 0x7d, 0x01,
        0x34, 0x01, 0x78, 0x00, 0x09, 0x01, 0x77, 0x01, 0x91, 0x01, 0x19, 0x00, 0x78, 0x00, 0xc7, 0x00,
        0x90, 0x00, 0x8c, 0x00, 0xd5, 0x00, 0x8d, 0x01, 0x21, 0x00, 0x04, 0x00, 0x04, 0x00, 0x78, 0x00,
        0x37, 0x00, 0x0b, 0x00, 0x95, 0x00, 0x0d, 0x00, 0x0d, 0x00, 0x85, 0x00, 0x05, 0x01, 0xb8, 0x00,
        0x6e, 0x01, 0x53, 0x01, 0x75, 0x01, 0xb6, 0x00, 0x3d, 0x01, 0x68, 0x01, 0x35, 0x01, 0x50, 0x00,
        0x8d, 0x00, 0x66, 0x00, 0x94, 0x00, 0x4d, 0x00, 0x86, 0x00, 0xa4, 0x00, 0x66, 0x01, 0x69, 0x01,
        0x46, 0x01, 0x66, 0x01, 0x71, 0x01, 0xe9, 0x00, 0x0e, 0x00, 0x88, 0x00, 0xec, 0x00, 0xcd, 0x00,
        0xb7, 0x00, 0xdd, 0x00, 0x70, 0x00, 0x35, 0x01, 0xbe, 0x00, 0x46, 0x01, 0x66, 0x01, 0xce, 0x00,
        0x15, 0x01, 0x84, 0x00, 0xdd, 0x00, 0xc1, 0x00, 0x66, 0x01, 0x06, 0x01, 0x95, 0x00, 0x6f, 0x01,
        0xd0, 0x00, 0x9e, 0x01, 0xd2, 0x84, 0xbe, 0x00, 0x7d, 0x01, 0x41, 0x01, 0x5d, 0x01, 0x0f, 0x01,
        0x61, 0x00, 0x49, 0x00, 0xaf, 0x00, 0x05, 0x00, 0x89, 0x00, 0x7f, 0x00, 0x43, 0x00, 0x2d, 0x00,
        0x63, 0x00, 0x92, 0x00, 0x7d, 0x01, 0x06, 0x01, 0x7d, 0x01, 0x1f, 0x81, 0xc5, 0x00, 0x7f, 0x00,
        0x63, 0x01, 0x60, 0x00, 0x5f, 0x01, 0x8e, 0x00, 0x72, 0x01, 0xa7, 0x80, 0x0e, 0x00, 0x08, 0x00,
        0x7f, 0x01, 0x95, 0x00, 0xcc, 0x00, 0x95, 0x00, 0x5c, 0x01, 0x8b, 0x00, 0xcb, 0x00, 0x3c, 0x00,
        0x01, 0x01, 0x5e, 0x01, 0x84, 0x00, 0x66, 0x01, 0x09, 0x01, 0xb9, 0x00, 0x3b, 0x00, 0x77, 0x01,
        0x02, 0x00, 0x02, 0x01, 0x45, 0x00, 0x60, 0x00, 0x6f, 0x01, 0x64, 0x01, 0x14, 0x00, 0x32, 0x00,
        0x6b, 0x00, 0x8a, 0x00, 0x2f, 0x01, 0x03, 0x01, 0x32, 0x00, 0x9c, 0x00, 0x14, 0x01, 0x33, 0x01,
        0x32, 0x01, 0x77, 0x01, 0xa1, 0x01, 0x8a, 0x00, 0xd2, 0x00, 0x2d, 0x01, 0xba, 0x00, 0x0d, 0x00,
        0x91, 0x01, 0x91, 0x01, 0x95, 0x00, 0x57, 0x00, 0xbc, 0x00, 0x8f, 0x00, 0x8d, 0x00, 0x8b, 0x00,
        0xb2, 0x00, 0x70, 0x00, 0x66, 0x01, 0x95, 0x01, 0x6a, 0x00, 0x73, 0x01, 0x6d, 0x01, 0x74, 0x01,
        0x6e, 0x01, 0xc1, 0x00, 0x41, 0x01, 0x96, 0x01, 0x0c, 0x01, 0x78, 0x01, 0x71, 0x01, 0x09, 0x00,
        0x56, 0x00, 0x67, 0x01, 0x75, 0x01, 0x65, 0x01, 0x53, 0x83, 0x71, 0x00, 0x28, 0x00, 0x6e, 0x01,
        0x07, 0x00, 0xfa, 0x00, 0xae, 0x00, 0x3d, 0x00, 0x79, 0x01, 0xa4, 0x83, 0x5f, 0x01, 0x52, 0x00,
        0x26, 0x00, 0x43, 0x00, 0x63, 0x01, 0x63, 0x01, 0x26, 0x00, 0x96, 0x00, 0xcb, 0x00, 0x0a, 0x00,
        0x52, 0x01, 0x66, 0x01, 0x2a, 0x00, 0x76, 0x00, 0x6f, 0x01, 0x73, 0x01, 0x0f, 0x01, 0x6f, 0x01,
        0xad, 0x00, 0xb2, 0x00, 0x6d, 0x01, 0x60, 0x00, 0xba, 0x00, 0x72, 0x01, 0x64, 0x01, 0xb9, 0x00,
        0xb2, 0x00, 0x8f, 0x00, 0xb4, 0x00, 0x45, 0x01, 0x45, 0x01, 0x5c, 0x00, 0x5c, 0x01, 0x45, 0x00,
        0x01, 0x01, 0x8c, 0x01, 0x28, 0x01, 0xd2, 0x00, 0x7d, 0x01, 0x93, 0x00, 0x25, 0x00, 0xab, 0x00,
        0xd2, 0x00, 0x33, 0x01, 0x5e, 0x01, 0x4f, 0x01, 0x2a, 0x00, 0x69, 0x87, 0x0c, 0x00, 0x26, 0x00,
        0x81, 0x00, 0x06, 0x01, 0x52, 0x00, 0xa8, 0x00, 0x22, 0x00, 0x06, 0x01, 0x0c, 0x00, 0x5c, 0x01,
        0xbe, 0x00, 0x33, 0x00, 0x6f, 0x00, 0x73, 0x01, 0x46, 0x00, 0x0a, 0x00, 0xb8, 0x00, 0x0c, 0x01,
        0xfd, 0x00, 0xf5, 0x00, 0x12, 0x01, 0x9d, 0x01, 0x0c, 0x01, 0x57, 0x00, 0x8f, 0x00, 0x0e, 0x01,
        0x4d, 0x00, 0x8e, 0x00, 0x87, 0x00, 0x7d, 0x01, 0xc9, 0x00, 0xcb, 0x00, 0x30, 0x00, 0x6f, 0x01,
        0x4e, 0x01, 0x6b, 0x01, 0x3b, 0x00, 0x1c, 0x01, 0xd2, 0x00, 0x8b, 0x00, 0x5e, 0x01, 0x1f, 0x01,
        0x84, 0x00, 0x69, 0x01, 0x2d, 0x00, 0x8b, 0x00, 0x99, 0x01, 0x1f, 0x81, 0xb4, 0x00, 0x11, 0x01,
        0x65, 0x01, 0x4e, 0x00, 0x7e, 0x01, 0x72, 0x01, 0xdd, 0x00, 0x81, 0x00, 0x79, 0x01, 0x7d, 0x01,
        0x85, 0x00, 0x20, 0x01, 0x28, 0x01, 0xba, 0x00, 0x34, 0x01, 0x1b, 0x01, 0x45, 0x01, 0x75, 0x01,
        0x5f, 0x01, 0x63, 0x01, 0x91, 0x01, 0x8f, 0x00, 0x79, 0x01, 0xc5, 0x00, 0x4a, 0x01, 0xba, 0x00,
        0x49, 0x01, 0xb2, 0x00, 0xad, 0x00, 0x71, 0x00, 0x9c, 0x86, 0x09, 0x01, 0x39, 0x00, 0x95, 0x00,
        0x8e, 0x01, 0x75, 0x01, 0x01, 0x00, 0x12, 0x00, 0x36, 0x01, 0x22, 0x00, 0xa8, 0x00, 0x99, 0x01,
        0x33, 0x00, 0x8f, 0x00, 0x77, 0x01, 0x37, 0x00, 0x33, 0x00, 0x06, 0x01, 0xb2, 0x00, 0x90, 0x00,
        0x45, 0x01, 0x0f, 0x01, 0x6f, 0x01, 0x04, 0x00, 0xb4, 0x00, 0xcc, 0x00, 0x8d, 0x01, 0x78, 0x01,
        0x76, 0x01, 0x79, 0x01, 0x5e, 0x01, 0xbe, 0x00, 0x63, 0x01, 0x42, 0x00, 0x6d, 0x01, 0x89, 0x01,
        0x71, 0x01, 0x10, 0x01, 0x3d, 0x00, 0xb8, 0x00, 0xb6, 0x00, 0x0e, 0x01, 0x41, 0x01, 0x85, 0x00,
        0x71, 0x00, 0x05, 0x01, 0x90, 0x00, 0x58, 0x00, 0x8f, 0x00, 0xba, 0x00, 0x89, 0x00, 0x86, 0x00,
        0x90, 0x00, 0x01, 0x00, 0x0d, 0x00, 0x18, 0x00, 0x10, 0x01, 0x85, 0x01, 0x3d, 0x00, 0x8d, 0x00,
        0x72, 0x00, 0x48, 0x01, 0x86, 0x00, 0x84, 0x00, 0x28, 0x01, 0x43, 0x01, 0x4f, 0x01, 0x2a, 0x00,
        0x7d, 0x01, 0x8f, 0x00, 0xbe, 0x00, 0x12, 0x00, 0x36, 0x01, 0x5f, 0x01, 0xa3, 0x01, 0xac, 0x00,
        0x64, 0x01, 0x9e, 0x01, 0x6f, 0x01, 0x1f, 0x01, 0x61, 0x01, 0x62, 0x00, 0xb0, 0x00, 0x4d, 0x00,
        0xb2, 0x00, 0x93, 0x01, 0x1c, 0x01, 0xb2, 0x00, 0x83, 0x01, 0x0e, 0x01, 0x4e, 0x01, 0x71, 0x00,
        0x43, 0x01, 0xaa, 0x00, 0xbc, 0x00, 0xbe, 0x00, 0xb2, 0x00, 0x83, 0x01, 0xac, 0x00, 0x79, 0x01,
        0xce, 0x00, 0x67, 0x01, 0x0e, 0x01, 0x6f, 0x00, 0x3e, 0x00, 0x83, 0x01, 0x84, 0x00, 0x6d, 0x00,
        0x14, 0x00, 0x47, 0x00, 0x14, 0x00, 0x81, 0x00, 0x93, 0x01, 0xff, 0x00, 0x07, 0x00, 0x15, 0x01,
        0xb2, 0x00, 0x5a, 0x01, 0xff, 0xff, 0x67, 0x01, 0x08, 0x01, 0x07, 0x00, 0xfb, 0x00, 0x59, 0x00,
        0x3c, 0x00, 0x60, 0x01, 0xf4, 0x00, 0xff, 0xff, 0xff, 0xff, 0x5a, 0x01, 0x81, 0x00, 0xb9, 0x00,
        0x77, 0x01, 0x02, 0x01, 0x32, 0x00, 0x06, 0x00, 0x94, 0x00, 0x22, 0x00, 0x27, 0x00, 0xff, 0xff,
        0x3d, 0x00, 0xcd, 0x00, 0x15, 0x00, 0x9b, 0x01, 0x02, 0x01, 0x0e, 0x00, 0x95, 0x01, 0x91, 0x01,
        0xff, 0xff, 0x32, 0x00, 0x79, 0x01, 0x06, 0x01, 0x66, 0x01, 0xbd, 0x00, 0x43, 0x00, 0xf4, 0x00,
        0xcd, 0x00, 0x99, 0x01, 0x0c, 0x00, 0xb8, 0x00, 0x89, 0x01, 0x63, 0x01, 0xfd, 0x00, 0x3c, 0x00,
        0x60, 0x01, 0x79, 0x01, 0x73, 0x01, 0x63, 0x00, 0x3b, 0x00, 0x32, 0x01, 0x4f, 0x01, 0x4f, 0x01,
        0x76, 0x00, 0x22, 0x00, 0x33, 0x01, 0x0d, 0x01, 0x32, 0x01, 0x21, 0x00, 0x21, 0x00, 0x20, 0x01,
        0x33, 0x01, 0x41, 0x01, 0x32, 0x01, 0x7b, 0x01, 0x38, 0x01, 0xbe, 0x00, 0x60, 0x00, 0x7b, 0x01,
        0x0c, 0x00, 0x5c, 0x00, 0xe9, 0x00, 0x4f, 0x01, 0x7c, 0x01, 0x8a, 0x00, 0x32, 0x01, 0x8a, 0x01,
        0x45, 0x00, 0x60, 0x00, 0xdb, 0x00, 0x45, 0x00, 0x02, 0x01, 0x29, 0x82, 0x82, 0x00, 0x52, 0x01,
        0x91, 0x01, 0x82, 0x01, 0xcd, 0x00, 0x0d, 0x00, 0x0d, 0x00, 0xba, 0x00, 0x71, 0x01, 0xba, 0x00,
        0x22, 0x00, 0xd7, 0x00, 0x80, 0x01, 0x58, 0x00, 0x60, 0x00, 0x69, 0x00, 0x4f, 0x01, 0x8e, 0x00,
        0x8e, 0x00, 0x11, 0x01, 0x5e, 0x01, 0x60, 0x00, 0x4f, 0x01, 0xd7, 0x00, 0x51, 0x00, 0xf7, 0x00,
        0x8c, 0x00, 0x5a, 0x01, 0x3a, 0x00, 0xdb, 0x00, 0xba, 0x00, 0x0b, 0x00, 0x91, 0x01, 0x83, 0x81,
        0xd7, 0x00, 0xd7, 0x00, 0x1b, 0x00, 0x4f, 0x01, 0x62, 0x00, 0x0d, 0x00, 0x3a, 0x00, 0x93, 0x01,
        0xc3, 0x00, 0x06, 0x01, 0xc3, 0x00, 0xf7, 0x00, 0x77, 0x01, 0x7a, 0x82, 0x82, 0x00, 0x3f, 0x86,
        0x7d, 0x01, 0xd7, 0x00, 0x96, 0x00, 0x77, 0x01, 0xba, 0x00, 0x30, 0x01, 0x47, 0x00, 0x29, 0x00,
        0x82, 0x00, 0x3d, 0x00, 0x9b, 0x01, 0x89, 0x00, 0x5c, 0x01, 0x8c, 0x00, 0x26, 0x00, 0x22, 0x00,
        0x58, 0x01, 0xb0, 0x00, 0x89, 0x00, 0x1f, 0x00, 0xba, 0x00, 0x47, 0x00, 0x56, 0x01, 0xb8, 0x00,
        0x8c, 0x00, 0x8c, 0x00, 0x29, 0x00, 0xfd, 0x00, 0x47, 0x00, 0x47, 0x00, 0x8f, 0x85, 0x8e, 0x00,
        0x3c, 0x00, 0x36, 0x01, 0x36, 0x01, 0x93, 0x01, 0x77, 0x01, 0xde, 0x00, 0xda, 0x00, 0x49, 0x00,
        0x0d, 0x00, 0x8e, 0x00, 0xb6, 0x00, 0x64, 0x00, 0x66, 0x00, 0x92, 0x00, 0x95, 0x01, 0x65, 0x01,
        0x2d, 0x01, 0x6e, 0x01, 0x74, 0x85, 0xb2, 0x00, 0x74, 0x01, 0x25, 0x00, 0x7c, 0x01, 0x05, 0x00,
        0x8e, 0x00, 0x95, 0x00, 0x06, 0x01, 0x65, 0x01, 0x37, 0x00, 0x0d, 0x00, 0x77, 0x01, 0xb2, 0x00,
        0x9f, 0x01, 0x2e, 0x00, 0x5c, 0x00, 0x96, 0x01, 0xf9, 0x00, 0xfd, 0x00, 0x63, 0x00, 0x9c, 0x00,
        0x32, 0x00, 0x70, 0x01, 0x93, 0x01, 0xd8, 0x81, 0x91, 0x01, 0x57, 0x00, 0x93, 0x01, 0x4d, 0x01,
        0x93, 0x00, 0x89, 0x00, 0x5a, 0x00, 0x93, 0x00, 0x2d, 0x01, 0x8a, 0x00, 0x6f, 0x01, 0x8a, 0x01,
        0x13, 0x00, 0xe7, 0x00, 0x92, 0x01, 0x7b, 0x01, 0x90, 0x00, 0x11, 0x01, 0x4d, 0x01, 0x53, 0x01,
        0x77, 0x01, 0x8e, 0x00, 0x5e, 0x01, 0x86, 0x00, 0x48, 0x01, 0x74, 0x01, 0x27, 0x00, 0x93, 0x01,
        0x7b, 0x00, 0x72, 0x01, 0xcb, 0x00, 0x4c, 0x00, 0x90, 0x00, 0x68, 0x01, 0x53, 0x01, 0x55, 0x01,
        0xc8, 0x00, 0xfd, 0x00, 0x68, 0x01, 0x42, 0x01, 0x60, 0x00, 0xb2, 0x00, 0x93, 0x01, 0x39, 0x00,
        0x51, 0x00, 0x63, 0x01, 0x2b, 0x01, 0xae, 0x00, 0x35, 0x01, 0x84, 0x00, 0x66, 0x01, 0x77, 0x01,
        0x0c, 0x00, 0x8d, 0x01, 0x6f, 0x00, 0x48, 0x01, 0x5a, 0x00, 0xc5, 0x00, 0xb8, 0x00, 0x27, 0x00,
        0x89, 0x00, 0x4f, 0x01, 0x02, 0x00, 0x27, 0x00, 0x0d, 0x00, 0x0d, 0x00, 0xd2, 0x00, 0x6c, 0x00,
        0x4f, 0x00, 0x52, 0x00, 0x5e, 0x01, 0x7d, 0x01, 0x37, 0x00, 0x72, 0x01, 0x96, 0x01, 0x35, 0x00,
        0x3c, 0x00, 0x32, 0x01, 0x94, 0x01, 0x5b, 0x81, 0x7d, 0x01, 0x80, 0x00, 0x5c, 0x00, 0xaa, 0x00,
        0x74, 0x01, 0x25, 0x00, 0x55, 0x01, 0x7d, 0x01, 0x73, 0x00, 0x5f, 0x01, 0x84, 0x00, 0xa2, 0x00,
        0x8a, 0x00, 0x78, 0x01, 0x77, 0x01, 0xbd, 0x00, 0x27, 0x01, 0x95, 0x00, 0x27, 0x00, 0x64, 0x01,
        0x6f, 0x00, 0x77, 0x01, 0x5f, 0x01, 0x89, 0x00, 0x2e, 0x00, 0x07, 0x00, 0x86, 0x00, 0xba, 0x00,
        0x05, 0x81, 0x35, 0x01, 0x74, 0x85, 0x45, 0x00, 0x3a, 0x00, 0x11, 0x00, 0x48, 0x01, 0x8d, 0x01,
        0x10, 0x00, 0x32, 0x01, 0x35, 0x00, 0xc1, 0x00, 0x77, 0x01, 0x9f, 0x01, 0x29, 0x00, 0x8d, 0x01,
        0x8b, 0x01, 0x40, 0x01, 0x28, 0x01, 0x12, 0x01, 0x46, 0x00, 0xbd, 0x00, 0xbd, 0x00, 0xd5, 0x00,
        0x0c, 0x01, 0x78, 0x01, 0x79, 0x01, 0x85, 0x00, 0x60, 0x00, 0xb6, 0x00, 0xbc, 0x00, 0x0a, 0x01,
        0xba, 0x00, 0xae, 0x00, 0x66, 0x01, 0x5a, 0x00, 0x3c, 0x00, 0x78, 0x01, 0x79, 0x00, 0x01, 0x00,
        0x07, 0x00, 0x66, 0x01, 0x6f, 0x00, 0x71, 0x00, 0xeb, 0x00, 0x7d, 0x01, 0x5e, 0x01, 0x77, 0x01,
        0x7b, 0x01, 0xfd, 0x00, 0xb0, 0x00, 0xb2, 0x00, 0x36, 0x01, 0x3c, 0x00, 0xb8, 0x00, 0x45, 0x00,
        0xb8, 0x00, 0xab, 0x00, 0x11, 0x00, 0x89, 0x00, 0x27, 0x00, 0x74, 0x01, 0x6f, 0x01, 0x8e, 0x00,
        0x92, 0x01, 0xca, 0x00, 0xb2, 0x00, 0x88, 0x00, 0xab, 0x00, 0x89, 0x00, 0x45, 0x00, 0x6f, 0x01,
        0x79, 0x01, 0x78, 0x01, 0x10, 0x01, 0x7b, 0x01, 0x48, 0x01, 0x45, 0x00, 0xc1, 0x00, 0xbf, 0x00,
        0xbf, 0x00, 0x14, 0x00, 0x14, 0x00, 0x71, 0x00, 0x05, 0x00, 0x57, 0x00, 0x42, 0x00, 0x57, 0x00,
        0x06, 0x00, 0x06, 0x00, 0xa1, 0x80, 0x89, 0x00, 0x85, 0x01, 0x85, 0x01, 0xc9, 0x00, 0xf3, 0x81,
        0xf5, 0x00, 0x8e, 0x00, 0x85, 0x00, 0x71, 0x00, 0x32, 0x00, 0xb9, 0x00, 0x65, 0x00, 0xd5, 0x00,
        0x89, 0x00, 0x8d, 0x00, 0xfc, 0x00, 0x65, 0x00, 0x01, 0x00, 0x52, 0x00, 0x78, 0x00, 0x76, 0x00,
        0x0d, 0x00, 0x5c, 0x01, 0x29, 0x00, 0x08, 0x01, 0x64, 0x01, 0x01, 0x00, 0x68, 0x01, 0x78, 0x00,
        0x85, 0x00, 0x78, 0x00, 0x86, 0x01, 0x37, 0x00, 0x78, 0x00, 0x68, 0x01, 0x76, 0x01, 0x03, 0x01,
        0x78, 0x00, 0x8d, 0x00, 0x01, 0x00, 0x6b, 0x01, 0x85, 0x00, 0xb2, 0x00, 0xff, 0x00, 0x79, 0x00,
        0x8d, 0x00, 0xfd, 0x00, 0x63, 0x00, 0xf9, 0x00, 0x95, 0x01, 0x96, 0x00, 0x0f, 0x01, 0x38, 0x00,
        0x12, 0x01, 0x8a, 0x01, 0x6c, 0x00, 0x96, 0x00, 0x96, 0x00, 0x95, 0x01, 0x8a, 0x01, 0x6c, 0x00,
        0x8e, 0x01, 0x4d, 0x00, 0xd2, 0x00, 0x06, 0x01, 0x79, 0x01, 0x7d, 0x01, 0x0a, 0x00, 0x8e, 0x01,
        0x94, 0x01, 0xfb, 0x00, 0x79, 0x00, 0x79, 0x01, 0x79, 0x00, 0x77, 0x01, 0x14, 0x00, 0x5c, 0x01,
        0x79, 0x00, 0x03, 0x00, 0x8c, 0x01, 0x73, 0x01, 0x8b, 0x00, 0x79, 0x00, 0x7d, 0x01, 0xa7, 0x00,
        0x58, 0x00, 0xb9, 0x82, 0x3e, 0x00, 0xf7, 0x00, 0x60, 0x00, 0x0f, 0x01, 0x4c, 0x81, 0x3e, 0x00,
        0xbe, 0x00, 0x8c, 0x01, 0x10, 0x85, 0xb2, 0x00, 0x8f, 0x00, 0x6e, 0x01, 0x8b, 0x00, 0xf7, 0x00,
        0x6f, 0x00, 0x02, 0x00, 0xbe, 0x00, 0x6e, 0x01, 0x95, 0x01, 0x3d, 0x00, 0x02, 0x00, 0x6c, 0x00,
        0xb2, 0x00, 0xd7, 0x00, 0x49, 0x00, 0x63, 0x00, 0x6e, 0x01, 0xc8, 0x00, 0x5d, 0x01, 0x93, 0x01,
        0x06, 0x01, 0x7e, 0x01, 0x4f, 0x01, 0x67, 0x01, 0x50, 0x00, 0x6a, 0x01, 0x64, 0x01, 0xf7, 0x00,
        0x5c, 0x00, 0x50, 0x00, 0xd2, 0x00, 0xd3, 0x00, 0x51, 0x86, 0x34, 0x01, 0x80, 0x01, 0xcf, 0x00,
        0xf7, 0x00, 0x59, 0x00, 0xd0, 0x00, 0x3c, 0x00, 0xcb, 0x00, 0xc9, 0x00, 0x99, 0x00, 0x66, 0x01,
        0xa1, 0x00, 0x34, 0x01, 0x74, 0x01, 0x92, 0x01, 0x75, 0x01, 0x32, 0x01, 0x88, 0x00, 0x3a, 0x00,
        0x91, 0x01, 0xa6, 0x00, 0x93, 0x00, 0x32, 0x01, 0x77, 0x01, 0x33, 0x01, 0xcb, 0x00, 0xd5, 0x00,
        0x96, 0x01, 0x91, 0x01, 0x91, 0x01, 0xcf, 0x00, 0x34, 0x01, 0x7e, 0x01, 0x47, 0x00, 0xe3, 0x00,
        0x9e, 0x01, 0x9e, 0x01, 0x23, 0x00, 0x8a, 0x01, 0x6f, 0x01, 0x13, 0x00, 0xce, 0x00, 0xbc, 0x00,
        0x43, 0x01, 0x53, 0x01, 0xce, 0x00, 0x47, 0x00, 0x43, 0x00, 0xde, 0x00, 0xd3, 0x00, 0x6f, 0x01,
        0x27, 0x00, 0xa6, 0x00, 0x94, 0x00, 0xd6, 0x00, 0x91, 0x01, 0x50, 0x01, 0x74, 0x01, 0x73, 0x01,
        0xd5, 0x00, 0x94, 0x01, 0xd5, 0x00, 0x46, 0x87, 0x92, 0x01, 0xcb, 0x00, 0x45, 0x01, 0x2f, 0x01,
        0x76, 0x00, 0x84, 0x00, 0x43, 0x00, 0x26, 0x00, 0x39, 0x00, 0x94, 0x00, 0x52, 0x00, 0xc7, 0x00,
        0x66, 0x01, 0x64, 0x01, 0xa8, 0x00, 0xab, 0x00, 0x8b, 0x00, 0x2d, 0x01, 0x4f, 0x01, 0x72, 0x00,
        0x5c, 0x01, 0xb1, 0x00, 0x34, 0x01, 0x0e, 0x01, 0xb7, 0x00, 0x72, 0x01, 0x90, 0x00, 0x92, 0x01,
        0xb2, 0x00, 0xab, 0x00, 0x43, 0x01, 0x94, 0x00, 0x3b, 0x01, 0x43, 0x01, 0x4d, 0x00, 0x0d, 0x00,
        0xfd, 0x00, 0xd7, 0x00, 0x87, 0x00, 0xe3, 0x00, 0xbe, 0x00, 0x77, 0x01, 0x8e, 0x00, 0x17, 0x00,
        0x95, 0x01, 0x7d, 0x01, 0x87, 0x00, 0xc5, 0x00, 0x65, 0x01, 0x6b, 0x01, 0x86, 0x00, 0x72, 0x00,
        0x82, 0x01, 0x30, 0x00, 0x8b, 0x00, 0xcb, 0x00, 0x4d, 0x00, 0x80, 0x00, 0x6f, 0x01, 0x4f, 0x01,
        0xa7, 0x00, 0x65, 0x00, 0x20, 0x01, 0xc9, 0x00, 0x6e, 0x01, 0x57, 0x00, 0x61, 0x01, 0xd0, 0x00,
        0x29, 0x00, 0xa7, 0x00, 0xce, 0x00, 0x60, 0x01, 0xa1, 0x00, 0x3d, 0x00, 0x25, 0x00, 0x9c, 0x00,
        0x40, 0x01, 0x65, 0x01, 0x0e, 0x01, 0xd5, 0x00, 0xd3, 0x00, 0xc7, 0x00, 0x3b, 0x01, 0x86, 0x01,
        0x8d, 0x01, 0x77, 0x01, 0x46, 0x00, 0xa1, 0x00, 0xd5, 0x00, 0x3c, 0x01, 0x33, 0x00, 0xbd, 0x00,
        0x27, 0x00, 0xc7, 0x00, 0xff, 0x00, 0x26, 0x00, 0x71, 0x00, 0xcd, 0x00, 0x5c, 0x01, 0x21, 0x01,
        0x00, 0x01, 0x64, 0x01, 0x0a, 0x01, 0x05, 0x01, 0x96, 0x01, 0x42, 0x00, 0x32, 0x01, 0x3c, 0x01,
        0xb6, 0x00, 0x24, 0x00, 0x66, 0x01, 0x99, 0x00, 0x76, 0x01, 0x6e, 0x01, 0x53, 0x01, 0xd6, 0x00,
        0xb8, 0x00, 0x71, 0x00, 0x8b, 0x00, 0x76, 0x01, 0x01, 0x00, 0x86, 0x00, 0x8c, 0x01, 0x8b, 0x00,
        0x6c, 0x00, 0x8e, 0x01, 0x21, 0x84, 0xcb, 0x00, 0x29, 0x00, 0x27, 0x01, 0xe9, 0x00, 0x71, 0x01,
        0x75, 0x01, 0x88, 0x00, 0xcd, 0x00, 0xcf, 0x00, 0x01, 0x01, 0xcf, 0x00, 0xb0, 0x00, 0xa6, 0x00,
        0x95, 0x00, 0x6f, 0x01, 0xcf, 0x00, 0x88, 0x00, 0xbe, 0x00, 0xcd, 0x00, 0xbc, 0x00, 0x6f, 0x00,
        0xc7, 0x00, 0x64, 0x01, 0x2a, 0x00, 0x49, 0x01, 0x99, 0x00, 0x96, 0x01, 0xc9, 0x00, 0x15, 0x83,
        0x8f, 0x00, 0x7d, 0x01, 0x3d, 0x01, 0x86, 0x01, 0x95, 0x00, 0x34, 0x01, 0x77, 0x01, 0x32, 0x01,
        0x93, 0x01, 0x80, 0x00, 0x32, 0x01, 0x79, 0x01, 0x93, 0x00, 0x95, 0x01, 0x8d, 0x00, 0x39, 0x00,
        0x4e, 0x00, 0x01, 0x00, 0x8d, 0x00, 0x89, 0x01, 0x7f, 0x01, 0x05, 0x00, 0xe7, 0x81, 0x49, 0x00,
        0x06, 0x01, 0x89, 0x00, 0x9e, 0x01, 0x63, 0x00, 0x63, 0x01, 0x8f, 0x01, 0xa2, 0x00, 0x64, 0x00,
        0x64, 0x01, 0x58, 0x00, 0xa6, 0x00, 0x3d, 0x00, 0xc5, 0x00, 0x2b, 0x01, 0x3c, 0x00, 0x95, 0x00,
        0xb2, 0x00, 0x60, 0x00, 0xd2, 0x00, 0x52, 0x00, 0x91, 0x83, 0x9a, 0x00, 0x93, 0x01, 0x9c, 0x85,
        0x99, 0x00, 0x8e, 0x00, 0x12, 0x00, 0x52, 0x00, 0x72, 0x01, 0xfd, 0x00, 0x8f, 0x01, 0x73, 0x01,
        0x43, 0x01, 0x99, 0x01, 0x24, 0x00, 0x50, 0x00, 0x5a, 0x01, 0x73, 0x01, 0x8f, 0x00, 0x5c, 0x00,
        0x57, 0x00, 0xd5, 0x00, 0x8a, 0x01, 0x93, 0x00, 0x7d, 0x01, 0x9c, 0x00, 0x59, 0x01, 0x59, 0x01,
        0x43, 0x00, 0x8b, 0x01, 0x91, 0x01, 0x52, 0x00, 0x60, 0x00, 0xd7, 0x00, 0x96, 0x01, 0xaa, 0x00,
        0x0e, 0x00, 0xed, 0x00, 0x02, 0x01, 0xfc, 0x00, 0xb9, 0x00, 0xf9, 0x00, 0xaf, 0x00, 0x03, 0x01,
        0x14, 0x00, 0x03, 0x01, 0x32, 0x01, 0x81, 0x01, 0x01, 0x00, 0xb2, 0x00, 0xbc, 0x00, 0x53, 0x01,
        0x7b, 0x01, 0xb2, 0x00, 0xa6, 0x00, 0x2a, 0x00, 0x9f, 0x00, 0x11, 0x01, 0x96, 0x01, 0xa6, 0x00,
        0x71, 0x00, 0x52, 0x00, 0xdd, 0x00, 0x07, 0x01, 0xbe, 0x00, 0xad, 0x83, 0x01, 0x00, 0xe5, 0x82,
        0xd5, 0x86, 0x6b, 0x01, 0x73, 0x01, 0x2f, 0x82, 0xfc, 0x00, 0x64, 0x01, 0xae, 0x00, 0xf1, 0x82,
        0x3d, 0x01, 0x65, 0x01, 0x0a, 0x01, 0x0d, 0x01, 0x5e, 0x01, 0x0a, 0x01, 0x77, 0x01, 0x9f, 0x00,
        0x68, 0x01, 0x12, 0x01, 0x21, 0x00, 0xad, 0x00, 0x7f, 0x00, 0x7d, 0x01, 0x68, 0x01, 0x65, 0x01,
        0xc8, 0x00, 0xc1, 0x00, 0x7b, 0x01, 0x24, 0x00, 0x24, 0x00, 0x61, 0x01, 0xba, 0x00, 0x79, 0x01,
        0xc8, 0x00, 0x12, 0x01, 0x73, 0x01, 0x2b, 0x01, 0xa8, 0x00, 0x7d, 0x01, 0x27, 0x00, 0x82, 0x00,
        0xbe, 0x00, 0x25, 0x00, 0x8b, 0x00, 0xf2, 0x00, 0x3f, 0x01, 0x9d, 0x01, 0x9f, 0x00, 0xfc, 0x00,
        0x73, 0x01, 0x9b, 0x01, 0xa0, 0x00, 0x26, 0x00, 0x06, 0x01, 0x9f, 0x01, 0x0d, 0x01, 0xb8, 0x00,
        0x96, 0x00, 0x14, 0x00, 0x49, 0x00, 0xb3, 0x83, 0x46, 0x00, 0x8b, 0x00, 0x79, 0x00, 0xb4, 0x84,
        0x01, 0x00, 0x43, 0x01, 0x12, 0x01, 0xb1, 0x00, 0x0a, 0x00, 0x78, 0x01, 0x4f, 0x00, 0x63, 0x01,
        0x06, 0x01, 0xc0, 0x00, 0x5c, 0x01, 0x45, 0x00, 0xdd, 0x00, 0x0a, 0x00, 0x06, 0x01, 0x25, 0x00,
        0x1f, 0x01, 0x73, 0x01, 0x47, 0x00, 0x49, 0x00, 0x44, 0x82, 0x59, 0x01, 0x8e, 0x00, 0x79, 0x01,
        0x0e, 0x00, 0x9c, 0x00, 0x0d, 0x00, 0x5e, 0x01, 0x3d, 0x01, 0x91, 0x01, 0x4e, 0x00, 0x65, 0x01,
        0x3d, 0x00, 0x4e, 0x01, 0xdd, 0x00, 0xfc, 0x00, 0x8b, 0x00, 0x43, 0x00, 0x48, 0x01, 0x1f, 0x00,
        0x4f, 0x01, 0x06, 0x01, 0x50, 0x00, 0x5c, 0x00, 0x6f, 0x01, 0x12, 0x01, 0x12, 0x01, 0xc5, 0x00,
        0x6a, 0x00, 0xe4, 0x00, 0x41, 0x01, 0x52, 0x00, 0x32, 0x00, 0xba, 0x00, 0x3e, 0x01, 0x49, 0x01,
        0x5a, 0x80, 0x82, 0x00, 0xfd, 0x00, 0x5e, 0x01, 0x26, 0x01, 0xb0, 0x00, 0x39, 0x00, 0x4f, 0x01,
        0x65, 0x01, 0x64, 0x01, 0xa7, 0x84, 0xf7, 0x00, 0x5e, 0x01, 0x80, 0x01, 0x4f, 0x00, 0x8f, 0x01,
        0x9c, 0x00, 0xaa, 0x00, 0x99, 0x01, 0x75, 0x01, 0x72, 0x00, 0x99, 0x01, 0x21, 0x00, 0x06, 0x01,
        0x04, 0x00, 0xfc, 0x00, 0xba, 0x00, 0xbe, 0x00, 0x99, 0x00, 0x2e, 0x00, 0x25, 0x00, 0x78, 0x01,
        0xb0, 0x00, 0x10, 0x00, 0x06, 0x01, 0xd5, 0x00, 0x06, 0x01, 0x37, 0x00, 0x9f, 0x01, 0x0d, 0x01,
        0x31, 0x00, 0xc0, 0x00, 0x89, 0x00, 0x2d, 0x01, 0xae, 0x00, 0x10, 0x01, 0x89, 0x01, 0x42, 0x00,
        0x8b, 0x00, 0x64, 0x01, 0xb8, 0x00, 0x49, 0x00, 0x48, 0x01, 0x85, 0x00, 0xf7, 0x00, 0x81, 0x01,
        0x0a, 0x01, 0x43, 0x00, 0xb2, 0x00, 0x8b, 0x00, 0x8d, 0x00, 0x64, 0x01, 0x8d, 0x01, 0x0a, 0x01,
        0x50, 0x00, 0x8b, 0x00, 0x7d, 0x01, 0x9b, 0x01, 0x79, 0x00, 0x9c, 0x00, 0x86, 0x01, 0xb0, 0x00,
        0x8e, 0x00, 0x2a, 0x00, 0x76, 0x01, 0x12, 0x01, 0x3d, 0x00, 0x77, 0x01, 0x8c, 0x00, 0xfd, 0x00,
        0xfd, 0x00, 0x7d, 0x01, 0x01, 0x01, 0x52, 0x00, 0x01, 0x00, 0x9c, 0x00, 0x8b, 0x00, 0x7d, 0x01,
        0x1f, 0x01, 0xcd, 0x00, 0xf9, 0x00, 0x32, 0x00, 0x14, 0x00, 0x74, 0x01, 0xc5, 0x00, 0x16, 0x00,
        0x66, 0x01, 0xa6, 0x00, 0xb0, 0x00, 0xb0, 0x00, 0x93, 0x01, 0xb2, 0x00, 0xb2, 0x00, 0x58, 0x00,
        0x12, 0x01, 0xf9, 0x00, 0x79, 0x01, 0xb2, 0x00, 0xbc, 0x00, 0xbc, 0x00, 0xd5, 0x00, 0x14, 0x00,
        0x3a, 0x01, 0x6f, 0x00, 0xac, 0x00, 0x16, 0x00, 0x73, 0x01, 0x34, 0x01, 0x34, 0x01, 0xb2, 0x00,
        0x19, 0x01, 0x30, 0x01, 0x7f, 0x01, 0x3e, 0x01, 0x06, 0x01, 0x46, 0x01, 0xc5, 0x00, 0x69, 0x01,
        0x75, 0x01, 0x66, 0x01, 0xb7, 0x85, 0x06, 0x01, 0x93, 0x01, 0x0c, 0x00, 0x4f, 0x00, 0x94, 0x01,
        0x18, 0x01, 0x77, 0x01, 0x34, 0x01, 0x7c, 0x01, 0x93, 0x01, 0x50, 0x01, 0x60, 0x00, 0x60, 0x00,
        0x8f, 0x80, 0xa1, 0x01, 0x93, 0x01, 0x42, 0x01, 0xcb, 0x00, 0xa5, 0x01, 0x10, 0x01, 0x81, 0x00,
        0x96, 0x01, 0x32, 0x01, 0x43, 0x01, 0x32, 0x00, 0x20, 0x00, 0x16, 0x85, 0xc2, 0x00, 0x7d, 0x01,
        0x67, 0x01, 0x63, 0x01, 0x50, 0x01, 0xff, 0x00, 0x96, 0x01, 0x71, 0x00, 0x65, 0x01, 0x93, 0x01,
        0xc9, 0x83, 0x65, 0x00, 0x91, 0x01, 0x65, 0x00, 0x3b, 0x01, 0x8f, 0x00, 0x32, 0x01, 0x62, 0x00,
        0xa8, 0x00, 0x43, 0x00, 0x3e, 0x00, 0x88, 0x00, 0x4a, 0x01, 0x06, 0x01, 0x6c, 0x00, 0x6f, 0x00,
        0xa3, 0x01, 0xb9, 0x00, 0xbe, 0x00, 0x13, 0x00, 0x8f, 0x00, 0x3e, 0x00, 0x93, 0x01, 0xbe, 0x00,
        0x0c, 0x81, 0x0d, 0x00, 0x8f, 0x01, 0x86, 0x00, 0x7c, 0x01, 0x64, 0x01, 0x78, 0x01, 0x9e, 0x01,
        0x88, 0x00, 0x91, 0x01, 0x60, 0x00, 0x7e, 0x01, 0x63, 0x01, 0x66, 0x01, 0x74, 0x01, 0x93, 0x01,
        0x77, 0x01, 0xcb, 0x00, 0x3e, 0x01, 0x43, 0x00, 0x0a, 0x00, 0x9d, 0x01, 0x91, 0x01, 0x7b, 0x01,
        0x89, 0x00, 0x65, 0x00, 0x49, 0x01, 0x3e, 0x01, 0xc5, 0x00, 0x46, 0x01, 0x60, 0x00, 0x6f, 0x01,
        0x06, 0x01, 0x7d, 0x01, 0x64, 0x01, 0x89, 0x00, 0x3e, 0x01, 0x0c, 0x81, 0x3c, 0x00, 0x71, 0x00,
        0x43, 0x01, 0xb2, 0x00, 0xeb, 0x00, 0x16, 0x85, 0x3e, 0x00, 0xb2, 0x00, 0x15, 0x01, 0x7f, 0x01,
        0x4e, 0x01, 0x83, 0x01, 0xb0, 0x00, 0x1c, 0x01, 0x7d, 0x01, 0x7d, 0x01, 0xb2, 0x00, 0x69, 0x01,
        0x0c, 0x01, 0x79, 0x00, 0x55, 0x01, 0x6d, 0x01, 0x3e, 0x01, 0x18, 0x01, 0x55, 0x01, 0x9e, 0x01,
        0x1f, 0x00, 0x63, 0x00, 0x77, 0x01, 0x66, 0x01, 0x13, 0x00, 0xe4, 0x00, 0x0f, 0x01, 0x0f, 0x01,
        0x68, 0x81, 0x5b, 0x00, 0x78, 0x00, 0x80, 0x01, 0x9c, 0x00, 0xd0, 0x00, 0x93, 0x01, 0x90, 0x00,
        0x0d, 0x00, 0x93, 0x01, 0x7d, 0x01, 0x8f, 0x80, 0xa2, 0x00, 0x07, 0x00, 0xfd, 0x00, 0xe3, 0x00,
        0xb2, 0x00, 0x7c, 0x01, 0xa1, 0x01, 0xfd, 0x00, 0x14, 0x00, 0xb9, 0x00, 0xd5, 0x00, 0x26, 0x00,
        0xe4, 0x00, 0x0c, 0x01, 0x74, 0x01, 0xa5, 0x01, 0x93, 0x01, 0x93, 0x01, 0x36, 0x01, 0x93, 0x00,
        0x9e, 0x01, 0x88, 0x00, 0x89, 0x00, 0x3a, 0x81, 0x53, 0x01, 0x93, 0x01, 0x88, 0x00, 0x79, 0x00,
        0x78, 0x01, 0x9e, 0x01, 0x93, 0x01, 0x8e, 0x00, 0x18, 0x01, 0x4d, 0x00, 0x77, 0x01, 0x96, 0x01,
        0x86, 0x00, 0xeb, 0x00, 0x60, 0x00, 0x64, 0x01, 0x65, 0x00, 0xad, 0x00, 0x60, 0x00, 0x71, 0x01,
        0x3b, 0x01, 0xc2, 0x00, 0xa8, 0x00, 0x63, 0x00, 0x90, 0x00, 0x4e, 0x01, 0x26, 0x00, 0x55, 0x01,
        0x2f, 0x01, 0x3b, 0x01, 0x72, 0x01, 0xc0, 0x00, 0xbe, 0x00, 0x6c, 0x00, 0xa5, 0x01, 0x18, 0x01,
        0x9c, 0x01, 0x08, 0x00, 0x06, 0x00, 0x89, 0x00, 0x93, 0x01, 0x93, 0x01, 0xa8, 0x00, 0x8c, 0x84,
        0xfc, 0x00, 0x9c, 0x00, 0x13, 0x00, 0x29, 0x00, 0xa3, 0x01, 0x7d, 0x01, 0x41, 0x01, 0xc3, 0x00,
        0x67, 0x01, 0x77, 0x01, 0x64, 0x01, 0x0e, 0x00, 0x89, 0x00, 0x60, 0x00, 0xfd, 0x00, 0xf0, 0x00,
        0x8e, 0x00, 0x94, 0x01, 0x9f, 0x01, 0x6e, 0x01, 0x3a, 0x81, 0x3e, 0x00, 0x5f, 0x01, 0x66, 0x01,
        0x9e, 0x01, 0x7d, 0x01, 0x89, 0x00, 0x6e, 0x01, 0x91, 0x01, 0x93, 0x01, 0x3e, 0x00, 0x8a, 0x00,
        0xbf, 0x83, 0x65, 0x00, 0x65, 0x00, 0x6c, 0x00, 0x1b, 0x01, 0x43, 0x01, 0x1b, 0x01, 0x89, 0x00,
        0x9a, 0x00, 0xd7, 0x00, 0x18, 0x00, 0xcb, 0x00, 0x93, 0x01, 0x89, 0x00, 0xbe, 0x00, 0x41, 0x01,
        0x89, 0x00, 0x79, 0x01, 0x5f, 0x01, 0x0f, 0x01, 0x28, 0x01, 0x79, 0x00, 0x77, 0x01, 0x85, 0x00,
        0x0b, 0x01, 0x89, 0x00, 0x43, 0x01, 0x68, 0x01, 0x05, 0x01, 0x8d, 0x00, 0x9d, 0x01, 0x9f, 0x86,
        0xa3, 0x01, 0xc2, 0x00, 0x43, 0x01, 0xeb, 0x00, 0x28, 0x01, 0x86, 0x00, 0x15, 0x01, 0xf0, 0x00,
        0x7d, 0x01, 0x01, 0x01, 0x89, 0x00, 0x57, 0x01, 0x5f, 0x01, 0x26, 0x00, 0x88, 0x00, 0xa6, 0x00,
        0xc2, 0x00, 0x10, 0x00, 0x28, 0x01, 0x15, 0x01, 0x9d, 0x01, 0xb2, 0x00, 0x36, 0x00, 0x70, 0x01,
        0x5a, 0x01, 0x92, 0x00, 0x0e, 0x01, 0x64, 0x01, 0x0e, 0x01, 0xa0, 0x00, 0x7d, 0x01, 0x32, 0x01,
        0x90, 0x00, 0x75, 0x01, 0x2d, 0x00, 0x9c, 0x01, 0x55, 0x01, 0xae, 0x00, 0x0b, 0x01, 0x8b, 0x01,
        0x75, 0x01, 0x0e, 0x00, 0x09, 0x00, 0x75, 0x01, 0x13, 0x00, 0x5a, 0x01, 0x96, 0x01, 0x8d, 0x00,
        0x0a, 0x01, 0x46, 0x00, 0x63, 0x01, 0x71, 0x00, 0x75, 0x01, 0x93, 0x01, 0x2e, 0x00, 0x75, 0x01,
        0x50, 0x01, 0x8d, 0x00, 0x2e, 0x00, 0x91, 0x00, 0x68, 0x01, 0x26, 0x00, 0xa1, 0x00, 0x36, 0x00,
        0x61, 0x01, 0x3c, 0x00, 0xa2, 0x00, 0x9c, 0x00, 0x9d, 0x01, 0x6e, 0x01, 0x41, 0x01, 0x6f, 0x00,
        0xa7, 0x00, 0x4c, 0x00, 0x9d, 0x01, 0xf3, 0x86, 0x61, 0x01, 0x5a, 0x01, 0x72, 0x01, 0x7d, 0x01,
        0x93, 0x00, 0x0e, 0x01, 0x75, 0x01, 0x75, 0x01, 0x50, 0x01, 0x23, 0x00, 0x7d, 0x01, 0x4f, 0x01,
        0x46, 0x00, 0x93, 0x00, 0xb6, 0x00, 0x64, 0x01, 0x63, 0x01, 0xa7, 0x00, 0x2e, 0x00, 0x8e, 0x01,
        0xa5, 0x00, 0xa5, 0x00, 0xbc, 0x00, 0x26, 0x00, 0x37, 0x00, 0xb6, 0x00, 0x85, 0x01, 0x36, 0x00,
        0x0a, 0x01, 0x0e, 0x01, 0x4c, 0x00, 0x85, 0x01, 0xbc, 0x00, 0x0b, 0x01, 0xb2, 0x00, 0x2a, 0x00,
        0x34, 0x01, 0x60, 0x00, 0x08, 0x01, 0x2a, 0x00, 0x7f, 0x00, 0x06, 0x01, 0x78, 0x00, 0x33, 0x01,
        0x5b, 0x00, 0x36, 0x01, 0xd0, 0x00, 0x10, 0x01, 0x8c, 0x01, 0x96, 0x01, 0xb9, 0x00, 0xbc, 0x00,
        0x13, 0x00, 0x90, 0x00, 0x90, 0x00, 0x8d, 0x01, 0x06, 0x00, 0x3e, 0x01, 0x96, 0x00, 0x7f, 0x00,
        0x53, 0x01, 0x3f, 0x01, 0x90, 0x00, 0x46, 0x00, 0x77, 0x01, 0x36, 0x01, 0x90, 0x00, 0x10, 0x01,
        0x8e, 0x00, 0x02, 0x01, 0x4e, 0x00, 0xb2, 0x00, 0x99, 0x01, 0x1e, 0x00, 0x42, 0x00, 0x38, 0x00,
        0x5b, 0x01, 0x90, 0x00, 0x99, 0x00, 0x90, 0x00, 0x96, 0x01, 0x96, 0x01, 0xaf, 0x00, 0xfc, 0x00,
        0x7d, 0x01, 0x27, 0x00, 0x63, 0x00, 0xc8, 0x00, 0x96, 0x01, 0x5c, 0x01, 0x4d, 0x00, 0x89, 0x00,
        0x8d, 0x00, 0x05, 0x00, 0x42, 0x01, 0x89, 0x00, 0x0c, 0x01, 0x8e, 0x01, 0x44, 0x01, 0x72, 0x01,
        0x9b, 0x01, 0x7e, 0x01, 0x81, 0x00, 0x77, 0x00, 0x68, 0x01, 0x1d, 0x00, 0x0d, 0x00, 0x0d, 0x00,
        0x8b, 0x00, 0x77, 0x01, 0x4b, 0x00, 0x2d, 0x01, 0x33, 0x01, 0x3a, 0x00, 0x43, 0x00, 0x96, 0x01,
        0xd9, 0x00, 0x27, 0x00, 0x6c, 0x00, 0xb2, 0x00, 0x0b, 0x01, 0xd2, 0x00, 0x09, 0x00, 0x50, 0x01,
        0x3e, 0x01, 0x60, 0x00, 0x1b, 0x00, 0x0b, 0x00, 0x57, 0x00, 0x3a, 0x00, 0x9e, 0x01, 0x43, 0x00,
        0xb9, 0x00, 0x3a, 0x87, 0xed, 0x00, 0x60, 0x00, 0x6b, 0x00, 0x58, 0x00, 0x8a, 0x00, 0x63, 0x00,
        0x58, 0x00, 0x34, 0x01, 0xc9, 0x00, 0x03, 0x01, 0x4e, 0x01, 0x8b, 0x00, 0x0e, 0x01, 0xbc, 0x00,
        0xd2, 0x00, 0x0e, 0x00, 0xc1, 0x00, 0x71, 0x00, 0x10, 0x01, 0x27, 0x00, 0x78, 0x01, 0x75, 0x01,
        0x66, 0x01, 0x0d, 0x00, 0x0e, 0x01, 0xa9, 0x00, 0x42, 0x00, 0x68, 0x01, 0x8f, 0x00, 0x11, 0x01,
        0x44, 0x01, 0x1d, 0x01, 0x57, 0x00, 0xa6, 0x00, 0x96, 0x01, 0x53, 0x01, 0x89, 0x00, 0x3a, 0x00,
        0x77, 0x00, 0x1b, 0x00, 0x94, 0x01, 0xa1, 0x00, 0xab, 0x00, 0x0d, 0x00, 0x2c, 0x01, 0x3d, 0x00,
        0x92, 0x01, 0x1b, 0x00, 0x60, 0x00, 0x46, 0x84, 0x55, 0x01, 0xf5, 0x00, 0xb2, 0x00, 0xad, 0x00,
        0x93, 0x00, 0x6f, 0x00, 0x8b, 0x00, 0x76, 0x00, 0x53, 0x01, 0x65, 0x01, 0x93, 0x01, 0x26, 0x00,
        0x42, 0x01, 0x34, 0x01, 0x96, 0x01, 0xa5, 0x01, 0x68, 0x01, 0x2f, 0x01, 0x52, 0x01, 0xe7, 0x80,
        0x73, 0x01, 0x65, 0x00, 0xa4, 0x00, 0x63, 0x00, 0x29, 0x00, 0xa6, 0x00, 0x64, 0x00, 0x80, 0x01,
        0x7d, 0x85, 0x08, 0x01, 0x68, 0x01, 0x8b, 0x00, 0x04, 0x01, 0xab, 0x00, 0xa0, 0x01, 0x0d, 0x00,
        0x0d, 0x00, 0x0d, 0x00, 0x66, 0x00, 0x47, 0x01, 0x6e, 0x00, 0x7d, 0x01, 0x8b, 0x00, 0x3e, 0x00,
        0x6c, 0x00, 0x27, 0x00, 0x92, 0x01, 0x0d, 0x01, 0x2b, 0x01, 0x95, 0x01, 0xbe, 0x00, 0x14, 0x00,
        0x89, 0x00, 0xb8, 0x00, 0x42, 0x01, 0x96, 0x00, 0x60, 0x00, 0x8a, 0x01, 0x6c, 0x00, 0xa0, 0x00,
        0x08, 0x01, 0x08, 0x01, 0x96, 0x00, 0x2f, 0x00, 0x6f, 0x00, 0x7e, 0x01, 0x1b, 0x00, 0xa1, 0x01,
        0x14, 0x00, 0x86, 0x01, 0x0b, 0x01, 0x59, 0x01, 0xc1, 0x00, 0x3c, 0x00, 0x68, 0x01, 0x22, 0x01,
        0x8b, 0x00, 0x6f, 0x01, 0x0e, 0x00, 0x44, 0x01, 0x67, 0x01, 0x66, 0x01, 0x02, 0x01, 0x91, 0x01,
        0x6b, 0x01, 0x81, 0x00, 0x77, 0x01, 0x96, 0x01, 0x7f, 0x01, 0x30, 0x00, 0xc2, 0x00, 0x63, 0x01,
        0x4b, 0x00, 0x3d, 0x01, 0x89, 0x00, 0x8e, 0x00, 0x85, 0x00, 0x6b, 0x01, 0xcb, 0x00, 0x58, 0x00,
        0x2d, 0x00, 0x99, 0x01, 0xfe, 0x00, 0x5c, 0x00, 0x96, 0x01, 0x85, 0x00, 0x0b, 0x01, 0x80, 0x00,
        0x0f, 0x01, 0xd0, 0x00, 0x08, 0x01, 0x6c, 0x00, 0xa7, 0x00, 0x34, 0x01, 0xbd, 0x00, 0x80, 0x01,
        0x79, 0x00, 0x49, 0x01, 0x7f, 0x01, 0x29, 0x00, 0x65, 0x00, 0x5a, 0x00, 0x22, 0x01, 0x92, 0x01,
        0x6b, 0x00, 0xe7, 0x00, 0x08, 0x01, 0x68, 0x01, 0x36, 0x00, 0xbc, 0x00, 0xfc, 0x00, 0x4d, 0x00,
        0xb2, 0x00, 0x0d, 0x00, 0x9d, 0x01, 0x2a, 0x00, 0x2c, 0x01, 0x27, 0x00, 0x96, 0x01, 0x09, 0x01,
        0xbc, 0x00, 0xac, 0x00, 0x8b, 0x00, 0x15, 0x00, 0xb2, 0x00, 0x86, 0x00, 0x0d, 0x00, 0x43, 0x00,
        0x33, 0x00, 0x73, 0x01, 0xfc, 0x00, 0xde, 0x80, 0x66, 0x87, 0xfd, 0x00, 0xff, 0x00, 0x4c, 0x00,
        0x7d, 0x01, 0xd1, 0x00, 0x56, 0x01, 0x86, 0x01, 0x2c, 0x01, 0x71, 0x00, 0x77, 0x01, 0x81, 0x00,
        0x21, 0x00, 0xa1, 0x00, 0x35, 0x00, 0x02, 0x01, 0x85, 0x01, 0x89, 0x00, 0x71, 0x00, 0x41, 0x01,
        0xbd, 0x00, 0x1b, 0x00, 0xbe, 0x00, 0xe4, 0x00, 0x45, 0x01, 0x36, 0x00, 0x46, 0x00, 0x45, 0x01,
        0xaf, 0x00, 0x4e, 0x00, 0x96, 0x01, 0x68, 0x01, 0x14, 0x00, 0xce, 0x00, 0x2c, 0x01, 0x3d, 0x00,
        0xb6, 0x00, 0x3c, 0x00, 0x45, 0x00, 0x60, 0x00, 0x8b, 0x00, 0xd2, 0x00, 0xa7, 0x00, 0x3b, 0x00,
        0x8d, 0x00, 0x42, 0x00, 0x85, 0x00, 0x44, 0x01, 0xae, 0x00, 0x83, 0x01, 0x68, 0x01, 0xbe, 0x00,
        0x34, 0x01, 0x83, 0x01, 0x06, 0x01, 0xf6, 0x00, 0x06, 0x01, 0xf6, 0x00, 0x63, 0x00, 0x93, 0x00,
        0xbe, 0x00, 0xbe, 0x00, 0x73, 0x01, 0x14, 0x00, 0x3d, 0x00, 0x24, 0x01, 0x97, 0x01, 0x6b, 0x00,
        0x08, 0x01, 0xb4, 0x00, 0x15, 0x00, 0x95, 0x01, 0xab, 0x00, 0x34, 0x01, 0xac, 0x00, 0xa7, 0x00,
        0x7d, 0x01, 0x7f, 0x01, 0x78, 0x00, 0x91, 0x01, 0x47, 0x01, 0x4e, 0x01, 0xe7, 0x00, 0x29, 0x00,
        0x89, 0x00, 0x77, 0x01, 0x06, 0x01, 0x4d, 0x01, 0x66, 0x87, 0x95, 0x01, 0x58, 0x00, 0x40, 0x01,
        0x95, 0x01, 0x08, 0x01, 0x9d, 0x01, 0x4d, 0x01, 0xbe, 0x00, 0xbe, 0x00, 0x8b, 0x00, 0x59, 0x01,
        0x79, 0x01, 0x7d, 0x01, 0xab, 0x00, 0xbc, 0x00, 0x0b, 0x01, 0xb4, 0x00, 0xac, 0x00, 0x08, 0x01,
        0x7f, 0x01, 0x94, 0x01, 0x10, 0x01, 0xb4, 0x00, 0x0e, 0x00, 0x4e, 0x00, 0xa2, 0x01, 0xb2, 0x00,
        0x3e, 0x01, 0xc1, 0x00, 0x79, 0x01, 0x7f, 0x01, 0x9d, 0x01, 0x7d, 0x01, 0xce, 0x00, 0x43, 0x00,
        0x58, 0x00, 0x32, 0x01, 0x8f, 0x01, 0x32, 0x01, 0xf1, 0x00, 0x79, 0x00, 0xb0, 0x00, 0x66, 0x01,
        0x9e, 0x01, 0xe3, 0x00, 0x38, 0x00, 0x8d, 0x01, 0x08, 0x01, 0x8b, 0x01, 0x0d, 0x00, 0x07, 0x00,
        0x63, 0x01, 0x2b, 0x01, 0x9a, 0x00, 0x1c, 0x01, 0x5b, 0x00, 0x0d, 0x00, 0x37, 0x00, 0x78, 0x01,
        0x8f, 0x01, 0xce, 0x00, 0x47, 0x01, 0x81, 0x00, 0x05, 0x00, 0xb2, 0x00, 0x63, 0x00, 0x93, 0x00,
        0x03, 0x01, 0xd5, 0x00, 0x35, 0x00, 0x62, 0x85, 0x95, 0x01, 0x27, 0x00, 0x41, 0x01, 0x50, 0x01,
        0xb2, 0x00, 0x64, 0x01, 0x41, 0x01, 0x7f, 0x00, 0x53, 0x01, 0x9e, 0x01, 0x1b, 0x00, 0x7f, 0x01,
        0x18, 0x87, 0xb8, 0x00, 0x9a, 0x01, 0x06, 0x00, 0xae, 0x00, 0x5b, 0x00, 0x56, 0x00, 0x10, 0x01,
        0x79, 0x00, 0xb5, 0x00, 0x66, 0x01, 0x60, 0x00, 0xb5, 0x00, 0x18, 0x00, 0x90, 0x00, 0xb2, 0x00,
        0x7f, 0x01, 0xbe, 0x00, 0x93, 0x00, 0x06, 0x01, 0x37, 0x00, 0x06, 0x00, 0x8d, 0x01, 0xb8, 0x00,
        0x9f, 0x01, 0x90, 0x00, 0x73, 0x00, 0x82, 0x00, 0x09, 0x86, 0x25, 0x01, 0x49, 0x01, 0x0e, 0x00,
        0x1c, 0x01, 0xcf, 0x00, 0x80, 0x00, 0x6e, 0x01, 0x9f, 0x01, 0x81, 0x00, 0x8b, 0x00, 0x83, 0x01,
        0x32, 0x00, 0xb2, 0x00, 0x69, 0x01, 0x60, 0x00, 0xf0, 0x00, 0x0a, 0x00, 0x6c, 0x00, 0x6d, 0x01,
        0x65, 0x00, 0x49, 0x01, 0x0f, 0x01, 0x8a, 0x00, 0x1a, 0x00, 0x9a, 0x01, 0x49, 0x01, 0x00, 0x85,
        0x09, 0x86, 0x5b, 0x00, 0x85, 0x01, 0x9a, 0x00, 0x8c, 0x00, 0xd5, 0x00, 0x25, 0x01, 0x25, 0x01,
        0xf0, 0x00, 0x64, 0x01, 0xb5, 0x00, 0x8c, 0x00, 0xa4, 0x00, 0x14, 0x00, 0x84, 0x00, 0x36, 0x01,
        0x9f, 0x01, 0x66, 0x01, 0xf0, 0x00, 0x56, 0x01, 0xe7, 0x00, 0xb2, 0x00, 0xa5, 0x01, 0x43, 0x00,
        0xe7, 0x00, 0x50, 0x01, 0xac, 0x00, 0xce, 0x00, 0x3e, 0x01, 0x92, 0x00, 0xc6, 0x83, 0x6a, 0x00,
        0x92, 0x01, 0x92, 0x00, 0x7c, 0x01, 0x89, 0x00, 0x1f, 0x00, 0x95, 0x01, 0x71, 0x01, 0x7f, 0x01,
        0x7f, 0x00, 0x7d, 0x01, 0x79, 0x00, 0x5c, 0x01, 0x18, 0x01, 0x5f, 0x01, 0x5f, 0x01, 0x0f, 0x01,
        0xd9, 0x00, 0x9e, 0x01, 0x54, 0x01, 0xea, 0x00, 0x5f, 0x00, 0x89, 0x00, 0x36, 0x01, 0x30, 0x00,
        0xfd, 0x00, 0x91, 0x01, 0x2b, 0x01, 0x7f, 0x00, 0x93, 0x01, 0x89, 0x00, 0x5b, 0x00, 0x80, 0x01,
        0x18, 0x01, 0x3c, 0x00, 0x8f, 0x00, 0x41, 0x01, 0x59, 0x00, 0x45, 0x01, 0x37, 0x00, 0x92, 0x00,
        0x28, 0x87, 0x05, 0x00, 0x8f, 0x00, 0x60, 0x00, 0x93, 0x01, 0x06, 0x01, 0x9e, 0x01, 0x29, 0x00,
        0x7f, 0x00, 0x28, 0x87, 0xb0, 0x00, 0x64, 0x01, 0x60, 0x00, 0x69, 0x01, 0x32, 0x01, 0x14, 0x00,
        0x96, 0x01, 0x10, 0x01, 0xb9, 0x00, 0x96, 0x01, 0x2f, 0x01, 0x63, 0x00, 0x74, 0x01, 0x60, 0x00,
        0x59, 0x01, 0x91, 0x01, 0x3b, 0x00, 0x2a, 0x00, 0x34, 0x01, 0x94, 0x01, 0x66, 0x01, 0xa1, 0x01,
        0x91, 0x00, 0x07, 0x00, 0x10, 0x01, 0xd5, 0x00, 0x36, 0x01, 0xa3, 0x01, 0xa6, 0x00, 0x90, 0x00,
        0x18, 0x01, 0x77, 0x00, 0x69, 0x01, 0x8e, 0x00, 0x96, 0x01, 0x29, 0x00, 0x6d, 0x00, 0x06, 0x00,
        0x95, 0x00, 0xa6, 0x00, 0x81, 0x00, 0x32, 0x00, 0x84, 0x00, 0x69, 0x00, 0x4a, 0x01, 0x0c, 0x84,
        0xa2, 0x00, 0x8d, 0x00, 0x11, 0x01, 0x62, 0x00, 0xc1, 0x00, 0x6f, 0x01, 0x0c, 0x00, 0x66, 0x01,
        0x60, 0x00, 0x67, 0x00, 0x4b, 0x00, 0x1b, 0x01, 0x50, 0x01, 0x78, 0x01, 0xb0, 0x00, 0x69, 0x01,
        0x94, 0x00, 0x6e, 0x01, 0x62, 0x00, 0x47, 0x00, 0x53, 0x01, 0x3e, 0x01, 0x8c, 0x00, 0x67, 0x01,
        0x86, 0x00, 0x95, 0x00, 0x93, 0x01, 0x8b, 0x00, 0x94, 0x00, 0x27, 0x00, 0xcf, 0x00, 0x91, 0x01,
        0xc2, 0x00, 0x26, 0x00, 0x0f, 0x01, 0x36, 0x01, 0x08, 0x00, 0x53, 0x01, 0x68, 0x01, 0x84, 0x00,
        0x0c, 0x01, 0x69, 0x00, 0x6d, 0x01, 0x4e, 0x01, 0x54, 0x01, 0x69, 0x01, 0x7f, 0x00, 0x64, 0x01,
        0x60, 0x00, 0x52, 0x01, 0x43, 0x01, 0x4f, 0x00, 0xa8, 0x00, 0x60, 0x00, 0x90, 0x00, 0x81, 0x00,
        0x93, 0x01, 0x73, 0x01, 0x91, 0x00, 0x5c, 0x00, 0x89, 0x00, 0x6e, 0x01, 0x18, 0x01, 0x9f, 0x01,
        0x3d, 0x81, 0x51, 0x00, 0xb2, 0x00, 0xc2, 0x00, 0xb5, 0x00, 0x29, 0x00, 0x11, 0x01, 0x2f, 0x01,
        0x06, 0x01, 0x06, 0x01, 0x9c, 0x01, 0x06, 0x01, 0x5c, 0x01, 0x08, 0x01, 0x66, 0x01, 0x35, 0x01,
        0x5e, 0x01, 0x9f, 0x85, 0x4a, 0x01, 0x5c, 0x01, 0x64, 0x00, 0x5d, 0x01, 0x0c, 0x00, 0x9b, 0x01,
        0x17, 0x00, 0x73, 0x00, 0x37, 0x00, 0x19, 0x83, 0xba, 0x00, 0x06, 0x01, 0x8c, 0x01, 0x0d, 0x00,
        0x31, 0x00, 0xb9, 0x00, 0xcf, 0x00, 0x06, 0x01, 0x0b, 0x01, 0x4f, 0x01, 0x9f, 0x01, 0x72, 0x00,
        0xa0, 0x01, 0x64, 0x01, 0x9e, 0x01, 0x6b, 0x01, 0xb5, 0x00, 0x8f, 0x00, 0x5a, 0x00, 0x20, 0x01,
        0xd2, 0x00, 0x7d, 0x01, 0x9f, 0x01, 0x58, 0x00, 0xc2, 0x00, 0x6e, 0x01, 0x79, 0x01, 0x2e, 0x01,
        0x06, 0x01, 0x6e, 0x01, 0x67, 0x01, 0x8b, 0x00, 0x9c, 0x00, 0x66, 0x01, 0x1f, 0x01, 0xcf, 0x00,
        0x89, 0x00, 0x4e, 0x00, 0x28, 0x00, 0x43, 0x00, 0xd2, 0x00, 0xd0, 0x00, 0x7e, 0x01, 0x69, 0x01,
        0x09, 0x00, 0x3e, 0x01, 0x0f, 0x01, 0x0e, 0x00, 0x84, 0x00, 0x69, 0x00, 0x33, 0x00, 0xcf, 0x00,
        0x5e, 0x01, 0x60, 0x00, 0x5e, 0x01, 0x54, 0x01, 0x6b, 0x00, 0xd0, 0x00, 0x69, 0x01, 0xb4, 0x00,
        0x9f, 0x01, 0x0e, 0x00, 0x80, 0x01, 0x78, 0x01, 0x4e, 0x01, 0x6d, 0x00, 0x93, 0x01, 0x80, 0x01,
        0x26, 0x00, 0x21, 0x00, 0x3b, 0x00, 0x65, 0x01, 0x7e, 0x01, 0x9f, 0x01, 0x6e, 0x01, 0x33, 0x01,
        0x5e, 0x01, 0x69, 0x00, 0x6f, 0x01, 0x79, 0x01, 0x8f, 0x00, 0x77, 0x01, 0x9b, 0x01, 0xe3, 0x00,
        0x08, 0x00, 0x6c, 0x00, 0xf7, 0x00, 0x95, 0x01, 0x8b, 0x00, 0x32, 0x00, 0x11, 0x01, 0x3a, 0x01,
        0x80, 0x01, 0x65, 0x01, 0x37, 0x00, 0x64, 0x01, 0x1b, 0x01, 0x4a, 0x01, 0x60, 0x00, 0x80, 0x01,
        0x25, 0x00, 0x65, 0x00, 0x1d, 0x01, 0x81, 0x00, 0x82, 0x01, 0x4d, 0x01, 0xd2, 0x86, 0x41, 0x01,
        0x91, 0x01, 0x9f, 0x01, 0x4a, 0x01, 0x85, 0x00, 0x17, 0x00, 0x0d, 0x00, 0x5c, 0x00, 0x35, 0x00,
        0xb2, 0x00, 0x45, 0x01, 0x73, 0x01, 0x64, 0x01, 0x9f, 0x01, 0xb0, 0x00, 0x94, 0x00, 0x08, 0x01,
        0xc7, 0x00, 0x93, 0x01, 0xc2, 0x00, 0xd7, 0x00, 0xff, 0x00, 0xb4, 0x00, 0xce, 0x00, 0x6f, 0x01,
        0x9f, 0x01, 0x89, 0x00, 0x2d, 0x01, 0x43, 0x01, 0x7d, 0x82, 0xc2, 0x00, 0x0c, 0x00, 0x77, 0x01,
        0x27, 0x01, 0xd6, 0x00, 0x02, 0x87, 0x09, 0x01, 0x87, 0x00, 0x66, 0x01, 0x89, 0x00, 0x2b, 0x01,
        0x6d, 0x01, 0x14, 0x01, 0x6f, 0x01, 0x43, 0x01, 0x0a, 0x01, 0x89, 0x01, 0xa5, 0x01, 0x93, 0x01,
        0x2d, 0x01, 0x25, 0x01, 0xb8, 0x00, 0x7d, 0x01, 0x58, 0x00, 0xb6, 0x00, 0x31, 0x00, 0xa4, 0x01,
        0x8b, 0x00, 0x16, 0x01, 0x21, 0x00, 0x20, 0x01, 0x6d, 0x01, 0x86, 0x00, 0x82, 0x00, 0xa2, 0x01,
        0x64, 0x01, 0x09, 0x01, 0x80, 0x01, 0x3a, 0x00, 0x33, 0x01, 0x86, 0x00, 0x64, 0x01, 0x28, 0x01,
        0x8b, 0x00, 0x8c, 0x00, 0x84, 0x00, 0x85, 0x01, 0x33, 0x00, 0x69, 0x01, 0x8d, 0x00, 0x0d, 0x00,
        0x3c, 0x00, 0x77, 0x01, 0xeb, 0x00, 0x43, 0x01, 0x77, 0x01, 0x2c, 0x01, 0x6e, 0x01, 0x89, 0x00,
        0x12, 0x00, 0x08, 0x01, 0xac, 0x00, 0x05, 0x01, 0x71, 0x01, 0xa2, 0x01, 0x06, 0x01, 0xfc, 0x00,
        0x75, 0x01, 0xd5, 0x00, 0xb0, 0x00, 0x69, 0x01, 0xa2, 0x01, 0xa6, 0x00, 0x7c, 0x01, 0x6e, 0x01,
        0xb0, 0x00, 0x66, 0x01, 0x21, 0x00, 0x8d, 0x00, 0xbe, 0x00, 0x21, 0x00, 0x79, 0x01, 0x17, 0x00,
        0x15, 0x01, 0x66, 0x01, 0xa3, 0x01, 0xa2, 0x01, 0xc1, 0x00, 0x9b, 0x84, 0x3e, 0x00, 0xac, 0x00,
        0xb0, 0x00, 0xb4, 0x00, 0x3e, 0x01, 0x92, 0x00, 0x7d, 0x01, 0xf1, 0x82, 0x95, 0x01, 0xc0, 0x85,
        0xd4, 0x82, 0x06, 0x87, 0x89, 0x00, 0x5c, 0x01, 0xa6, 0x00, 0x89, 0x00, 0x18, 0x01, 0x5e, 0x01,
        0x80, 0x01, 0x7f, 0x00, 0x30, 0x00, 0xfd, 0x00, 0x2b, 0x01, 0x64, 0x00, 0xd9, 0x00, 0x18, 0x01,
        0x9f, 0x01, 0x19, 0x83, 0x5b, 0x00, 0x93, 0x01, 0x5f, 0x01, 0x59, 0x00, 0x96, 0x01, 0x91, 0x01,
        0xea, 0x00, 0x36, 0x01, 0x66, 0x01, 0x63, 0x00, 0x69, 0x01, 0x60, 0x00, 0xb4, 0x00, 0xa1, 0x01,
        0x32, 0x01, 0x64, 0x01, 0x93, 0x01, 0x94, 0x01, 0x95, 0x01, 0x07, 0x00, 0x60, 0x00, 0x2a, 0x00,
        0x2f, 0x01, 0x77, 0x01, 0x90, 0x00, 0x3b, 0x00, 0x08, 0x00, 0x1b, 0x01, 0x8e, 0x00, 0xa2, 0x00,
        0x16, 0x01, 0x47, 0x00, 0x77, 0x00, 0x86, 0x00, 0xeb, 0x82, 0x6f, 0x01, 0x8c, 0x00, 0x7a, 0x84,
        0x95, 0x00, 0x8d, 0x00, 0x53, 0x01, 0x69, 0x00, 0x68, 0x01, 0x94, 0x00, 0x6d, 0x01, 0x64, 0x01,
        0x43, 0x01, 0x4a, 0x01, 0x89, 0x00, 0x4e, 0x01, 0x89, 0x00, 0x6e, 0x01, 0xb9, 0x00, 0x79, 0x01,
        0x6e, 0x01, 0x06, 0x01, 0x5a, 0x00, 0x25, 0x81, 0x2e, 0x01, 0x72, 0x00, 0x33, 0x01, 0x5e, 0x01,
        0xcf, 0x00, 0x35, 0x01, 0x0c, 0x00, 0x29, 0x00, 0x4a, 0x01, 0xba, 0x00, 0x11, 0x01, 0x3d, 0x87,
        0x8c, 0x01, 0x5c, 0x01, 0xc6, 0x84, 0x9b, 0x01, 0x9e, 0x01, 0x9c, 0x00, 0x67, 0x01, 0x8b, 0x00,
        0xcf, 0x00, 0xac, 0x00, 0x4e, 0x01, 0xd0, 0x00, 0xbf, 0x83, 0x80, 0x01, 0x86, 0x00, 0x3e, 0x01,
        0x51, 0x00, 0x4e, 0x00, 0x95, 0x80, 0x66, 0x01, 0x6b, 0x00, 0x9b, 0x01, 0x84, 0x00, 0x43, 0x00,
        0xc2, 0x00, 0x0e, 0x00, 0xd2, 0x00, 0x7e, 0x01, 0x8f, 0x00, 0x60, 0x00, 0x1d, 0x01, 0x91, 0x01,
        0x5c, 0x00, 0x37, 0x00, 0x65, 0x00, 0x21, 0x00, 0xb2, 0x00, 0x77, 0x01, 0x8b, 0x00, 0x12, 0x00,
        0xff, 0x00, 0xc7, 0x00, 0xb0, 0x00, 0x79, 0x01, 0x7a, 0x86, 0x28, 0x85, 0x27, 0x01, 0x69, 0x01,
        0xb6, 0x00, 0x2d, 0x01, 0x89, 0x01, 0x8c, 0x00, 0x08, 0x01, 0xcc, 0x85, 0x84, 0x00, 0x00, 0x84,
        0xa2, 0x01, 0x5f, 0x00, 0x69, 0x01, 0x64, 0x00, 0x5f, 0x00, 0x12, 0x01, 0x5f, 0x00, 0x06, 0x01,
        0x14, 0x00, 0x02, 0x01, 0x67, 0x01, 0x8e, 0x01, 0x64, 0x00, 0x79, 0x01, 0x79, 0x01, 0x0d, 0x01,
        0x65, 0x01, 0x6f, 0x00, 0xa4, 0x01, 0x48, 0x01, 0x26, 0x00, 0x06, 0x01, 0x60, 0x01, 0x79, 0x01,
        0xb0, 0x00, 0x48, 0x01, 0xbe, 0x00, 0x6f, 0x00, 0x5d, 0x01, 0x5d, 0x01, 0x64, 0x00, 0x5d, 0x01,
        0x76, 0x00, 0xc1, 0x00, 0xc1, 0x00, 0x60, 0x00, 0x32, 0x01, 0x57, 0x00, 0x6c, 0x00, 0x96, 0x01,
        0x93, 0x00, 0xc9, 0x00, 0x6c, 0x00, 0xd2, 0x00, 0x64, 0x00, 0x05, 0x00, 0x6d, 0x00, 0x4e, 0x01,
        0x94, 0x00, 0x60, 0x00, 0x32, 0x01, 0x73, 0x01, 0x8e, 0x01, 0xa3, 0x01, 0x6d, 0x00, 0x9d, 0x01,
        0x7d, 0x01, 0x93, 0x01, 0x02, 0x00, 0x57, 0x00, 0xac, 0x00, 0x36, 0x01, 0x3e, 0x01, 0xfd, 0x00,
        0xc5, 0x00, 0xba, 0x00, 0x44, 0x80, 0x57, 0x00, 0xb2, 0x00, 0x23, 0x00, 0x5e, 0x01, 0x0d, 0x00,
        0x89, 0x00, 0x89, 0x01, 0x28, 0x00, 0xba, 0x00, 0x89, 0x00, 0x94, 0x00, 0xce, 0x00, 0x8e, 0x01,
        0xc1, 0x00, 0xfd, 0x00, 0x89, 0x00, 0x89, 0x00, 0xbf, 0x00, 0x74, 0x01, 0xce, 0x00, 0x09, 0x01,
        0x3a, 0x00, 0xcb, 0x00, 0x74, 0x01, 0x7c, 0x01, 0x7c, 0x01, 0x5b, 0x00, 0x05, 0x00, 0x65, 0x00,
        0x74, 0x01, 0x6c, 0x00, 0x09, 0x01, 0x84, 0x01, 0x65, 0x00, 0xb9, 0x00, 0x77, 0x01, 0x96, 0x01,
        0x43, 0x00, 0x6d, 0x01, 0x09, 0x01, 0x77, 0x01, 0x66, 0x01, 0x1b, 0x01, 0x13, 0x01, 0x13, 0x01,
        0x09, 0x01, 0x84, 0x00, 0x45, 0x01, 0x66, 0x01, 0x77, 0x01, 0x74, 0x01, 0x09, 0x01, 0x08, 0x01,
        0x7d, 0x01, 0x69, 0x00, 0x8e, 0x00, 0x49, 0x01, 0x7e, 0x01, 0x64, 0x01, 0x58, 0x00, 0x2d, 0x01,
        0x5b, 0x00, 0x2d, 0x01, 0xb4, 0x00, 0xb0, 0x00, 0x69, 0x00, 0xec, 0x00, 0x09, 0x01, 0x21, 0x00,
        0x7d, 0x01, 0x6a, 0x00, 0x77, 0x01, 0x28, 0x00, 0x60, 0x01, 0x5b, 0x00, 0x7f, 0x00, 0x27, 0x00,
        0x27, 0x00, 0x37, 0x00, 0x60, 0x00, 0x65, 0x01, 0x0b, 0x00, 0x77, 0x01, 0xaa, 0x00, 0x77, 0x01,
        0xfd, 0x00, 0xb9, 0x00, 0xba, 0x00, 0x93, 0x01, 0x10, 0x01, 0x64, 0x01, 0x69, 0x01, 0x67, 0x01,
        0x64, 0x01, 0x64, 0x01, 0x9c, 0x00, 0x0a, 0x01, 0x86, 0x00, 0x86, 0x00, 0x68, 0x01, 0x2b, 0x01,
        0x7f, 0x00, 0x8c, 0x00, 0xff, 0x81, 0x37, 0x00, 0x5a, 0x00, 0x3e, 0x00, 0x2b, 0x01, 0x27, 0x00,
        0x96, 0x01, 0x8b, 0x00, 0x6f, 0x01, 0x27, 0x00, 0xfe, 0x00, 0x9f, 0x01, 0x5c, 0x01, 0x86, 0x00,
        0x80, 0x00, 0x79, 0x00, 0x79, 0x00, 0x76, 0x00, 0x04, 0x00, 0xff, 0x00, 0x77, 0x01, 0xb4, 0x00,
        0x80, 0x00, 0x04, 0x00, 0xb8, 0x00, 0xfb, 0x00, 0x0a, 0x01, 0x04, 0x00, 0x58, 0x00, 0x77, 0x01,
        0x86, 0x00, 0x6f, 0x01, 0x3e, 0x00, 0x75, 0x01, 0xae, 0x00, 0xae, 0x00, 0x9b, 0x00, 0xc9, 0x00,
        0x8f, 0x01, 0xa5, 0x85, 0x6b, 0x00, 0x6b, 0x00, 0x6b, 0x00, 0x47, 0x00, 0x47, 0x00, 0x56, 0x00,
        0x37, 0x01, 0x1f, 0x01, 0x6e, 0x82, 0xda, 0x00, 0x47, 0x82, 0xb0, 0x00, 0x52, 0x01, 0x9e, 0x01,
        0x69, 0x00, 0x23, 0x00, 0x78, 0x00, 0x80, 0x01, 0x41, 0x80, 0xfd, 0x00, 0x77, 0x01, 0x3e, 0x01,
        0x10, 0x01, 0x8a, 0x00, 0x93, 0x00, 0x88, 0x00, 0x2a, 0x00, 0xae, 0x00, 0xc0, 0x00, 0x89, 0x00,
        0x49, 0x01, 0xf4, 0x00, 0xbd, 0x00, 0xec, 0x00, 0x8c, 0x00, 0xf8, 0x00, 0x8a, 0x01, 0xbd, 0x00,
        0x89, 0x00, 0xae, 0x00, 0x88, 0x00, 0x7c, 0x01, 0xd5, 0x00, 0x83, 0x00, 0x56, 0x00, 0x77, 0x01,
        0x49, 0x00, 0x76, 0x01, 0x3a, 0x00, 0x3f, 0x01, 0x0c, 0x01, 0x80, 0x01, 0x27, 0x00, 0x3c, 0x00,
        0x3c, 0x00, 0x7f, 0x00, 0x69, 0x00, 0x93, 0x01, 0xf7, 0x00, 0xe7, 0x00, 0x3c, 0x00, 0x91, 0x01,
        0x24, 0x00, 0xb9, 0x00, 0x92, 0x01, 0x7c, 0x01, 0x5a, 0x01, 0xb6, 0x00, 0xbc, 0x00, 0x93, 0x01,
        0xe9, 0x00, 0x50, 0x01, 0x56, 0x00, 0x72, 0x01, 0x51, 0x01, 0x09, 0x83, 0x6e, 0x01, 0xb4, 0x00,
        0x78, 0x00, 0x33, 0x01, 0xb7, 0x00, 0x01, 0x01, 0x90, 0x00, 0x93, 0x00, 0x0d, 0x00, 0x43, 0x00,
        0x73, 0x00, 0x5f, 0x01, 0x6e, 0x01, 0x02, 0x01, 0x33, 0x00, 0x49, 0x00, 0xe3, 0x00, 0x52, 0x01,
        0x93, 0x00, 0x33, 0x00, 0xa7, 0x00, 0xb4, 0x00, 0xa7, 0x00, 0x33, 0x00, 0xb4, 0x00, 0x60, 0x01,
        0xa7, 0x00, 0xb4, 0x00, 0xb4, 0x00, 0x33, 0x00, 0x04, 0x00, 0x33, 0x01, 0x3f, 0x01, 0x52, 0x01,
        0xa7, 0x00, 0xe7, 0x00, 0x93, 0x01, 0x3c, 0x00, 0xe9, 0x00, 0x0b, 0x01, 0xe3, 0x00, 0x52, 0x01,
        0x52, 0x01, 0xbc, 0x00, 0x7d, 0x01, 0x7d, 0x01, 0x8e, 0x01, 0x3e, 0x01, 0x41, 0x01, 0x77, 0x01,
        0x41, 0x01, 0x3e, 0x01, 0x8e, 0x01, 0x8e, 0x01, 0x1c, 0x01, 0x77, 0x01, 0x80, 0x84, 0x89, 0x00,
        0x0f, 0x01, 0x9e, 0x00, 0x1a, 0x00, 0x66, 0x00, 0x14, 0x00, 0x84, 0x00, 0x85, 0x00, 0x27, 0x00,
        0x18, 0x01, 0x68, 0x01, 0x1d, 0x01, 0x95, 0x01, 0x7e, 0x01, 0x4d, 0x00, 0x64, 0x00, 0x1b, 0x01,
        0x63, 0x00, 0x1f, 0x00, 0x61, 0x01, 0x22, 0x00, 0x6c, 0x00, 0x93, 0x01, 0x76, 0x00, 0x60, 0x00,
        0x5a, 0x00, 0x5b, 0x00, 0xfa, 0x00, 0xf8, 0x00, 0x8b, 0x00, 0x59, 0x00, 0x9c, 0x01, 0x7c, 0x01,
        0xd9, 0x00, 0x03, 0x00, 0x9e, 0x00, 0x14, 0x01, 0x6a, 0x00, 0x0c, 0x87, 0x5f, 0x01, 0x75, 0x01,
        0x06, 0x01, 0xfd, 0x00, 0x08, 0x01, 0x64, 0x01, 0x64, 0x01, 0x5a, 0x00, 0x9e, 0x00, 0x90, 0x00,
        0x47, 0x01, 0x32, 0x01, 0x94, 0x01, 0x8d, 0x01, 0x69, 0x01, 0x32, 0x01, 0x5e, 0x01, 0x95, 0x01,
        0x47, 0x00, 0x3c, 0x00, 0x5a, 0x00, 0x05, 0x00, 0x14, 0x00, 0x10, 0x01, 0x4f, 0x01, 0x0a, 0x00,
        0x6d, 0x00, 0x47, 0x01, 0x9e, 0x01, 0x5a, 0x00, 0x93, 0x01, 0xe3, 0x00, 0x02, 0x01, 0x9e, 0x01,
        0x60, 0x00, 0x86, 0x85, 0x91, 0x01, 0x66, 0x01, 0xa5, 0x01, 0xfa, 0x00, 0x8a, 0x00, 0x33, 0x01,
        0x93, 0x01, 0x09, 0x00, 0xd7, 0x00, 0x10, 0x01, 0x81, 0x00, 0x9c, 0x00, 0x27, 0x00, 0x78, 0x01,
        0x6e, 0x01, 0x74, 0x01, 0xbc, 0x00, 0x4b, 0x00, 0x97, 0x00, 0xbe, 0x00, 0x90, 0x00, 0xed, 0x00,
        0x73, 0x01, 0xf8, 0x00, 0xa3, 0x00, 0x77, 0x01, 0x70, 0x00, 0x75, 0x00, 0xa5, 0x82, 0x4b, 0x00,
        0x27, 0x00, 0x8d, 0x00, 0x6c, 0x01, 0x6c, 0x01, 0x56, 0x00, 0x02, 0x00, 0x7c, 0x00, 0xfe, 0x00,
        0xe1, 0x00, 0x9e, 0x01, 0x71, 0x00, 0x26, 0x00, 0x50, 0x01, 0x93, 0x01, 0x37, 0x00, 0xcb, 0x00,
        0x69, 0x01, 0x37, 0x00, 0x69, 0x01, 0xe8, 0x84, 0xe8, 0x84, 0x89, 0x00, 0x69, 0x01, 0xe8, 0x00,
        0xa4, 0x00, 0x23, 0x01, 0x84, 0x01, 0x06, 0x01, 0xdd, 0x00, 0xce, 0x00, 0xeb, 0x00, 0xbf, 0x00,
        0x5c, 0x01, 0x14, 0x00, 0x5f, 0x01, 0x5c, 0x01, 0x6d, 0x01, 0xf1, 0x83, 0x90, 0x00, 0x7c, 0x01,
        0x7c, 0x00, 0x39, 0x00, 0xb7, 0x00, 0x2d, 0x01, 0x52, 0x01, 0xcb, 0x00, 0x30, 0x00, 0x32, 0x01,
        0x08, 0x01, 0xf6, 0x81, 0x30, 0x84, 0x35, 0x00, 0x6d, 0x01, 0x6a, 0x01, 0x59, 0x01, 0xf9, 0x00,
        0x26, 0x00, 0xdf, 0x00, 0x9f, 0x82, 0x4c, 0x00, 0x59, 0x01, 0xe6, 0x00, 0xdd, 0x00, 0xfd, 0x00,
        0x6c, 0x00, 0xc1, 0x00, 0xb2, 0x00, 0xb4, 0x00, 0x8d, 0x01, 0x37, 0x00, 0x8e, 0x00, 0xb5, 0x00,
        0x3b, 0x01, 0xfd, 0x00, 0x10, 0x00, 0xc0, 0x00, 0xfe, 0x00, 0xb0, 0x00, 0xa7, 0x00, 0x2f, 0x00,
        0x3c, 0x00, 0x4f, 0x01, 0xdf, 0x00, 0x90, 0x00, 0xda, 0x00, 0x6e, 0x84, 0x76, 0x01, 0x0d, 0x80,
        0x18, 0x01, 0x32, 0x01, 0x31, 0x00, 0x60, 0x00, 0x60, 0x00, 0x93, 0x00, 0x5a, 0x00, 0x09, 0x01,
        0x5c, 0x01, 0x4b, 0x00, 0xfd, 0x00, 0x73, 0x00, 0x9f, 0x01, 0x49, 0x00, 0x61, 0x01, 0xcb, 0x00,
        0xe3, 0x00, 0x99, 0x01, 0x27, 0x00, 0x34, 0x00, 0xc1, 0x00, 0xf4, 0x00, 0x43, 0x00, 0x02, 0x00,
        0x6b, 0x01, 0xdd, 0x00, 0x36, 0x01, 0x39, 0x01, 0xdb, 0x00, 0x80, 0x01, 0x94, 0x01, 0x1c, 0x01,
        0x52, 0x00, 0x24, 0x01, 0x55, 0x01, 0x75, 0x01, 0x8b, 0x00, 0x5e, 0x01, 0xf1, 0x83, 0x7d, 0x01,
        0x8a, 0x00, 0x4e, 0x00, 0x0d, 0x00, 0x22, 0x00, 0x60, 0x00, 0x66, 0x01, 0xe3, 0x00, 0xcf, 0x00,
        0x5a, 0x01, 0x4d, 0x01, 0x57, 0x01, 0x5a, 0x80, 0x08, 0x01, 0xc2, 0x00, 0x5a, 0x01, 0x35, 0x01,
        0x49, 0x01, 0x41, 0x01, 0x9b, 0x01, 0x66, 0x00, 0x77, 0x01, 0x14, 0x00, 0xb6, 0x00, 0x89, 0x00,
        0xfd, 0x00, 0x69, 0x01, 0x65, 0x00, 0xc2, 0x00, 0x12, 0x00, 0xf4, 0x00, 0x22, 0x00, 0xbe, 0x00,
        0x73, 0x00, 0xf8, 0x00, 0x2c, 0x00, 0x10, 0x00, 0x8c, 0x00, 0x60, 0x00, 0x49, 0x01, 0xd5, 0x00,
        0x64, 0x01, 0x99, 0x01, 0xc2, 0x00, 0x8d, 0x00, 0x79, 0x01, 0xc2, 0x00, 0x93, 0x01, 0x70, 0x01,
        0x38, 0x00, 0xb8, 0x00, 0x53, 0x01, 0xfc, 0x00, 0xe3, 0x00, 0x2c, 0x00, 0xb6, 0x00, 0x37, 0x00,
        0x71, 0x00, 0x68, 0x01, 0x4d, 0x01, 0x58, 0x00, 0x93, 0x01, 0x8d, 0x00, 0x2d, 0x01, 0x81, 0x00,
        0x37, 0x00, 0x21, 0x01, 0x67, 0x01, 0x43, 0x01, 0x5b, 0x00, 0x79, 0x01, 0xe4, 0x81, 0x97, 0x01,
        0x3c, 0x00, 0xa4, 0x00, 0xeb, 0x00, 0x58, 0x01, 0xb4, 0x00, 0x70, 0x80, 0x7b, 0x01, 0x95, 0x00,
        0x2a, 0x00, 0x77, 0x01, 0x94, 0x00, 0xaa, 0x00, 0xb4, 0x00, 0x27, 0x01, 0x58, 0x01, 0x6c, 0x00,
        0x06, 0x01, 0x37, 0x00, 0x12, 0x00, 0x71, 0x01, 0xdd, 0x00, 0x61, 0x01, 0x84, 0x01, 0x66, 0x01,
        0x10, 0x00, 0x6b, 0x01, 0xa5, 0x00, 0xaa, 0x00, 0x73, 0x01, 0xbe, 0x00, 0x88, 0x00, 0x81, 0x01,
        0xc1, 0x00, 0x10, 0x01, 0x84, 0x01, 0xbf, 0x00, 0xe3, 0x00, 0x81, 0x01, 0x25, 0x00, 0x08, 0x01,
        0x61, 0x01, 0x70, 0x00, 0x84, 0x01, 0xb8, 0x00, 0x70, 0x00, 0x9e, 0x01, 0x8d, 0x00, 0xe7, 0x00,
        0x77, 0x81, 0x89, 0x00, 0x65, 0x00, 0x29, 0x00, 0xcf, 0x00, 0xe7, 0x00, 0x93, 0x01, 0x93, 0x01,
        0x66, 0x00, 0x8b, 0x00, 0x47, 0x00, 0x93, 0x01, 0x6d, 0x01, 0x47, 0x01, 0x91, 0x01, 0x92, 0x00,
        0x66, 0x01, 0x7d, 0x01, 0x1f, 0x00, 0x75, 0x01, 0x7d, 0x01, 0x28, 0x00, 0x64, 0x01, 0x64, 0x01,
        0x92, 0x00, 0x7d, 0x01, 0x7d, 0x01, 0x6b, 0x01, 0x93, 0x00, 0x92, 0x00, 0x6a, 0x01, 0x30, 0x01,
        0x30, 0x01, 0x30, 0x01, 0x92, 0x00, 0x34, 0x01, 0x48, 0x01, 0x36, 0x01, 0x34, 0x01, 0x4f, 0x01,
        0x48, 0x01, 0x05, 0x01, 0x05, 0x01, 0x6f, 0x00, 0x82, 0x00, 0x4f, 0x01, 0x2d, 0x00, 0x3c, 0x01,
        0x65, 0x01, 0x63, 0x01, 0x95, 0x01, 0x3e, 0x00, 0x2d, 0x00, 0x2d, 0x01, 0x77, 0x01, 0x58, 0x00,
        0xf5, 0x00, 0x47, 0x01, 0x58, 0x00, 0x07, 0x00, 0x2d, 0x00, 0x77, 0x00, 0x59, 0x00, 0x4d, 0x80,
        0x0d, 0x00, 0xbe, 0x00, 0x94, 0x01, 0x8b, 0x00, 0x19, 0x00, 0xb9, 0x00, 0x96, 0x01, 0x86, 0x01,
        0x51, 0x00, 0x14, 0x00, 0x66, 0x01, 0x66, 0x00, 0x2d, 0x00, 0x65, 0x01, 0xbe, 0x00, 0x0e, 0x01,
        0xf8, 0x00, 0x64, 0x01, 0xa3, 0x00, 0x60, 0x00, 0x85, 0x01, 0x5c, 0x00, 0xb2, 0x00, 0x2f, 0x01,
        0x7d, 0x01, 0xad, 0x00, 0x52, 0x01, 0x7d, 0x01, 0x5e, 0x01, 0x14, 0x00, 0xcd, 0x00, 0xe4, 0x00,
        0x93, 0x00, 0x85, 0x00, 0x35, 0x01, 0x9c, 0x00, 0x0e, 0x00, 0xd7, 0x00, 0x47, 0x00, 0x3e, 0x00,
        0x08, 0x00, 0x1f, 0x00, 0x77, 0x01, 0x40, 0x01, 0x19, 0x00, 0x1a, 0x00, 0xbd, 0x00, 0x3b, 0x00,
        0x70, 0x01, 0x75, 0x01, 0x28, 0x00, 0x42, 0x00, 0x3d, 0x00, 0x09, 0x01, 0xbe, 0x00, 0x77, 0x01,
        0x89, 0x00, 0x8b, 0x00, 0x88, 0x00, 0xcd, 0x00, 0x06, 0x01, 0xbe, 0x00, 0xbe, 0x00, 0x21, 0x00,
        0x3a, 0x01, 0x68, 0x00, 0xb5, 0x00, 0x8b, 0x00, 0x8b, 0x00, 0x12, 0x86, 0x73, 0x01, 0xb3, 0x80,
        0x02, 0x01, 0x73, 0x01, 0x73, 0x01, 0x1a, 0x00, 0x1a, 0x00, 0x77, 0x01, 0xaf, 0x00, 0x52, 0x01,
        0x8d, 0x00, 0x20, 0x80, 0xda, 0x00, 0x50, 0x01, 0x8d, 0x00, 0x8e, 0x00, 0xfc, 0x00, 0x5c, 0x01,
        0x77, 0x01, 0x20, 0x00, 0xcf, 0x00, 0xce, 0x00, 0x63, 0x00, 0x08, 0x01, 0x7d, 0x01, 0x7d, 0x01,
        0x2f, 0x01, 0xde, 0x85, 0x4d, 0x00, 0x81, 0x00, 0x06, 0x01, 0xf7, 0x84, 0x9e, 0x01, 0x86, 0x00,
        0x43, 0x01, 0x93, 0x01, 0x67, 0x01, 0x92, 0x80, 0x60, 0x00, 0x58, 0x01, 0x5e, 0x01, 0x63, 0x01,
        0x93, 0x01, 0x06, 0x01, 0x2d, 0x01, 0x5f, 0x01, 0x08, 0x01, 0x18, 0x01, 0x60, 0x00, 0xa1, 0x00,
        0xbc, 0x82, 0xbe, 0x00, 0xf0, 0x86, 0x89, 0x00, 0x0c, 0x01, 0x06, 0x01, 0xff, 0x86, 0x5b, 0x00,
        0x05, 0x00, 0x20, 0x01, 0x6a, 0x01, 0x89, 0x00, 0x82, 0x00, 0x82, 0x00, 0x59, 0x00, 0x63, 0x01,
        0x95, 0x00, 0x6b, 0x00, 0x93, 0x01, 0x80, 0x01, 0x0c, 0x01, 0x04, 0x00, 0x2a, 0x00, 0xc9, 0x00,
        0x72, 0x01, 0x83, 0x82, 0x19, 0x01, 0x77, 0x00, 0x33, 0x00, 0x78, 0x01, 0x7c, 0x01, 0x0e, 0x00,
        0x77, 0x01, 0x0b, 0x01, 0x5e, 0x01, 0xb2, 0x00, 0xfd, 0x00, 0x52, 0x00, 0x66, 0x01, 0x22, 0x00,
        0x19, 0x00, 0x96, 0x01, 0x41, 0x01, 0x4e, 0x01, 0x7e, 0x01, 0x14, 0x01, 0xb9, 0x00, 0x47, 0x01,
        0x2d, 0x86, 0x43, 0x00, 0xd0, 0x00, 0x0d, 0x01, 0xb2, 0x00, 0x7b, 0x01, 0x9c, 0x00, 0xd7, 0x00,
        0x0a, 0x00, 0x09, 0x00, 0x6b, 0x00, 0xd2, 0x00, 0x77, 0x01, 0x77, 0x01, 0x21, 0x84, 0x00, 0x01,
        0xed, 0x85, 0xa2, 0x00, 0xe9, 0x00, 0xe3, 0x00, 0x14, 0x00, 0x13, 0x00, 0x2d, 0x01, 0x6d, 0x01,
        0x75, 0x01, 0x66, 0x01, 0x0b, 0x00, 0x7f, 0x00, 0x79, 0x01, 0x8a, 0x01, 0x4b, 0x00, 0x93, 0x00,
        0x47, 0x00, 0xe7, 0x00, 0x63, 0x00, 0x81, 0x00, 0x02, 0x01, 0xcb, 0x00, 0x60, 0x00, 0x33, 0x01,
        0x6c, 0x00, 0x0d, 0x00, 0x5e, 0x01, 0x60, 0x00, 0x9d, 0x01, 0xc9, 0x00, 0x58, 0x00, 0xd6, 0x83,
        0xc9, 0x00, 0xc9, 0x00, 0x05, 0x00, 0xae, 0x81, 0xd5, 0x00, 0x9e, 0x01, 0x02, 0x82, 0x27, 0x00,
        0x89, 0x00, 0x90, 0x00, 0xbc, 0x00, 0x33, 0x00, 0xe6, 0x00, 0x7e, 0x01, 0x70, 0x01, 0x79, 0x01,
        0x0e, 0x01, 0x66, 0x00, 0xd3, 0x00, 0xb2, 0x00, 0x1b, 0x01, 0x78, 0x01, 0x68, 0x00, 0xbd, 0x85,
        0x20, 0x00, 0x25, 0x00, 0x7d, 0x01, 0x78, 0x00, 0x9e, 0x01, 0xb7, 0x00, 0x63, 0x01, 0x89, 0x00,
        0x71, 0x00, 0x32, 0x00, 0x8b, 0x00, 0x32, 0x00, 0x6b, 0x00, 0x70, 0x00, 0xc8, 0x00, 0x1f, 0x00,
        0x8d, 0x00, 0x8d, 0x00, 0x60, 0x00, 0x7d, 0x01, 0x96, 0x01, 0x9e, 0x01, 0x8c, 0x00, 0x86, 0x00,
        0x78, 0x01, 0x1f, 0x00, 0x57, 0x00, 0x1b, 0x01, 0x1d, 0x01, 0x28, 0x00, 0xc8, 0x00, 0x53, 0x01,
        0x94, 0x01, 0x08, 0x01, 0x96, 0x01, 0x71, 0x01, 0x84, 0x00, 0x60, 0x00, 0x11, 0x01, 0x62, 0x00,
        0x3a, 0x00, 0x90, 0x00, 0x6b, 0x01, 0x2d, 0x00, 0x1a, 0x00, 0x90, 0x00, 0x56, 0x00, 0x02, 0x00,
        0x0a, 0x01, 0x27, 0x00, 0x18, 0x01, 0x8b, 0x00, 0x96, 0x86, 0x85, 0x00, 0x02, 0x01, 0xb2, 0x00,
        0x8f, 0x00, 0xae, 0x00, 0x36, 0x01, 0x9a, 0x01, 0x3a, 0x00, 0x8a, 0x00, 0x16, 0x01, 0x0d, 0x00,
        0x1b, 0x00, 0x0a, 0x01, 0x86, 0x00, 0xbf, 0x83, 0x3d, 0x00, 0x9e, 0x01, 0x1b, 0x01, 0xb6, 0x83,
        0xea, 0x86, 0xc1, 0x00, 0x79, 0x01, 0xc3, 0x85, 0x8f, 0x00, 0x44, 0x01, 0x78, 0x01, 0xc6, 0x00,
        0x7f, 0x00, 0x95, 0x01, 0x75, 0x01, 0x4d, 0x00, 0x5e, 0x01, 0xb2, 0x00, 0x4c, 0x00, 0x60, 0x00,
        0x18, 0x01, 0x78, 0x01, 0x79, 0x00, 0x0d, 0x00, 0x15, 0x00, 0x80, 0x01, 0x43, 0x00, 0x55, 0x01,
        0x43, 0x01, 0x43, 0x01, 0x26, 0x00, 0x25, 0x00, 0x63, 0x01, 0x11, 0x00, 0x64, 0x01, 0x69, 0x00,
        0xb2, 0x00, 0x05, 0x01, 0x96, 0x01, 0xd5, 0x00, 0xb2, 0x00, 0x9a, 0x01, 0xa5, 0x01, 0x59, 0x01,
        0x0f, 0x01, 0x18, 0x86, 0x45, 0x01, 0x25, 0x00, 0xfc, 0x00, 0x93, 0x00, 0xcb, 0x00, 0xcd, 0x00,
        0x6b, 0x01, 0x90, 0x00, 0x24, 0x00, 0x4b, 0x86, 0x96, 0x00, 0x73, 0x01, 0x52, 0x01, 0x7c, 0x01,
        0x39, 0x00, 0x1c, 0x83, 0x76, 0x00, 0x7c, 0x01, 0x39, 0x00, 0x8a, 0x00, 0x5d, 0x01, 0x41, 0x01,
        0xea, 0x00, 0x2f, 0x01, 0x66, 0x01, 0x74, 0x84, 0x9c, 0x82, 0x52, 0x00, 0x2f, 0x85, 0x5f, 0x01,
        0x8e, 0x00, 0xdb, 0x00, 0xd7, 0x00, 0x99, 0x00, 0xab, 0x00, 0xb4, 0x00, 0x34, 0x01, 0x61, 0x01,
        0x55, 0x01, 0x66, 0x01, 0x88, 0x00, 0x7c, 0x01, 0x79, 0x01, 0x79, 0x01, 0x6a, 0x00, 0x30, 0x00,
        0xc8, 0x00, 0xc8, 0x00, 0x32, 0x00, 0xb4, 0x86, 0x90, 0x00, 0x43, 0x00, 0x10, 0x01, 0x4b, 0x00,
        0x8b, 0x00, 0xa0, 0x01, 0x6c, 0x00, 0xaa, 0x00, 0xc6, 0x84, 0x93, 0x00, 0x5e, 0x01, 0x96, 0x00,
        0xe7, 0x00, 0xa8, 0x00, 0x79, 0x00, 0x05, 0x01, 0x2b, 0x87, 0x65, 0x00, 0x73, 0x00, 0x60, 0x00,
        0xc0, 0x00, 0x22, 0x00, 0x29, 0x00, 0x3f, 0x01, 0x2f, 0x00, 0x8c, 0x01, 0xcc, 0x00, 0x17, 0x00,
        0x05, 0x00, 0xb2, 0x00, 0x55, 0x01, 0x14, 0x00, 0x76, 0x00, 0x09, 0x00, 0x0c, 0x01, 0x94, 0x00,
        0x64, 0x01, 0x0c, 0x01, 0x43, 0x00, 0x8e, 0x00, 0x05, 0x01, 0x3d, 0x00, 0x8f, 0x00, 0x0a, 0x01,
        0x47, 0x01, 0x69, 0x00, 0x82, 0x00, 0x6c, 0x00, 0xb9, 0x00, 0x5a, 0x00, 0x0c, 0x01, 0x02, 0x00,
        0x5d, 0x01, 0x0c, 0x00, 0x95, 0x01, 0x73, 0x01, 0x24, 0x84, 0x8b, 0x00, 0xb8, 0x00, 0x48, 0x01,
        0x36, 0x01, 0x4f, 0x01, 0x3e, 0x00, 0x81, 0x00, 0x06, 0x01, 0x79, 0x00, 0x37, 0x00, 0x4a, 0x01,
        0x30, 0x00, 0x0d, 0x00, 0x22, 0x00, 0x84, 0x00, 0x5a, 0x00, 0xab, 0x00, 0x06, 0x01, 0xcd, 0x00,
        0x02, 0x01, 0x5e, 0x01, 0x3c, 0x00, 0x2b, 0x01, 0x84, 0x00, 0x73, 0x01, 0x77, 0x01, 0x50, 0x01,
        0x06, 0x01, 0x5c, 0x01, 0x1b, 0x00, 0xda, 0x00, 0x91, 0x01, 0x59, 0x01, 0x92, 0x00, 0x51, 0x01,
        0xc1, 0x00, 0x0d, 0x00, 0x77, 0x01, 0xf7, 0x00, 0x14, 0x00, 0xf9, 0x00, 0x49, 0x00, 0x79, 0x01,
        0x79, 0x01, 0x79, 0x01, 0x68, 0x01, 0x23, 0x01, 0x0f, 0x01, 0x9c, 0x00, 0x67, 0x01, 0x5c, 0x01,
        0x7d, 0x01, 0x7d, 0x01, 0x60, 0x00, 0xb4, 0x00, 0x6f, 0x01, 0x6f, 0x01, 0xdb, 0x00, 0x1b, 0x00,
        0x61, 0x01, 0x30, 0x00, 0x68, 0x01, 0x7d, 0x01, 0x0e, 0x00, 0xc9, 0x00, 0x02, 0x00, 0x52, 0x00,
        0x6a, 0x84, 0x79, 0x01, 0xa9, 0x00, 0xa9, 0x00, 0x8c, 0x00, 0xcf, 0x00, 0xa5, 0x01, 0xa5, 0x01,
        0xa1, 0x01, 0x09, 0x00, 0x1c, 0x01, 0x64, 0x01, 0x76, 0x01, 0x02, 0x00, 0x10, 0x01, 0x8b, 0x00,
        0x60, 0x00, 0xc2, 0x00, 0x90, 0x00, 0xfb, 0x00, 0x5c, 0x00, 0x7f, 0x00, 0x7f, 0x00, 0x80, 0x00,
        0x73, 0x01, 0x55, 0x01, 0x53, 0x87, 0x9e, 0x01, 0x67, 0x01, 0xf0, 0x85, 0x66, 0x00, 0x07, 0x01,
        0x0d, 0x01, 0xce, 0x00, 0x85, 0x00, 0x32, 0x01, 0x05, 0x01, 0x62, 0x00, 0x4b, 0x00, 0x95, 0x01,
        0x8b, 0x00, 0x5e, 0x01, 0x14, 0x00, 0x5e, 0x01, 0xf5, 0x00, 0x89, 0x00, 0x81, 0x00, 0x84, 0x01,
        0x8a, 0x00, 0x4e, 0x00, 0x75, 0x01, 0x3f, 0x84, 0x33, 0x00, 0x11, 0x01, 0x5e, 0x01, 0x91, 0x01,
        0xa7, 0x00, 0x52, 0x01, 0x87, 0x00, 0x64, 0x01, 0x34, 0x01, 0x06, 0x01, 0xac, 0x00, 0x9f, 0x01,
        0x75, 0x01, 0x7e, 0x01, 0xcb, 0x00, 0x80, 0x01, 0x36, 0x01, 0x43, 0x00, 0x99, 0x01, 0x6f, 0x00,
        0x14, 0x01, 0x70, 0x01, 0x21, 0x00, 0x98, 0x00, 0xa7, 0x00, 0x82, 0x00, 0x8c, 0x00, 0xbd, 0x00,
        0x5e, 0x01, 0xf6, 0x00, 0x7c, 0x01, 0x40, 0x01, 0x78, 0x01, 0x34, 0x01, 0x30, 0x00, 0x34, 0x01,
        0x80, 0x01, 0x91, 0x01, 0xad, 0x00, 0x1d, 0x01, 0xcd, 0x00, 0xb2, 0x00, 0x12, 0x01, 0x42, 0x01,
        0x7e, 0x01, 0xb2, 0x00, 0x93, 0x00, 0x64, 0x01, 0x08, 0x00, 0x2a, 0x00, 0x6e, 0x01, 0x55, 0x01,
        0xba, 0x00, 0x88, 0x00, 0x45, 0x00, 0x08, 0x01, 0xa1, 0x01, 0x03, 0x01, 0x39, 0x00, 0x7e, 0x01,
        0x2a, 0x00, 0x7d, 0x01, 0xa4, 0x00, 0xf7, 0x00, 0x05, 0x01, 0x05, 0x01, 0xd9, 0x00, 0x3d, 0x01,
        0x64, 0x01, 0x5b, 0x00, 0x80, 0x01, 0x92, 0x01, 0x8b, 0x00, 0x89, 0x00, 0x22, 0x01, 0x19, 0x00,
        0x54, 0x00, 0xce, 0x00, 0x78, 0x00, 0x44, 0x01, 0x91, 0x01, 0x13, 0x85, 0x40, 0x01, 0x6e, 0x01,
        0xba, 0x00, 0x64, 0x01, 0x6c, 0x00, 0xad, 0x00, 0x1b, 0x01, 0x60, 0x01, 0xb9, 0x82, 0x39, 0x00,
        0x34, 0x01, 0x49, 0x01, 0xc1, 0x00, 0x1d, 0x01, 0x45, 0x01, 0x6f, 0x01, 0x0a, 0x00, 0x75, 0x01,
        0x71, 0x00, 0x0d, 0x00, 0x9f, 0x01, 0x72, 0x00, 0xa5, 0x01, 0x50, 0x01, 0x1b, 0x00, 0xfa, 0x00,
        0x67, 0x84, 0x3c, 0x00, 0x89, 0x00, 0xb2, 0x00, 0x32, 0x01, 0xad, 0x00, 0x7d, 0x01, 0xb9, 0x00,
        0x79, 0x01, 0xd5, 0x00, 0x46, 0x00, 0x50, 0x01, 0xc9, 0x00, 0x53, 0x01, 0x2a, 0x00, 0xfc, 0x00,
        0x02, 0x00, 0xb4, 0x00, 0x33, 0x00, 0x64, 0x01, 0x02, 0x01, 0x0f, 0x01, 0x8f, 0x00, 0x30, 0x00,
        0x8e, 0x00, 0x5e, 0x01, 0x57, 0x01, 0x1a, 0x00, 0x7d, 0x01, 0x77, 0x01, 0x9e, 0x01, 0xad, 0x84,
        0x0d, 0x00, 0xbe, 0x00, 0x6e, 0x01, 0x15, 0x00, 0x8d, 0x01, 0xb0, 0x00, 0x09, 0x01, 0xc7, 0x00,
        0x73, 0x01, 0xb9, 0x00, 0x89, 0x00, 0x9b, 0x80, 0x72, 0x00, 0x76, 0x00, 0x43, 0x00, 0x41, 0x01,
        0xbe, 0x00, 0x30, 0x01, 0x2e, 0x01, 0x43, 0x00, 0xd1, 0x00, 0x71, 0x01, 0xee, 0x84, 0x14, 0x00,
        0x43, 0x00, 0x39, 0x00, 0x8f, 0x01, 0x32, 0x01, 0x6f, 0x01, 0xc3, 0x86, 0x81, 0x00, 0x04, 0x00,
        0xce, 0x00, 0xbd, 0x00, 0x35, 0x00, 0x94, 0x01, 0x17, 0x00, 0x03, 0x01, 0x8c, 0x00, 0xce, 0x00,
        0x33, 0x00, 0xe6, 0x00, 0x86, 0x00, 0x94, 0x00, 0x78, 0x01, 0x8b, 0x00, 0xe4, 0x00, 0x36, 0x01,
        0x78, 0x01, 0x73, 0x00, 0x25, 0x00, 0x81, 0x00, 0x2b, 0x01, 0xa1, 0x00, 0x08, 0x01, 0xc5, 0x00,
        0x84, 0x01, 0x86, 0x01, 0x09, 0x01, 0x4c, 0x00, 0xb4, 0x00, 0xb8, 0x00, 0xa1, 0x00, 0x01, 0x00,
        0x0d, 0x00, 0xb2, 0x00, 0x5e, 0x01, 0x89, 0x00, 0x08, 0x01, 0x33, 0x01, 0xb0, 0x80, 0xcd, 0x00,
        0xf4, 0x00, 0x21, 0x00, 0x45, 0x00, 0x71, 0x01, 0xf4, 0x83, 0x20, 0x01, 0x20, 0x01, 0xb0, 0x00,
        0x7d, 0x01, 0x0a, 0x01, 0x2a, 0x00, 0x82, 0x00, 0x8b, 0x00, 0xc6, 0x00, 0x80, 0x01, 0x09, 0x00,
        0x7c, 0x01, 0x10, 0x01, 0xbe, 0x00, 0x16, 0x01, 0x86, 0x00, 0x52, 0x00, 0x4e, 0x01, 0x5a, 0x00,
        0x95, 0x00, 0xa3, 0x01, 0x57, 0x00, 0x1d, 0x01, 0x5b, 0x00, 0xa7, 0x00, 0x3c, 0x01, 0x20, 0x01,
        0x72, 0x01, 0x6e, 0x01, 0x60, 0x00, 0x95, 0x00, 0x3d, 0x00, 0x63, 0x01, 0x4b, 0x00, 0x3e, 0x01,
        0x68, 0x01, 0x64, 0x01, 0xbc, 0x00, 0x5f, 0x01, 0x2f, 0x01, 0x06, 0x01, 0x8b, 0x00, 0x80, 0x01,
        0x44, 0x01, 0xb9, 0x00, 0x7d, 0x01, 0x65, 0x01, 0x60, 0x01, 0x89, 0x00, 0x7f, 0x00, 0x3e, 0x01,
        0xeb, 0x00, 0xb0, 0x00, 0x6f, 0x01, 0x80, 0x01, 0x38, 0x80, 0x64, 0x01, 0x78, 0x00, 0x60, 0x80,
        0x78, 0x00, 0x01, 0x00, 0x5e, 0x01, 0x86, 0x00, 0x86, 0x00, 0x89, 0x00, 0x32, 0x00, 0x67, 0x01,
        0x5c, 0x01, 0xd1, 0x00, 0x77, 0x01, 0xb1, 0x00, 0x8c, 0x00, 0x18, 0x00, 0x32, 0x01, 0x09, 0x01,
        0xb4, 0x00, 0x9c, 0x00, 0x7e, 0x01, 0x3a, 0x00, 0x4e, 0x01, 0x49, 0x01, 0x70, 0x01, 0x0d, 0x00,
        0x8c, 0x01, 0x44, 0x01, 0x66, 0x01, 0x58, 0x00, 0x49, 0x00, 0x69, 0x01, 0x6c, 0x00, 0x69, 0x01,
        0x36, 0x01, 0x8b, 0x00, 0x78, 0x00, 0x7f, 0x00, 0x23, 0x01, 0x6a, 0x01, 0x71, 0x01, 0x75, 0x01,
        0x06, 0x00, 0x40, 0x01, 0x36, 0x01, 0x71, 0x01, 0x4f, 0x00, 0x01, 0x01, 0x5e, 0x01, 0xe9, 0x00,
        0x29, 0x00, 0xc6, 0x00, 0x1d, 0x01, 0xff, 0x00, 0x47, 0x01, 0xbf, 0x83, 0x85, 0x01, 0x25, 0x00,
        0x91, 0x01, 0x56, 0x00, 0xe3, 0x00, 0x79, 0x01, 0x65, 0x00, 0x33, 0x00, 0x68, 0x01, 0x06, 0x01,
        0x57, 0x00, 0x8b, 0x00, 0x6e, 0x01, 0xa7, 0x00, 0xbc, 0x83, 0x0e, 0x00, 0x46, 0x00, 0xce, 0x00,
        0x67, 0x84, 0x8f, 0x00, 0xe4, 0x80, 0xd0, 0x00, 0x0e, 0x01, 0x0b, 0x01, 0x66, 0x01, 0xb6, 0x00,
        0xf4, 0x00, 0x66, 0x01, 0x41, 0x01, 0xc2, 0x00, 0x77, 0x01, 0x6e, 0x01, 0x69, 0x01, 0xb2, 0x00,
        0x77, 0x01, 0xaa, 0x00, 0xb0, 0x00, 0x8d, 0x00, 0x43, 0x00, 0x93, 0x01, 0x0a, 0x00, 0x4d, 0x01,
        0x75, 0x01, 0xd5, 0x00, 0x84, 0x00, 0x10, 0x00, 0x58, 0x00, 0x40, 0x01, 0x48, 0x01, 0x57, 0x01,
        0x0e, 0x01, 0x0a, 0x01, 0x5e, 0x01, 0xba, 0x00, 0x86, 0x00, 0xf4, 0x00, 0x65, 0x00, 0x80, 0x01,
        0x09, 0x00, 0xb2, 0x00, 0x36, 0x01, 0x2a, 0x00, 0x01, 0x00, 0xb8, 0x00, 0x85, 0x01, 0x6f, 0x01,
        0x0c, 0x01, 0xab, 0x00, 0x88, 0x00, 0x59, 0x01, 0x63, 0x01, 0x20, 0x01, 0x20, 0x01, 0x06, 0x01,
        0x7c, 0x00, 0xbe, 0x00, 0x41, 0x01, 0x57, 0x01, 0xcd, 0x00, 0x80, 0x01, 0x96, 0x85, 0x7d, 0x01,
        0x71, 0x01, 0x89, 0x00, 0x91, 0x00, 0x6f, 0x01, 0xd5, 0x00, 0x0f, 0x01, 0x41, 0x01, 0x91, 0x00,
        0xfc, 0x00, 0xb6, 0x80, 0x14, 0x00, 0x15, 0x01, 0x77, 0x01, 0x66, 0x01, 0x7d, 0x01, 0x93, 0x00,
        0xb4, 0x00, 0xb4, 0x00, 0x78, 0x01, 0x09, 0x01, 0x79, 0x01, 0xbc, 0x00, 0x54, 0x01, 0x82, 0x00,
        0x7f, 0x01, 0xb9, 0x00, 0x10, 0x01, 0x75, 0x01, 0x58, 0x00, 0xcb, 0x00, 0x76, 0x00, 0xa7, 0x00,
        0xac, 0x00, 0x89, 0x00, 0x3d, 0x00, 0xc7, 0x00, 0xb0, 0x00, 0xb0, 0x00, 0x86, 0x00, 0x5c, 0x00,
        0x93, 0x01, 0x5e, 0x01, 0xa7, 0x00, 0x8c, 0x01, 0x83, 0x00, 0xb2, 0x00, 0x89, 0x00, 0xce, 0x00,
        0xb0, 0x00, 0x83, 0x00, 0xc1, 0x00, 0x89, 0x00, 0xa7, 0x00, 0xbe, 0x00, 0x8b, 0x00, 0x23, 0x01,
        0x4d, 0x01, 0xb0, 0x00, 0x11, 0x01, 0x68, 0x01, 0x77, 0x01, 0xbf, 0x00, 0xcc, 0x00, 0x11, 0x00,
        0x81, 0x00, 0x81, 0x00, 0xbe, 0x00, 0xf2, 0x00, 0xc2, 0x00, 0x3e, 0x01, 0x68, 0x01, 0x08, 0x01,
        0x2a, 0x00, 0x81, 0x00, 0x6e, 0x01, 0x39, 0x00, 0x60, 0x00, 0x6e, 0x01, 0x6e, 0x01, 0xbe, 0x00,
        0x81, 0x00, 0x7d, 0x01, 0x78, 0x00, 0x8d, 0x00, 0x93, 0x00, 0x73, 0x00, 0x09, 0x00, 0x73, 0x01,
        0x8c, 0x01, 0x8c, 0x01, 0xa7, 0x00, 0x12, 0x00, 0x64, 0x01, 0x36, 0x01, 0x28, 0x00, 0x0f, 0x01,
        0x46, 0x00, 0x89, 0x00, 0x0f, 0x01, 0x49, 0x00, 0x34, 0x01, 0x65, 0x01, 0x95, 0x00, 0x8f, 0x01,
        0x30, 0x01, 0x7d, 0x01, 0xc2, 0x82, 0x9e, 0x01, 0x73, 0x83, 0x86, 0x00, 0xcd, 0x00, 0x66, 0x00,
        0x43, 0x01, 0x41, 0x83, 0x20, 0x00, 0x34, 0x01, 0x77, 0x01, 0xc5, 0x00, 0x67, 0x01, 0x59, 0x00,
        0x52, 0x00, 0x05, 0x00, 0x27, 0x00, 0x08, 0x01, 0x5f, 0x01, 0x5f, 0x01, 0x20, 0x01, 0x57, 0x80,
        0xfd, 0x00, 0x7f, 0x01, 0x7f, 0x01, 0x96, 0x00, 0x06, 0x01, 0x53, 0x01, 0x78, 0x01, 0x06, 0x01,
        0x18, 0x00, 0x7e, 0x01, 0x95, 0x00, 0x86, 0x00, 0x0c, 0x01, 0x06, 0x01, 0x94, 0x01, 0x72, 0x01,
        0x78, 0x00, 0xd7, 0x00, 0x5d, 0x01, 0x5b, 0x00, 0x5b, 0x00, 0x77, 0x00, 0x6a, 0x00, 0x85, 0x01,
        0x60, 0x00, 0x14, 0x01, 0x8e, 0x00, 0x60, 0x00, 0x27, 0x00, 0x4c, 0x00, 0x09, 0x00, 0x66, 0x01,
        0xe3, 0x00, 0x3b, 0x00, 0x0f, 0x01, 0x7c, 0x01, 0x8a, 0x01, 0x02, 0x01, 0x27, 0x00, 0x7c, 0x01,
        0x79, 0x00, 0x76, 0x00, 0x93, 0x00, 0xb2, 0x00, 0x60, 0x00, 0x14, 0x01, 0x8a, 0x01, 0x6b, 0x00,
        0xfd, 0x00, 0xfd, 0x00, 0x66, 0x01, 0x96, 0x01, 0x46, 0x00, 0x11, 0x00, 0x13, 0x00, 0x6c, 0x00,
        0x8c, 0x01, 0x10, 0x01, 0x3c, 0x86, 0x51, 0x01, 0xb9, 0x00, 0x6c, 0x00, 0x3c, 0x00, 0x6c, 0x00,
        0x79, 0x01, 0xb2, 0x00, 0x26, 0x00, 0x10, 0x01, 0xd6, 0x00, 0x66, 0x00, 0x32, 0x00, 0x86, 0x00,
        0x86, 0x00, 0xc8, 0x00, 0x60, 0x00, 0x74, 0x01, 0x5a, 0x01, 0xb7, 0x00, 0x96, 0x01, 0x77, 0x01,
        0x66, 0x01, 0xa9, 0x00, 0x8d, 0x00, 0xb2, 0x00, 0x77, 0x01, 0x02, 0x01, 0x06, 0x01, 0xd1, 0x82,
        0x30, 0x01, 0x77, 0x01, 0x5d, 0x01, 0xd5, 0x00, 0x0e, 0x01, 0x0b, 0x01, 0x71, 0x00, 0x0e, 0x01,
        0x93, 0x01, 0xc7, 0x00, 0xae, 0x00, 0x8f, 0x01, 0x8a, 0x00, 0xdd, 0x00, 0x3e, 0x01, 0x06, 0x01,
        0x6b, 0x01, 0x8e, 0x00, 0x0f, 0x01, 0x30, 0x86, 0x7b, 0x01, 0x8a, 0x00, 0x57, 0x01, 0x24, 0x00,
        0x0a, 0x00, 0x6b, 0x82, 0x76, 0x00, 0x36, 0x01, 0x6f, 0x01, 0x5c, 0x00, 0x32, 0x01, 0x32, 0x01,
        0x60, 0x00, 0x66, 0x01, 0x8f, 0x01, 0x63, 0x01, 0x60, 0x00, 0xb2, 0x00, 0xad, 0x00, 0x0d, 0x00,
        0x2a, 0x00, 0x7e, 0x01, 0x7c, 0x01, 0x8e, 0x00, 0x3c, 0x00, 0x73, 0x01, 0x52, 0x01, 0x45, 0x00,
        0x57, 0x01, 0x86, 0x00, 0x61, 0x01, 0x93, 0x01, 0x3f, 0x01, 0x5a, 0x00, 0x93, 0x00, 0xce, 0x00,
        0x06, 0x01, 0x06, 0x01, 0x7d, 0x01, 0x96, 0x00, 0x71, 0x84, 0xcd, 0x00, 0x09, 0x01, 0x3e, 0x01,
        0x64, 0x01, 0xc0, 0x00, 0xb2, 0x00, 0x47, 0x00, 0x50, 0x01, 0x4a, 0x01, 0xa8, 0x00, 0x76, 0x00,
        0x76, 0x00, 0x7d, 0x01, 0x08, 0x00, 0x5a, 0x00, 0xfd, 0x00, 0x5e, 0x01, 0x50, 0x00, 0x77, 0x01,
        0x7e, 0x01, 0x45, 0x01, 0x11, 0x01, 0x08, 0x01, 0x20, 0x01, 0xe3, 0x00, 0x0d, 0x01, 0x5e, 0x01,
        0xb5, 0x00, 0x73, 0x00, 0x5c, 0x01, 0x4b, 0x00, 0x52, 0x00, 0x07, 0x00, 0x43, 0x00, 0x5d, 0x01,
        0x18, 0x00, 0x74, 0x01, 0x79, 0x01, 0x73, 0x00, 0x21, 0x00, 0x49, 0x00, 0xaa, 0x00, 0x9c, 0x00,
        0x8e, 0x00, 0x69, 0x01, 0x52, 0x01, 0xc9, 0x00, 0x6e, 0x01, 0xcf, 0x00, 0x7d, 0x01, 0x8e, 0x00,
        0x34, 0x01, 0x6f, 0x01, 0x85, 0x00, 0x73, 0x01, 0x0e, 0x00, 0x1c, 0x01, 0x5e, 0x01, 0x60, 0x00,
        0x7e, 0x01, 0xcb, 0x00, 0x5e, 0x01, 0x60, 0x00, 0x1d, 0x01, 0x69, 0x01, 0x7c, 0x01, 0xe1, 0x85,
        0xc9, 0x00, 0x41, 0x83, 0x79, 0x01, 0x34, 0x01, 0x28, 0x00, 0x49, 0x01, 0x96, 0x01, 0x9f, 0x01,
        0x4e, 0x01, 0x60, 0x00, 0x7e, 0x01, 0xa7, 0x00, 0xcd, 0x00, 0xaa, 0x00, 0x4d, 0x00, 0x81, 0x00,
        0x0f, 0x01, 0x47, 0x00, 0xb2, 0x00, 0x61, 0x01, 0x80, 0x01, 0x10, 0x01, 0xdb, 0x00, 0xbd, 0x00,
        0x30, 0x00, 0x1b, 0x01, 0x79, 0x01, 0x8c, 0x00, 0x07, 0x00, 0xad, 0x00, 0xf8, 0x00, 0x3e, 0x01,
        0x64, 0x01, 0x32, 0x00, 0x64, 0x01, 0x7e, 0x01, 0x60, 0x01, 0xb4, 0x00, 0x40, 0x01, 0x07, 0x00,
        0x1b, 0x01, 0x1b, 0x01, 0x89, 0x00, 0x63, 0x01, 0x6d, 0x01, 0x76, 0x00, 0x0c, 0x01, 0x77, 0x01,
        0x0d, 0x00, 0x82, 0x00, 0x49, 0x01, 0x77, 0x01, 0x4d, 0x00, 0xda, 0x00, 0x79, 0x00, 0x81, 0x00,
        0x71, 0x00, 0xc5, 0x00, 0xd3, 0x00, 0x77, 0x01, 0x5f, 0x01, 0x79, 0x01, 0x90, 0x86, 0x94, 0x01,
        0x19, 0x00, 0x27, 0x01, 0x06, 0x01, 0xc7, 0x00, 0x50, 0x01, 0x2e, 0x01, 0x5e, 0x86, 0x1a, 0x00,
        0x27, 0x00, 0x43, 0x00, 0x04, 0x00, 0xbe, 0x00, 0x5e, 0x01, 0x93, 0x01, 0x49, 0x01, 0x25, 0x00,
        0xff, 0x00, 0x10, 0x01, 0xfd, 0x00, 0x7d, 0x01, 0x8b, 0x00, 0xc1, 0x00, 0xbd, 0x00, 0x0c, 0x01,
        0x94, 0x01, 0x78, 0x01, 0x8c, 0x00, 0x38, 0x01, 0x5f, 0x01, 0x68, 0x01, 0x5c, 0x01, 0x8f, 0x01,
        0x8f, 0x01, 0xc5, 0x00, 0xc5, 0x00, 0x73, 0x00, 0xba, 0x00, 0xc9, 0x00, 0x64, 0x01, 0x33, 0x00,
        0xb2, 0x00, 0xc7, 0x00, 0x68, 0x01, 0x22, 0x00, 0x8d, 0x01, 0xc8, 0x00, 0x67, 0x01, 0xd5, 0x00,
        0xa3, 0x01, 0x3e, 0x01, 0x0f, 0x01, 0x4b, 0x01, 0x93, 0x01, 0xfc, 0x00, 0xfc, 0x00, 0x8d, 0x00,
        0x10, 0x01, 0x11, 0x00, 0xb6, 0x00, 0xf7, 0x00, 0x71, 0x00, 0x64, 0x01, 0x89, 0x00, 0x99, 0x01,
        0x85, 0x00, 0x5a, 0x00, 0xae, 0x00, 0x95, 0x00, 0x95, 0x00, 0x86, 0x00, 0x78, 0x01, 0x21, 0x00,
        0x8d, 0x00, 0x2d, 0x01, 0xdd, 0x00, 0x68, 0x01, 0x63, 0x01, 0x28, 0x00, 0x71, 0x01, 0x3e, 0x01,
        0x2a, 0x00, 0x26, 0x00, 0x3d, 0x00, 0xb2, 0x00, 0x69, 0x01, 0x2d, 0x01, 0x77, 0x01, 0x90, 0x00,
        0x3a, 0x00, 0x21, 0x00, 0x06, 0x01, 0x32, 0x00, 0x67, 0x01, 0x30, 0x01, 0xc1, 0x00, 0x0c, 0x01,
        0x79, 0x01, 0x20, 0x00, 0xb2, 0x00, 0x87, 0x01, 0x6f, 0x01, 0xb4, 0x00, 0x96, 0x01, 0x86, 0x01,
        0x69, 0x01, 0xc8, 0x00, 0x69, 0x01, 0x06, 0x01, 0x1b, 0x01, 0x8b, 0x00, 0xcd, 0x00, 0x78, 0x00,
        0x1d, 0x01, 0x88, 0x00, 0x9d, 0x01, 0x8e, 0x00, 0x01, 0x01, 0x79, 0x00, 0xd1, 0x00, 0x58, 0x00,
        0xb0, 0x00, 0x8e, 0x00, 0xaa, 0x00, 0xd2, 0x00, 0xb2, 0x00, 0x30, 0x00, 0xb2, 0x00, 0x0f, 0x01,
        0xe7, 0x00, 0xbe, 0x00, 0x4d, 0x00, 0x68, 0x01, 0x96, 0x01, 0xbc, 0x00, 0xb2, 0x00, 0xbc, 0x00,
        0x5c, 0x00, 0x76, 0x01, 0xfd, 0x00, 0xdc, 0x00, 0x6c, 0x00, 0x94, 0x00, 0x79, 0x01, 0x36, 0x01,
        0x64, 0x01, 0x18, 0x00, 0x10, 0x01, 0x11, 0x01, 0x4d, 0x00, 0x18, 0x00, 0xc7, 0x00, 0x10, 0x01,
        0x8e, 0x00, 0x96, 0x01, 0x9d, 0x01, 0xe1, 0x86, 0x85, 0x00, 0xf1, 0x00, 0xfa, 0x00, 0xf1, 0x00,
        0x6a, 0x01, 0x94, 0x01, 0xc6, 0x00, 0x56, 0x00, 0x97, 0x00, 0xd1, 0x00, 0x64, 0x01, 0x56, 0x83,
        0x73, 0x01, 0x99, 0x00, 0x7e, 0x01, 0x10, 0x01, 0xb9, 0x00, 0x6f, 0x01, 0x36, 0x01, 0x66, 0x01,
        0x53, 0x01, 0x67, 0x01, 0x8e, 0x00, 0x66, 0x01, 0x72, 0x01, 0x81, 0x00, 0x5e, 0x01, 0x3e, 0x00,
        0x28, 0x00, 0x5e, 0x01, 0x3e, 0x00, 0x9c, 0x01, 0x7c, 0x00, 0x10, 0x01, 0x77, 0x01, 0x77, 0x01,
        0x15, 0x00, 0x63, 0x00, 0x7d, 0x01, 0x10, 0x00, 0x1f, 0x00, 0x77, 0x01, 0x2d, 0x01, 0x25, 0x00,
        0x60, 0x00, 0x72, 0x00, 0x5b, 0x00, 0xc3, 0x81, 0x8e, 0x00, 0xd9, 0x00, 0x94, 0x01, 0x3c, 0x00,
        0x77, 0x01, 0x94, 0x01, 0x94, 0x01, 0x8e, 0x00, 0x93, 0x01, 0x69, 0x01, 0x14, 0x01, 0x93, 0x01,
        0x18, 0x01, 0x0c, 0x01, 0x8f, 0x00, 0x96, 0x00, 0x7e, 0x01, 0xcb, 0x00, 0x20, 0x00, 0x04, 0x00,
        0xe6, 0x00, 0x86, 0x00, 0x14, 0x01, 0x8a, 0x00, 0x59, 0x01, 0xb9, 0x00, 0x3b, 0x00, 0x09, 0x00,
        0xf9, 0x00, 0x75, 0x01, 0xa5, 0x01, 0x0d, 0x00, 0x2f, 0x01, 0x48, 0x01, 0x93, 0x00, 0x79, 0x00,
        0x70, 0x01, 0x6d, 0x01, 0x91, 0x01, 0x77, 0x01, 0xf5, 0x00, 0x14, 0x00, 0x43, 0x00, 0x5a, 0x01,
        0x60, 0x00, 0x72, 0x00, 0x93, 0x01, 0x93, 0x01, 0x14, 0x01, 0xf7, 0x00, 0x77, 0x01, 0xc9, 0x00,
        0x59, 0x01, 0xd9, 0x00, 0x6b, 0x00, 0x6f, 0x01, 0x8f, 0x01, 0x10, 0x01, 0x0a, 0x00, 0x7d, 0x01,
        0x64, 0x01, 0xce, 0x00, 0x14, 0x00, 0x14, 0x00, 0x60, 0x00, 0x27, 0x00, 0x27, 0x00, 0xa2, 0x00,
        0x18, 0x01, 0x8c, 0x00, 0xd2, 0x83, 0x8b, 0x00, 0x14, 0x00, 0x8e, 0x00, 0x56, 0x00, 0x66, 0x00,
        0x1d, 0x01, 0x96, 0x01, 0x71, 0x00, 0x78, 0x01, 0x17, 0x00, 0xb7, 0x00, 0x97, 0x00, 0x6b, 0x01,
        0x9a, 0x01, 0x3d, 0x00, 0x6e, 0x01, 0xa8, 0x00, 0x9e, 0x00, 0xe6, 0x00, 0x36, 0x01, 0x8a, 0x00,
        0xa8, 0x00, 0x26, 0x00, 0xb2, 0x00, 0x94, 0x00, 0x32, 0x01, 0x04, 0x01, 0x66, 0x00, 0x77, 0x01,
        0x7d, 0x01, 0x91, 0x01, 0xba, 0x00, 0x0f, 0x01, 0x13, 0x01, 0x89, 0x00, 0x77, 0x01, 0x15, 0x00,
        0x9a, 0x01, 0x3b, 0x01, 0x2b, 0x01, 0x13, 0x01, 0xb2, 0x00, 0xb4, 0x00, 0xb4, 0x00, 0xa2, 0x00,
        0x8b, 0x00, 0x5f, 0x00, 0x21, 0x00, 0x92, 0x80, 0xa8, 0x00, 0x4a, 0x01, 0x7e, 0x01, 0xb9, 0x00,
        0x27, 0x00, 0x22, 0x00, 0x29, 0x00, 0x51, 0x00, 0x10, 0x00, 0xb5, 0x00, 0x19, 0x81, 0xfa, 0x00,
        0xfa, 0x00, 0x5a, 0x00, 0x7e, 0x01, 0xc1, 0x00, 0x73, 0x00, 0x73, 0x01, 0x4d, 0x00, 0x93, 0x86,
        0x93, 0x01, 0x93, 0x00, 0x77, 0x01, 0x06, 0x01, 0x73, 0x00, 0x6d, 0x00, 0x9e, 0x00, 0x06, 0x01,
        0x4e, 0x01, 0x4e, 0x01, 0x60, 0x00, 0x28, 0x00, 0x69, 0x01, 0x0e, 0x00, 0x47, 0x00, 0xa8, 0x00,
        0x4e, 0x00, 0x6d, 0x01, 0x6d, 0x01, 0x79, 0x00, 0x7e, 0x01, 0x09, 0x00, 0x09, 0x00, 0x60, 0x00,
        0x7d, 0x01, 0x56, 0x01, 0x73, 0x01, 0x86, 0x00, 0x0a, 0x00, 0x86, 0x81, 0xc2, 0x00, 0xf9, 0x00,
        0x3c, 0x00, 0x80, 0x01, 0x46, 0x01, 0x6b, 0x00, 0x3a, 0x00, 0x83, 0x00, 0x1b, 0x01, 0x7e, 0x01,
        0x1d, 0x01, 0xda, 0x00, 0x91, 0x00, 0x45, 0x01, 0x07, 0x00, 0xa5, 0x86, 0x27, 0x00, 0x26, 0x01,
        0xe6, 0x00, 0x79, 0x01, 0x8e, 0x00, 0x08, 0x01, 0x83, 0x00, 0xa2, 0x00, 0xb4, 0x00, 0xac, 0x00,
        0xb2, 0x00, 0x8f, 0x01, 0x34, 0x01, 0xc2, 0x00, 0x77, 0x01, 0x47, 0x00, 0x69, 0x01, 0x66, 0x01,
        0x5e, 0x01, 0x10, 0x00, 0x1a, 0x00, 0x89, 0x00, 0x09, 0x01, 0x29, 0x01, 0x09, 0x00, 0x67, 0x01,
        0x0d, 0x00, 0x60, 0x00, 0x8b, 0x00, 0x99, 0x01, 0x8b, 0x00, 0x37, 0x00, 0x89, 0x00, 0x3c, 0x00,
        0x81, 0x01, 0x58, 0x00, 0x14, 0x00, 0x67, 0x01, 0x6a, 0x01, 0x11, 0x00, 0x16, 0x01, 0xc7, 0x00,
        0xac, 0x00, 0x04, 0x00, 0x86, 0x01, 0x71, 0x00, 0x1a, 0x00, 0x43, 0x01, 0xeb, 0x00, 0x21, 0x00,
        0xb4, 0x00, 0x0d, 0x00, 0x8f, 0x00, 0x3d, 0x00, 0x36, 0x01, 0x48, 0x01, 0x0d, 0x00, 0xac, 0x00,
        0x60, 0x00, 0x1d, 0x01, 0x93, 0x01, 0x4f, 0x00, 0x36, 0x01, 0x5a, 0x01, 0x34, 0x01, 0x06, 0x00,
        0x69, 0x01, 0x14, 0x00, 0x25, 0x00, 0xab, 0x00, 0xbc, 0x00, 0x64, 0x01, 0x66, 0x01, 0xac, 0x00,
        0x8f, 0x01, 0x3b, 0x00, 0x93, 0x00, 0x83, 0x01, 0x34, 0x01, 0x8b, 0x00, 0xf7, 0x00, 0x77, 0x01,
        0xac, 0x00, 0x72, 0x01, 0x64, 0x01, 0x64, 0x01, 0x75, 0x01, 0x5c, 0x00, 0xd5, 0x85, 0x60, 0x00,
        0x5d, 0x00, 0x60, 0x00, 0x05, 0x00, 0x79, 0x00, 0x89, 0x00, 0x89, 0x00, 0x8b, 0x00, 0x6f, 0x00,
        0x0e, 0x00, 0x73, 0x01, 0x71, 0x00, 0x95, 0x00, 0xfe, 0x00, 0xc9, 0x00, 0xce, 0x00, 0xce, 0x00,
        0xd1, 0x00, 0x34, 0x01, 0x3e, 0x01, 0x21, 0x00, 0xc1, 0x00, 0x95, 0x00, 0xce, 0x00, 0x50, 0x01,
        0xb4, 0x00, 0x75, 0x01, 0x93, 0x01, 0x96, 0x00, 0x64, 0x01, 0x2d, 0x01, 0x5e, 0x01, 0x64, 0x01,
        0x4f, 0x01, 0x7d, 0x01, 0xac, 0x00, 0x52, 0x00, 0x4d, 0x00, 0xd2, 0x85, 0xf8, 0x00, 0x89, 0x00,
        0xd3, 0x00, 0x79, 0x01, 0x6b, 0x00, 0x10, 0x01, 0x8c, 0x01, 0x8f, 0x00, 0x6f, 0x00, 0x42, 0x00,
        0x8b, 0x00, 0xc1, 0x00, 0x10, 0x01, 0x8b, 0x00, 0x5e, 0x01, 0xf1, 0x83, 0x10, 0x01, 0xc1, 0x00,
        0xac, 0x00, 0x32, 0x01, 0x43, 0x00, 0x6f, 0x00, 0xe8, 0x83, 0x6f, 0x00, 0x73, 0x01, 0x71, 0x00,
        0xce, 0x00, 0x34, 0x01, 0x21, 0x00, 0xac, 0x00, 0xf1, 0x83, 0x89, 0x00, 0x64, 0x01, 0x43, 0x00,
        0x4f, 0x01, 0x7d, 0x01, 0x6b, 0x00, 0x8f, 0x00, 0x10, 0x01, 0xf1, 0x83, 0x0f, 0x01, 0x8f, 0x00,
        0x35, 0x00, 0x95, 0x00, 0x93, 0x01, 0x23, 0x00, 0x89, 0x00, 0x6c, 0x00, 0x3c, 0x00, 0x6c, 0x87,
        0x43, 0x00, 0x2e, 0x01, 0x82, 0x00, 0x11, 0x01, 0x66, 0x00, 0x34, 0x01, 0x0c, 0x84, 0x71, 0x00,
        0x6a, 0x00, 0x2a, 0x00, 0x8e, 0x00, 0x87, 0x00, 0x0f, 0x01, 0x6b, 0x01, 0x41, 0x01, 0xe3, 0x00,
        0x89, 0x00, 0xbe, 0x00, 0x93, 0x01, 0x8a, 0x01, 0x0d, 0x00, 0x6b, 0x01, 0x81, 0x00, 0x2e, 0x01,
        0x6a, 0x00, 0x93, 0x01, 0x70, 0x01, 0x2a, 0x00, 0x64, 0x01, 0x77, 0x01, 0xb2, 0x00, 0x95, 0x00,
        0x64, 0x01, 0x73, 0x01, 0x64, 0x01, 0x73, 0x01, 0x73, 0x01, 0x49, 0x00, 0x60, 0x00, 0x0f, 0x01,
        0x0f, 0x01, 0x8d, 0x00, 0x7f, 0x00, 0x89, 0x00, 0x58, 0x00, 0x71, 0x01, 0x46, 0x00, 0x7f, 0x00,
        0x20, 0x00, 0x4a, 0x01, 0x6e, 0x01, 0x8e, 0x00, 0x77, 0x01, 0x18, 0x01, 0x71, 0x01, 0x78, 0x01,
        0x2d, 0x01, 0x06, 0x01, 0x59, 0x01, 0x89, 0x00, 0x71, 0x01, 0x78, 0x01, 0x52, 0x00, 0x5b, 0x00,
        0x72, 0x01, 0x75, 0x01, 0x3f, 0x01, 0x32, 0x01, 0x78, 0x01, 0x6a, 0x01, 0x95, 0x00, 0x68, 0x01,
        0xde, 0x00, 0x25, 0x00, 0x7c, 0x01, 0x93, 0x01, 0x6c, 0x01, 0x59, 0x00, 0x6a, 0x01, 0x23, 0x00,
        0x30, 0x01, 0x73, 0x01, 0x23, 0x01, 0x9c, 0x01, 0x6e, 0x01, 0x77, 0x01, 0x77, 0x01, 0x41, 0x01,
        0x27, 0x00, 0x79, 0x00, 0x32, 0x01, 0x79, 0x00, 0x6e, 0x01, 0x91, 0x01, 0x96, 0x01, 0x92, 0x01,
        0x6b, 0x00, 0x9e, 0x01, 0x9e, 0x01, 0x8c, 0x01, 0x6c, 0x00, 0x60, 0x00, 0x8b, 0x00, 0x47, 0x00,
        0xb9, 0x00, 0x43, 0x00, 0x74, 0x01, 0xb2, 0x00, 0xdd, 0x00, 0xf7, 0x00, 0x95, 0x01, 0x63, 0x00,
        0x77, 0x01, 0x93, 0x00, 0x75, 0x01, 0x8a, 0x01, 0x77, 0x01, 0x77, 0x01, 0x10, 0x01, 0x8e, 0x01,
        0x02, 0x01, 0x0d, 0x00, 0x6c, 0x01, 0x10, 0x01, 0x05, 0x00, 0x3a, 0x00, 0xa1, 0x01, 0x4a, 0x01,
        0x96, 0x01, 0x32, 0x00, 0x8f, 0x01, 0x7b, 0x01, 0x6e, 0x01, 0x71, 0x01, 0x77, 0x01, 0x85, 0x00,
        0x79, 0x00, 0x34, 0x01, 0x1f, 0x00, 0x68, 0x01, 0x34, 0x01, 0x7b, 0x00, 0x1f, 0x00, 0x6b, 0x00,
        0x71, 0x00, 0x11, 0x01, 0x86, 0x00, 0x8e, 0x00, 0x82, 0x00, 0x62, 0x00, 0x67, 0x01, 0x5e, 0x01,
        0x32, 0x01, 0x95, 0x01, 0x53, 0x01, 0xce, 0x00, 0x8c, 0x01, 0xd3, 0x00, 0x52, 0x00, 0x86, 0x00,
        0x73, 0x01, 0x6c, 0x01, 0x6d, 0x00, 0x56, 0x00, 0x13, 0x00, 0x50, 0x01, 0x77, 0x01, 0xb0, 0x00,
        0x96, 0x01, 0xa6, 0x00, 0xa3, 0x00, 0x63, 0x01, 0x7d, 0x01, 0x4d, 0x01, 0x89, 0x00, 0x93, 0x01,
        0x18, 0x01, 0x35, 0x00, 0xad, 0x00, 0x52, 0x00, 0xa6, 0x00, 0x53, 0x00, 0x34, 0x01, 0x52, 0x01,
        0x3c, 0x00, 0x0a, 0x00, 0x21, 0x00, 0x7c, 0x01, 0x9f, 0x00, 0x0a, 0x01, 0x0c, 0x01, 0x37, 0x01,
        0x02, 0x00, 0x7d, 0x01, 0x68, 0x01, 0x26, 0x00, 0x8e, 0x00, 0x66, 0x01, 0x63, 0x01, 0x63, 0x01,
        0x65, 0x00, 0x3f, 0x01, 0x15, 0x00, 0x86, 0x00, 0x90, 0x00, 0x3d, 0x01, 0x91, 0x01, 0x3d, 0x01,
        0x4d, 0x00, 0x82, 0x00, 0x22, 0x00, 0x45, 0x86, 0x8e, 0x00, 0x9c, 0x00, 0x10, 0x01, 0x33, 0x00,
        0x68, 0x01, 0x43, 0x01, 0x5d, 0x01, 0x66, 0x01, 0x5a, 0x00, 0x27, 0x00, 0x46, 0x01, 0x77, 0x01,
        0xe3, 0x00, 0x78, 0x01, 0x46, 0x00, 0xfd, 0x00, 0x9d, 0x01, 0x21, 0x00, 0x25, 0x00, 0x9c, 0x01,
        0x89, 0x00, 0x06, 0x01, 0x48, 0x01, 0x9b, 0x01, 0x5e, 0x01, 0x93, 0x00, 0x0d, 0x01, 0x4b, 0x00,
        0x92, 0x01, 0x86, 0x01, 0xa0, 0x01, 0x08, 0x01, 0x9d, 0x01, 0xb5, 0x00, 0x8b, 0x00, 0x2a, 0x00,
        0x78, 0x00, 0xc0, 0x00, 0x32, 0x01, 0x10, 0x00, 0x82, 0x00, 0xfe, 0x00, 0x7d, 0x01, 0x47, 0x00,
        0x6e, 0x01, 0xfe, 0x00, 0x34, 0x01, 0x6f, 0x01, 0x34, 0x01, 0x87, 0x00, 0x82, 0x00, 0x52, 0x00,
        0x94, 0x01, 0x43, 0x00, 0x69, 0x01, 0x60, 0x00, 0x05, 0x01, 0x52, 0x01, 0x8b, 0x00, 0x06, 0x01,
        0x7d, 0x01, 0x9e, 0x01, 0x99, 0x01, 0x64, 0x01, 0x86, 0x00, 0x78, 0x01, 0x02, 0x00, 0x66, 0x01,
        0xdb, 0x00, 0x25, 0x00, 0x5c, 0x00, 0x96, 0x01, 0x74, 0x01, 0x73, 0x01, 0x85, 0x00, 0x6f, 0x01,
        0x66, 0x00, 0xf0, 0x00, 0x06, 0x01, 0xd6, 0x00, 0x76, 0x01, 0x5e, 0x01, 0x6b, 0x01, 0x4d, 0x01,
        0x95, 0x01, 0x2d, 0x01, 0x8b, 0x00, 0x03, 0x01, 0xa7, 0x00, 0x85, 0x00, 0x88, 0x00, 0x66, 0x00,
        0x79, 0x01, 0xce, 0x00, 0x68, 0x01, 0xce, 0x00, 0x64, 0x01, 0x09, 0x01, 0x25, 0x00, 0x70, 0x01,
        0x4e, 0x01, 0x41, 0x01, 0x08, 0x00, 0x27, 0x00, 0x08, 0x01, 0x34, 0x01, 0x8c, 0x00, 0x7e, 0x01,
        0x69, 0x01, 0x79, 0x00, 0x4a, 0x01, 0x75, 0x01, 0x75, 0x01, 0xbe, 0x00, 0x7d, 0x01, 0x10, 0x00,
        0x33, 0x00, 0x0d, 0x01, 0xb2, 0x00, 0xd5, 0x00, 0xd5, 0x00, 0x2e, 0x01, 0x8f, 0x01, 0xd4, 0x00,
        0x8b, 0x00, 0x86, 0x01, 0x8e, 0x00, 0xb4, 0x00, 0xbd, 0x00, 0x18, 0x00, 0xf4, 0x00, 0x72, 0x00,
        0x64, 0x01, 0x9d, 0x01, 0x04, 0x00, 0x04, 0x00, 0x8f, 0x00, 0x8f, 0x01, 0x77, 0x01, 0x81, 0x00,
        0x8c, 0x00, 0xc7, 0x00, 0x23, 0x00, 0x76, 0x00, 0x82, 0x00, 0x21, 0x00, 0x6e, 0x01, 0x89, 0x01,
        0x28, 0x01, 0x64, 0x01, 0x8a, 0x01, 0x4f, 0x00, 0x92, 0x01, 0xdd, 0x00, 0xac, 0x00, 0x52, 0x00,
        0x79, 0x01, 0x95, 0x00, 0x89, 0x00, 0xa4, 0x01, 0x8d, 0x00, 0x14, 0x00, 0x86, 0x00, 0x99, 0x01,
        0x63, 0x01, 0x88, 0x01, 0x8a, 0x01, 0x61, 0x86, 0x0a, 0x01, 0x48, 0x01, 0x88, 0x01, 0x05, 0x01,
        0x33, 0x01, 0x6f, 0x01, 0x85, 0x01, 0x48, 0x01, 0x3d, 0x00, 0x43, 0x01, 0x66, 0x01, 0x89, 0x00,
        0x8d, 0x00, 0x90, 0x00, 0x8c, 0x01, 0xdc, 0x00, 0x77, 0x01, 0x01, 0x00, 0x8c, 0x01, 0xfd, 0x00,
        0x86, 0x00, 0x82, 0x00, 0x77, 0x01, 0x77, 0x01, 0x2d, 0x01, 0x15, 0x01, 0xec, 0x00, 0x08, 0x01,
        0x4f, 0x00, 0x46, 0x01, 0x81, 0x00, 0x95, 0x01, 0x78, 0x00, 0x01, 0x00, 0x79, 0x01, 0x8b, 0x00,
        0x7d, 0x01, 0x8b, 0x00, 0x86, 0x00, 0x35, 0x82, 0x8f, 0x01, 0x6f, 0x01, 0x83, 0x01, 0xb0, 0x00,
        0x32, 0x01, 0x5e, 0x01, 0x21, 0x00, 0xb2, 0x00, 0x77, 0x01, 0x0e, 0x00, 0x8f, 0x01, 0x73, 0x01,
        0x52, 0x00, 0x29, 0x00, 0x5e, 0x01, 0x29, 0x00, 0x75, 0x01, 0x21, 0x00, 0x15, 0x01, 0x78, 0x01,
        0xac, 0x00, 0x25, 0x00, 0x69, 0x01, 0xe7, 0x00, 0x84, 0x00, 0x83, 0x01, 0x77, 0x01, 0x3d, 0x00,
        0x8c, 0x01, 0x73, 0x01, 0x4d, 0x00, 0x73, 0x01, 0x89, 0x00, 0x49, 0x00, 0x60, 0x00, 0x18, 0x01,
        0x89, 0x00, 0x8e, 0x00, 0x7f, 0x00, 0x4a, 0x01, 0x15, 0x01, 0x2d, 0x01, 0x06, 0x01, 0x59, 0x01,
        0x71, 0x01, 0x77, 0x01, 0x71, 0x01, 0x89, 0x00, 0x18, 0x01, 0x8c, 0x00, 0x86, 0x00, 0xf4, 0x00,
        0x93, 0x00, 0x72, 0x01, 0xde, 0x00, 0x85, 0x83, 0x52, 0x00, 0xc0, 0x00, 0x6c, 0x01, 0x3f, 0x01,
        0x5c, 0x00, 0x30, 0x01, 0x59, 0x00, 0x95, 0x00, 0x92, 0x01, 0x6c, 0x00, 0x79, 0x00, 0x02, 0x01,
        0xa1, 0x01, 0x61, 0x86, 0x6c, 0x01, 0x8a, 0x01, 0x41, 0x01, 0x91, 0x01, 0x43, 0x00, 0x95, 0x01,
        0x32, 0x00, 0x10, 0x01, 0x8e, 0x01, 0x0d, 0x00, 0x77, 0x01, 0x77, 0x01, 0xa6, 0x00, 0xb0, 0x00,
        0x34, 0x01, 0x6d, 0x00, 0x34, 0x01, 0xbc, 0x83, 0x86, 0x00, 0x26, 0x00, 0x96, 0x01, 0x32, 0x01,
        0x82, 0x00, 0x3c, 0x00, 0x6b, 0x00, 0x11, 0x01, 0x71, 0x00, 0x71, 0x01, 0x77, 0x01, 0x92, 0x01,
        0x62, 0x00, 0x67, 0x01, 0x1f, 0x00, 0x87, 0x00, 0x6e, 0x01, 0x95, 0x01, 0x8e, 0x00, 0x63, 0x01,
        0x7d, 0x01, 0x0a, 0x01, 0x63, 0x01, 0x65, 0x00, 0x7c, 0x01, 0x86, 0x00, 0xa6, 0x00, 0x70, 0x86,
        0x3f, 0x01, 0x53, 0x00, 0x0d, 0x01, 0x96, 0x01, 0xa0, 0x01, 0xf0, 0x00, 0x35, 0x82, 0x9d, 0x01,
        0x5a, 0x00, 0x9c, 0x00, 0x5e, 0x01, 0x7d, 0x01, 0x45, 0x86, 0x32, 0x01, 0x14, 0x82, 0x21, 0x00,
        0xb5, 0x00, 0x9c, 0x01, 0x43, 0x01, 0x48, 0x01, 0x32, 0x01, 0x77, 0x01, 0xd6, 0x00, 0x25, 0x00,
        0x47, 0x00, 0x85, 0x00, 0x8b, 0x00, 0x69, 0x01, 0x70, 0x01, 0x76, 0x01, 0x5e, 0x01, 0x52, 0x00,
        0x7d, 0x01, 0x6f, 0x01, 0x21, 0x00, 0x9e, 0x01, 0x02, 0x00, 0x73, 0x01, 0x43, 0x00, 0x00, 0x85,
        0xfe, 0x00, 0x6e, 0x01, 0xd5, 0x00, 0x3d, 0x00, 0x41, 0x01, 0x69, 0x01, 0x75, 0x01, 0x08, 0x00,
        0x34, 0x01, 0x08, 0x01, 0xce, 0x00, 0x8f, 0x00, 0xc7, 0x00, 0x8f, 0x01, 0x8b, 0x00, 0xd4, 0x00,
        0x48, 0x01, 0x88, 0x01, 0x0a, 0x01, 0xac, 0x00, 0x05, 0x01, 0x95, 0x00, 0x73, 0x01, 0x08, 0x01,
        0x8c, 0x01, 0x25, 0x00, 0x06, 0x83, 0x08, 0x01, 0x7f, 0x00, 0x65, 0x01, 0x89, 0x00, 0x7f, 0x00,
        0x76, 0x00, 0x7f, 0x00, 0x64, 0x01, 0x64, 0x01, 0x8e, 0x83, 0xb6, 0x00, 0x76, 0x00, 0x4d, 0x00,
        0xbc, 0x00, 0x4c, 0x00, 0x8c, 0x00, 0x4c, 0x84, 0x55, 0x81, 0xb2, 0x00, 0x42, 0x00, 0x5c, 0x01,
        0x0d, 0x00, 0x36, 0x01, 0x66, 0x01, 0x5c, 0x00, 0x93, 0x01, 0x93, 0x01, 0x73, 0x01, 0x73, 0x01,
        0x34, 0x01, 0x2a, 0x00, 0x86, 0x00, 0x58, 0x01, 0x77, 0x01, 0x58, 0x01, 0x77, 0x01, 0x8b, 0x00,
        0x05, 0x00, 0x80, 0x00, 0x52, 0x00, 0x2a, 0x00, 0x67, 0x01, 0x84, 0x00, 0x8b, 0x00, 0x9e, 0x00,
        0x62, 0x00, 0x93, 0x00, 0x60, 0x00, 0x64, 0x01, 0x12, 0x00, 0x78, 0x00, 0x7d, 0x01, 0x96, 0x01,
        0x8a, 0x00, 0x5b, 0x00, 0x64, 0x01, 0x14, 0x00, 0x5f, 0x01, 0x84, 0x00, 0x12, 0x00, 0x43, 0x00,
        0x9f, 0x01, 0x5b, 0x00, 0x77, 0x01, 0x43, 0x87, 0x09, 0x00, 0x20, 0x00, 0x02, 0x00, 0xfd, 0x00,
        0xd9, 0x00, 0xfd, 0x00, 0x6b, 0x00, 0xd9, 0x00, 0x7c, 0x01, 0x46, 0x00, 0xd5, 0x00, 0x3e, 0x01,
        0x6d, 0x01, 0x84, 0x00, 0xa8, 0x00, 0x79, 0x00, 0x60, 0x83, 0xd5, 0x00, 0x02, 0x00, 0xc9, 0x00,
        0xb2, 0x00, 0xe3, 0x00, 0x0d, 0x00, 0x7d, 0x01, 0x8a, 0x00, 0x56, 0x01, 0xc9, 0x00, 0xfd, 0x00,
        0x64, 0x01, 0x77, 0x01, 0x93, 0x00, 0xd5, 0x00, 0x2a, 0x00, 0x48, 0x01, 0x84, 0x00, 0x95, 0x00,
        0x0a, 0x00, 0x91, 0x01, 0x7e, 0x01, 0x60, 0x00, 0x17, 0x00, 0x6a, 0x00, 0x4b, 0x01, 0x77, 0x01,
        0x77, 0x00, 0x5c, 0x01, 0x01, 0x01, 0x88, 0x00, 0x58, 0x00, 0x48, 0x01, 0x6f, 0x00, 0x86, 0x01,
        0x93, 0x01, 0x56, 0x00, 0x96, 0x01, 0x34, 0x01, 0x0d, 0x00, 0x9e, 0x01, 0x56, 0x00, 0x71, 0x00,
        0xfe, 0x00, 0x0e, 0x00, 0xc6, 0x00, 0x3b, 0x00, 0x33, 0x01, 0xa6, 0x00, 0x5a, 0x00, 0x51, 0x01,
        0x77, 0x01, 0x27, 0x00, 0xc9, 0x00, 0x79, 0x00, 0x0d, 0x00, 0xbe, 0x00, 0xb8, 0x00, 0x86, 0x00,
        0x62, 0x00, 0xfe, 0x00, 0x9e, 0x01, 0x8a, 0x00, 0x6e, 0x01, 0x87, 0x01, 0x8d, 0x00, 0x62, 0x00,
        0x84, 0x01, 0x8b, 0x00, 0x79, 0x01, 0x71, 0x01, 0x91, 0x01, 0x30, 0x01, 0x12, 0x00, 0x12, 0x00,
        0x0f, 0x01, 0x30, 0x01, 0x2d, 0x00, 0x84, 0x01, 0x95, 0x01, 0xab, 0x00, 0x83, 0x01, 0x32, 0x00,
        0x25, 0x00, 0x2e, 0x01, 0x4f, 0x01, 0xfa, 0x00, 0x69, 0x00, 0x66, 0x01, 0xc6, 0x00, 0x8b, 0x00,
        0x43, 0x01, 0x60, 0x00, 0x48, 0x01, 0x33, 0x00, 0x33, 0x00, 0x93, 0x01, 0x89, 0x00, 0x8d, 0x01,
        0x4d, 0x00, 0x8f, 0x00, 0x6c, 0x01, 0x30, 0x00, 0x80, 0x01, 0x09, 0x00, 0x82, 0x01, 0xab, 0x00,
        0x5c, 0x00, 0x19, 0x00, 0x89, 0x00, 0x33, 0x01, 0x77, 0x01, 0x99, 0x01, 0x60, 0x00, 0x6b, 0x00,
        0x24, 0x01, 0x86, 0x01, 0xb6, 0x00, 0x77, 0x01, 0x06, 0x00, 0x25, 0x00, 0x5c, 0x01, 0x93, 0x01,
        0x9b, 0x01, 0x10, 0x00, 0x80, 0x01, 0x89, 0x01, 0x3c, 0x00, 0x83, 0x01, 0x73, 0x01, 0x05, 0x01,
        0x2d, 0x01, 0x5c, 0x01, 0x79, 0x01, 0x8f, 0x00, 0x63, 0x00, 0x66, 0x01, 0x84, 0x01, 0x0d, 0x00,
        0x4d, 0x00, 0x36, 0x01, 0x73, 0x01, 0x2e, 0x01, 0x6f, 0x01, 0xbc, 0x00, 0x63, 0x00, 0x84, 0x01,
        0x0a, 0x00, 0x91, 0x01, 0x60, 0x00, 0x7e, 0x01, 0x6a, 0x00, 0x17, 0x00, 0x86, 0x01, 0x66, 0x01,
        0x06, 0x00, 0x8d, 0x01, 0x88, 0x00, 0x93, 0x01, 0x58, 0x00, 0x48, 0x01, 0x01, 0x01, 0x0e, 0x00,
        0x6b, 0x00, 0x96, 0x01, 0x6f, 0x00, 0x56, 0x00, 0x8b, 0x00, 0x80, 0x80, 0x34, 0x01, 0x51, 0x01,
        0x71, 0x00, 0xa6, 0x00, 0x3b, 0x00, 0xc9, 0x00, 0x5a, 0x00, 0x79, 0x00, 0x77, 0x01, 0x87, 0x01,
        0x93, 0x01, 0x03, 0x83, 0x86, 0x00, 0x9e, 0x01, 0xb8, 0x00, 0xbe, 0x00, 0x84, 0x01, 0x9e, 0x01,
        0x62, 0x00, 0x8f, 0x00, 0x0f, 0x01, 0x91, 0x01, 0xab, 0x00, 0x30, 0x01, 0x60, 0x00, 0x4d, 0x00,
        0x89, 0x00, 0x36, 0x01, 0x2e, 0x01, 0x32, 0x00, 0x0d, 0x00, 0x95, 0x01, 0x69, 0x00, 0xfa, 0x00,
        0x3c, 0x00, 0xab, 0x00, 0x5c, 0x00, 0x9b, 0x01, 0x60, 0x00, 0x66, 0x87, 0x24, 0x01, 0x86, 0x01,
        0x73, 0x01, 0x83, 0x01, 0x80, 0x01, 0x89, 0x01, 0x2d, 0x01, 0x79, 0x01, 0x63, 0x00, 0x27, 0x00,
        0x64, 0x01, 0x30, 0x01, 0xdb, 0x00, 0x53, 0x01, 0x64, 0x01, 0x26, 0x00, 0x79, 0x00, 0x26, 0x00,
        0x8f, 0x01, 0x65, 0x01, 0x49, 0x01, 0xa0, 0x01, 0xa0, 0x01, 0xb2, 0x00, 0x92, 0x00, 0x60, 0x00,
        0x8e, 0x01, 0x63, 0x00, 0x06, 0x01, 0x2d, 0x01, 0x0e, 0x01, 0x78, 0x01, 0x66, 0x01, 0x9e, 0x01,
        0x95, 0x00, 0x0c, 0x01, 0x27, 0x00, 0x32, 0x00, 0x25, 0x00, 0x25, 0x00, 0x47, 0x00, 0x1e, 0x84,
        0x23, 0x00, 0x43, 0x00, 0x64, 0x01, 0x8c, 0x01, 0x95, 0x00, 0x7f, 0x01, 0x10, 0x01, 0x89, 0x00,
        0x27, 0x00, 0x2a, 0x00, 0x6d, 0x00, 0x70, 0x01, 0x9e, 0x01, 0x50, 0x01, 0x51, 0x00, 0xb7, 0x00,
        0x63, 0x00, 0x45, 0x01, 0x35, 0x00, 0x64, 0x01, 0x8e, 0x01, 0x41, 0x01, 0x78, 0x01, 0x93, 0x00,
        0x8b, 0x00, 0x12, 0x01, 0x49, 0x01, 0x31, 0x00, 0x37, 0x00, 0xbe, 0x00, 0xb7, 0x81, 0x3d, 0x00,
        0x0f, 0x01, 0x9e, 0x01, 0x4e, 0x01, 0x10, 0x01, 0x27, 0x00, 0x85, 0x00, 0x0a, 0x01, 0x0a, 0x01,
        0x8d, 0x00, 0x85, 0x01, 0x4e, 0x01, 0x56, 0x00, 0x83, 0x01, 0x83, 0x01, 0xa1, 0x01, 0xf5, 0x00,
        0x60, 0x80, 0xa2, 0x00, 0x9c, 0x00, 0x50, 0x00, 0x95, 0x00, 0x60, 0x00, 0x25, 0x00, 0x8b, 0x00,
        0x59, 0x00, 0x93, 0x01, 0x46, 0x01, 0x7f, 0x01, 0x05, 0x00, 0x06, 0x01, 0x7f, 0x01, 0x09, 0x01,
        0x59, 0x01, 0x47, 0x01, 0x77, 0x01, 0xe4, 0x00, 0xb9, 0x00, 0xcb, 0x00, 0x05, 0x00, 0x47, 0x00,
        0xa2, 0x00, 0x59, 0x01, 0x8a, 0x00, 0x32, 0x00, 0xf9, 0x00, 0x07, 0x01, 0x96, 0x01, 0x93, 0x00,
        0x08, 0x82, 0x93, 0x01, 0x60, 0x00, 0xf7, 0x00, 0x93, 0x00, 0x2d, 0x01, 0x14, 0x00, 0xe3, 0x00,
        0x93, 0x00, 0x95, 0x84, 0x68, 0x00, 0x77, 0x01, 0x89, 0x00, 0x51, 0x00, 0x66, 0x01, 0x8d, 0x00,
        0x51, 0x00, 0x96, 0x01, 0x11, 0x01, 0xa3, 0x00, 0x98, 0x01, 0x71, 0x00, 0x0e, 0x01, 0xa7, 0x00,
        0x67, 0x01, 0x27, 0x00, 0xbe, 0x00, 0xfe, 0x00, 0x93, 0x01, 0x8a, 0x00, 0x50, 0x01, 0x17, 0x00,
        0x8b, 0x00, 0x3a, 0x00, 0x0a, 0x01, 0x0d, 0x00, 0x66, 0x01, 0x51, 0x00, 0x89, 0x00, 0x93, 0x00,
        0x89, 0x00, 0x36, 0x01, 0x55, 0x01, 0x2a, 0x00, 0x90, 0x00, 0xe7, 0x00, 0x68, 0x01, 0x15, 0x00,
        0x70, 0x01, 0x38, 0x00, 0xd7, 0x00, 0x36, 0x01, 0xb5, 0x00, 0x7b, 0x01, 0x8d, 0x00, 0x29, 0x00,
        0x0a, 0x01, 0xd6, 0x00, 0x46, 0x01, 0x8b, 0x00, 0x06, 0x01, 0x61, 0x01, 0x5e, 0x01, 0x31, 0x00,
        0x8e, 0x00, 0x89, 0x00, 0xe7, 0x00, 0x93, 0x00, 0xe7, 0x00, 0xc0, 0x00, 0xbe, 0x00, 0xb1, 0x00,
        0x83, 0x00, 0x93, 0x00, 0x27, 0x00, 0x5c, 0x01, 0x11, 0x01, 0x4e, 0x01, 0x14, 0x00, 0xa1, 0x01,
        0x0b, 0x01, 0x77, 0x01, 0x35, 0x00, 0x9f, 0x01, 0x17, 0x00, 0x9f, 0x01, 0xfc, 0x00, 0x93, 0x01,
        0x92, 0x01, 0x45, 0x00, 0x93, 0x01, 0x7d, 0x01, 0x51, 0x00, 0x50, 0x00, 0x2d, 0x00, 0x7b, 0x01,
        0x94, 0x01, 0x43, 0x00, 0x8a, 0x01, 0x25, 0x00, 0x2c, 0x00, 0x8b, 0x00, 0x6d, 0x00, 0x49, 0x01,
        0x93, 0x00, 0x60, 0x00, 0xa1, 0x01, 0x47, 0x00, 0xfe, 0x00, 0x1c, 0x01, 0xf0, 0x00, 0x4e, 0x01,
        0x1f, 0x00, 0x57, 0x01, 0x8b, 0x00, 0x3e, 0x00, 0x39, 0x00, 0xab, 0x85, 0x46, 0x01, 0x09, 0x01,
        0xe4, 0x00, 0x45, 0x00, 0x4e, 0x01, 0x89, 0x00, 0xe7, 0x00, 0xeb, 0x84, 0xba, 0x00, 0x83, 0x01,
        0x0d, 0x00, 0x28, 0x00, 0xbe, 0x00, 0xb6, 0x00, 0x35, 0x00, 0x49, 0x01, 0x3b, 0x00, 0x41, 0x01,
        0x64, 0x01, 0xa7, 0x00, 0x89, 0x00, 0x93, 0x01, 0x09, 0x01, 0x02, 0x82, 0xeb, 0x84, 0x9f, 0x01,
        0xb4, 0x00, 0x0c, 0x00, 0x85, 0x01, 0xe4, 0x00, 0x11, 0x00, 0x57, 0x01, 0x93, 0x00, 0x42, 0x00,
        0x1e, 0x00, 0x66, 0x01, 0x58, 0x00, 0x2a, 0x00, 0x94, 0x01, 0xc6, 0x81, 0x14, 0x00, 0xb4, 0x81,
        0x35, 0x00, 0x95, 0x00, 0x95, 0x00, 0xb8, 0x00, 0x46, 0x01, 0x0a, 0x01, 0x33, 0x84, 0x05, 0x01,
        0xb6, 0x00, 0x50, 0x00, 0x36, 0x00, 0x6f, 0x00, 0x85, 0x01, 0x3a, 0x00, 0x0d, 0x00, 0x0d, 0x00,
        0x96, 0x01, 0x93, 0x00, 0x2a, 0x00, 0x0a, 0x01, 0x50, 0x00, 0x29, 0x00, 0x89, 0x00, 0x63, 0x01,
        0x7f, 0x01, 0xe4, 0x00, 0xb8, 0x00, 0xb7, 0x00, 0x93, 0x01, 0x95, 0x84, 0x93, 0x01, 0x21, 0x00,
        0x2a, 0x00, 0x4e, 0x00, 0x5e, 0x01, 0xbc, 0x00, 0xb8, 0x00, 0x66, 0x01, 0x5e, 0x01, 0xa2, 0x01,
        0xac, 0x00, 0x69, 0x01, 0x15, 0x01, 0x23, 0x01, 0xe7, 0x00, 0x46, 0x01, 0x10, 0x01, 0x89, 0x00,
        0x36, 0x00, 0x39, 0x00, 0x64, 0x01, 0xa7, 0x00, 0x95, 0x00, 0xb8, 0x00, 0x32, 0x01, 0x6a, 0x00,
        0x3c, 0x00, 0x5b, 0x00, 0x10, 0x01, 0x4e, 0x01, 0x51, 0x00, 0x51, 0x00, 0x6a, 0x00, 0xad, 0x00,
        0x18, 0x01, 0xc1, 0x00, 0x01, 0x00, 0x89, 0x00, 0x93, 0x00, 0x49, 0x01, 0xa0, 0x00, 0xae, 0x00,
        0x73, 0x01, 0xcb, 0x00, 0x9a, 0x00, 0x10, 0x01, 0xbd, 0x00, 0xae, 0x00, 0x51, 0x00, 0x93, 0x01,
        0x73, 0x01, 0x4e, 0x01, 0x3e, 0x00, 0x79, 0x01, 0x7d, 0x01, 0x37, 0x81, 0x72, 0x01, 0x71, 0x00,
        0x96, 0x00, 0x5e, 0x01, 0x7f, 0x01, 0x6a, 0x01, 0x3b, 0x00, 0x6f, 0x01, 0x58, 0x00, 0x18, 0x01,
        0x2d, 0x01, 0xa6, 0x00, 0x36, 0x01, 0x58, 0x01, 0x25, 0x00, 0x3b, 0x00, 0x52, 0x00, 0xd9, 0x00,
        0x06, 0x01, 0xc9, 0x00, 0x1f, 0x01, 0xa6, 0x00, 0x08, 0x01, 0x99, 0x01, 0x7f, 0x00, 0x81, 0x00,
        0x10, 0x01, 0xa6, 0x00, 0x43, 0x00, 0xb9, 0x00, 0x3b, 0x00, 0x04, 0x00, 0x91, 0x01, 0x58, 0x00,
        0xa6, 0x00, 0x74, 0x01, 0xfc, 0x00, 0x0a, 0x00, 0x6c, 0x00, 0x6c, 0x00, 0xf9, 0x00, 0x96, 0x01,
        0x1b, 0x01, 0x52, 0x00, 0x05, 0x00, 0x95, 0x01, 0x93, 0x01, 0x75, 0x01, 0x9c, 0x00, 0x77, 0x01,
        0x93, 0x01, 0x34, 0x01, 0x02, 0x01, 0x56, 0x00, 0x6a, 0x00, 0x93, 0x00, 0x8d, 0x00, 0x70, 0x00,
        0x79, 0x00, 0x98, 0x00, 0x11, 0x01, 0x95, 0x01, 0x82, 0x01, 0x93, 0x01, 0x30, 0x01, 0xb5, 0x00,
        0x7d, 0x01, 0x2f, 0x01, 0x7c, 0x01, 0x5c, 0x01, 0x78, 0x01, 0x8f, 0x01, 0x5c, 0x01, 0x60, 0x00,
        0x0d, 0x01, 0x95, 0x01, 0xe3, 0x00, 0xb1, 0x00, 0x8f, 0x01, 0x8c, 0x01, 0xb5, 0x00, 0x9e, 0x01,
        0x86, 0x00, 0x5d, 0x01, 0x31, 0x00, 0x73, 0x00, 0x99, 0x00, 0x77, 0x01, 0xfc, 0x00, 0x08, 0x01,
        0x72, 0x00, 0xe4, 0x00, 0x02, 0x01, 0x6f, 0x00, 0x0a, 0x00, 0xc0, 0x00, 0xf6, 0x00, 0xb5, 0x00,
        0x1f, 0x01, 0x1c, 0x01, 0x89, 0x00, 0x74, 0x01, 0x66, 0x01, 0x2d, 0x00, 0x34, 0x00, 0x30, 0x00,
        0x66, 0x00, 0x7c, 0x01, 0x7f, 0x00, 0x36, 0x01, 0x60, 0x00, 0x9e, 0x01, 0x60, 0x00, 0x5f, 0x01,
        0x0b, 0x00, 0x8c, 0x01, 0x7d, 0x01, 0x5f, 0x01, 0x4a, 0x01, 0x6c, 0x00, 0x91, 0x01, 0x65, 0x01,
        0x7e, 0x01, 0xbe, 0x00, 0x8d, 0x00, 0x23, 0x00, 0x63, 0x87, 0x5e, 0x01, 0x87, 0x00, 0x70, 0x01,
        0x8f, 0x01, 0x8d, 0x00, 0x8c, 0x01, 0x15, 0x00, 0xae, 0x00, 0x5b, 0x00, 0x58, 0x00, 0xb8, 0x00,
        0x66, 0x00, 0x28, 0x01, 0x99, 0x00, 0x84, 0x00, 0x77, 0x01, 0x89, 0x00, 0x9b, 0x01, 0x56, 0x00,
        0x7d, 0x01, 0x8b, 0x00, 0x7f, 0x00, 0xb0, 0x00, 0xfa, 0x00, 0xb2, 0x00, 0xb2, 0x00, 0xbe, 0x00,
        0xb8, 0x00, 0x37, 0x81, 0xb5, 0x82, 0x71, 0x00, 0x6f, 0x01, 0x3b, 0x00, 0x18, 0x01, 0x63, 0x87,
        0x52, 0x00, 0xc0, 0x00, 0x1f, 0x01, 0x7f, 0x00, 0x6c, 0x00, 0x9c, 0x00, 0xbe, 0x00, 0x95, 0x01,
        0x93, 0x01, 0x77, 0x01, 0x81, 0x00, 0x91, 0x01, 0xb2, 0x00, 0x75, 0x01, 0x0d, 0x01, 0x34, 0x01,
        0x82, 0x01, 0x93, 0x01, 0x8d, 0x00, 0x95, 0x01, 0x11, 0x01, 0xbe, 0x00, 0x8d, 0x00, 0x8f, 0x01,
        0x60, 0x00, 0xb5, 0x00, 0xe4, 0x00, 0x0a, 0x00, 0x86, 0x00, 0x72, 0x00, 0x5d, 0x01, 0xb5, 0x00,
        0x31, 0x00, 0x9e, 0x01, 0x34, 0x00, 0x60, 0x00, 0x89, 0x00, 0x5f, 0x01, 0x36, 0x01, 0xfa, 0x00,
        0x7e, 0x01, 0x65, 0x01, 0x62, 0x85, 0xbe, 0x00, 0x8f, 0x01, 0xb8, 0x00, 0x6a, 0x01, 0x6c, 0x00,
        0x32, 0x00, 0x32, 0x00, 0x92, 0x80, 0xa3, 0x01, 0x0e, 0x00, 0xaa, 0x00, 0xaa, 0x00, 0x32, 0x00,
        0x70, 0x01, 0x07, 0x00, 0x0e, 0x00, 0x0e, 0x00, 0x0e, 0x00, 0x70, 0x01, 0x0e, 0x00, 0x07, 0x00,
        0x32, 0x00, 0x0e, 0x00, 0x0e, 0x00, 0x25, 0x00, 0x1d, 0x01, 0xeb, 0x00, 0xeb, 0x00, 0x21, 0x00,
        0x31, 0x00, 0x31, 0x00, 0x77, 0x01, 0x19, 0x01, 0x0e, 0x00, 0x0e, 0x00, 0x34, 0x01, 0x7d, 0x01,
        0xb6, 0x00, 0x3a, 0x00, 0x21, 0x00, 0x63, 0x00, 0x08, 0x01, 0x7d, 0x01, 0x7d, 0x01, 0x06, 0x01,
        0x71, 0x01, 0x77, 0x01, 0x73, 0x00, 0xc6, 0x00, 0x06, 0x01, 0x81, 0x01, 0x5d, 0x01, 0x55, 0x01,
        0x9c, 0x01, 0x79, 0x01, 0x3a, 0x00, 0x80, 0x01, 0x8f, 0x00, 0x77, 0x00, 0x72, 0x01, 0x58, 0x00,
        0x63, 0x01, 0x3a, 0x00, 0x52, 0x00, 0x47, 0x83, 0x50, 0x87, 0x3a, 0x00, 0x8f, 0x00, 0x7e, 0x01,
        0x5e, 0x01, 0xb4, 0x00, 0x27, 0x00, 0x24, 0x00, 0xe3, 0x00, 0x50, 0x01, 0x93, 0x01, 0x77, 0x01,
        0x91, 0x00, 0x8a, 0x00, 0x25, 0x00, 0x3b, 0x00, 0x56, 0x00, 0x43, 0x00, 0x83, 0x85, 0x96, 0x01,
        0x47, 0x00, 0x86, 0x01, 0x4a, 0x01, 0x36, 0x01, 0x59, 0x01, 0x10, 0x01, 0x90, 0x00, 0x86, 0x00,
        0x4b, 0x00, 0x7c, 0x01, 0xce, 0x00, 0x0c, 0x00, 0x89, 0x00, 0xda, 0x00, 0x77, 0x01, 0x8e, 0x00,
        0x9b, 0x01, 0xb7, 0x00, 0x71, 0x01, 0x57, 0x01, 0x3f, 0x01, 0x64, 0x84, 0x4a, 0x01, 0xf8, 0x00,
        0x80, 0x00, 0xe3, 0x00, 0x50, 0x00, 0x91, 0x00, 0x6f, 0x01, 0x71, 0x01, 0x15, 0x00, 0x7c, 0x01,
        0x68, 0x01, 0x0f, 0x01, 0x54, 0x01, 0x96, 0x01, 0x0f, 0x01, 0x43, 0x00, 0x43, 0x00, 0x55, 0x01,
        0x90, 0x00, 0x4e, 0x01, 0x4c, 0x00, 0x77, 0x01, 0x50, 0x87, 0x53, 0x01, 0x70, 0x00, 0x63, 0x01,
        0x34, 0x01, 0x26, 0x00, 0x41, 0x01, 0x85, 0x01, 0x13, 0x01, 0x5c, 0x00, 0xb4, 0x00, 0x45, 0x01,
        0x86, 0x00, 0xb2, 0x00, 0x6c, 0x00, 0xab, 0x00, 0x0b, 0x00, 0x39, 0x00, 0x95, 0x00, 0x0c, 0x00,
        0x84, 0x00, 0x3b, 0x00, 0xbe, 0x00, 0x7c, 0x01, 0x95, 0x01, 0x8f, 0x00, 0x7d, 0x01, 0x31, 0x00,
        0xa7, 0x00, 0x5e, 0x01, 0x4e, 0x01, 0x77, 0x01, 0x3a, 0x00, 0x7e, 0x01, 0xc1, 0x00, 0x0d, 0x00,
        0xf0, 0x00, 0x7d, 0x01, 0x3d, 0x00, 0x43, 0x01, 0x50, 0x00, 0x43, 0x01, 0x73, 0x01, 0x2d, 0x00,
        0x27, 0x00, 0x4e, 0x01, 0x7d, 0x01, 0x34, 0x01, 0x91, 0x01, 0x7c, 0x01, 0x80, 0x01, 0x52, 0x00,
        0x0e, 0x00, 0x73, 0x00, 0x52, 0x00, 0x65, 0x01, 0x85, 0x00, 0x0f, 0x01, 0x3e, 0x00, 0x3a, 0x00,
        0x5e, 0x01, 0xdb, 0x00, 0xc0, 0x86, 0x6b, 0x00, 0x75, 0x01, 0x29, 0x00, 0xba, 0x00, 0x71, 0x01,
        0x46, 0x01, 0x43, 0x00, 0x27, 0x00, 0x7e, 0x01, 0x41, 0x01, 0x46, 0x01, 0x08, 0x01, 0xc5, 0x00,
        0x75, 0x01, 0x6f, 0x00, 0x8d, 0x01, 0x04, 0x00, 0x34, 0x01, 0x16, 0x00, 0x27, 0x00, 0x41, 0x01,
        0x85, 0x01, 0x8f, 0x01, 0x50, 0x00, 0x43, 0x00, 0xbd, 0x00, 0x27, 0x00, 0x39, 0x00, 0xb8, 0x00,
        0xa4, 0x01, 0x16, 0x01, 0x08, 0x01, 0x6f, 0x01, 0x7d, 0x01, 0x77, 0x01, 0x52, 0x00, 0xb6, 0x00,
        0x93, 0x00, 0x34, 0x01, 0x0d, 0x00, 0x75, 0x01, 0xc6, 0x00, 0x69, 0x01, 0x43, 0x01, 0x47, 0x83,
        0x8c, 0x01, 0x4d, 0x01, 0x56, 0x00, 0xd0, 0x00, 0x0e, 0x00, 0x0e, 0x00, 0xaa, 0x00, 0xb2, 0x00,
        0x7e, 0x01, 0x75, 0x01, 0xc1, 0x00, 0xb2, 0x00, 0x77, 0x01, 0x52, 0x01, 0x42, 0x00, 0x06, 0x01,
        0x7b, 0x01, 0x2d, 0x01, 0x76, 0x00, 0x7d, 0x01, 0xc8, 0x00, 0x1d, 0x01, 0x0e, 0x01, 0x64, 0x01,
        0xa6, 0x00, 0x60, 0x00, 0x9a, 0x00, 0x12, 0x00, 0x59, 0x00, 0x6b, 0x01, 0x45, 0x85, 0x6a, 0x01,
        0x32, 0x01, 0x08, 0x00, 0x7e, 0x01, 0x38, 0x00, 0x88, 0x00, 0xe4, 0x86, 0x08, 0x00, 0x63, 0x01,
        0x93, 0x00, 0x7c, 0x01, 0x76, 0x00, 0x47, 0x01, 0x0f, 0x01, 0x0d, 0x00, 0xfd, 0x00, 0x13, 0x00,
        0x2f, 0x01, 0x0a, 0x00, 0x5a, 0x01, 0x43, 0x00, 0xa0, 0x01, 0x76, 0x01, 0xb8, 0x00, 0xa6, 0x00,
        0x71, 0x00, 0x96, 0x01, 0x34, 0x01, 0xa2, 0x00, 0x7d, 0x01, 0x62, 0x00, 0x79, 0x00, 0x0b, 0x01,
        0x93, 0x01, 0x89, 0x00, 0x9e, 0x83, 0x80, 0x00, 0x6b, 0x01, 0x8d, 0x00, 0x64, 0x01, 0x71, 0x00,
        0xf0, 0x00, 0xad, 0x00, 0x8a, 0x00, 0xa4, 0x00, 0x92, 0x01, 0xad, 0x00, 0x80, 0x01, 0x73, 0x01,
        0x26, 0x00, 0x4c, 0x00, 0x64, 0x01, 0xc2, 0x00, 0x60, 0x00, 0x63, 0x01, 0x60, 0x00, 0x65, 0x00,
        0x78, 0x00, 0xad, 0x00, 0x8a, 0x00, 0x69, 0x00, 0x96, 0x00, 0x79, 0x01, 0x14, 0x00, 0x64, 0x01,
        0x0a, 0x00, 0xb2, 0x00, 0x80, 0x01, 0x15, 0x00, 0x68, 0x01, 0x06, 0x01, 0xfd, 0x00, 0x0d, 0x01,
        0x73, 0x00, 0x95, 0x01, 0x48, 0x01, 0xa0, 0x01, 0x02, 0x01, 0xab, 0x00, 0xe3, 0x00, 0x25, 0x00,
        0x7c, 0x01, 0x15, 0x00, 0x67, 0x01, 0x3c, 0x00, 0x93, 0x00, 0x7b, 0x01, 0x0a, 0x01, 0x77, 0x01,
        0x35, 0x82, 0x73, 0x01, 0xcb, 0x00, 0x22, 0x01, 0x0a, 0x00, 0x52, 0x00, 0x36, 0x01, 0x94, 0x00,
        0x7d, 0x01, 0x80, 0x01, 0x80, 0x00, 0xa7, 0x00, 0x67, 0x01, 0x67, 0x01, 0x40, 0x01, 0x49, 0x01,
        0xd3, 0x00, 0x64, 0x01, 0x1d, 0x01, 0x2a, 0x00, 0x9e, 0x01, 0xa0, 0x01, 0x76, 0x01, 0x63, 0x01,
        0x67, 0x01, 0x80, 0x01, 0x78, 0x00, 0x7b, 0x01, 0x0d, 0x00, 0xc9, 0x00, 0x23, 0x00, 0x60, 0x00,
        0xb6, 0x00, 0x78, 0x01, 0x99, 0x01, 0x81, 0x00, 0x0a, 0x01, 0x73, 0x01, 0x8d, 0x01, 0xc7, 0x00,
        0x0a, 0x01, 0x6e, 0x01, 0x42, 0x00, 0x0d, 0x00, 0x71, 0x01, 0x0d, 0x00, 0x89, 0x01, 0x5e, 0x01,
        0x92, 0x01, 0xc9, 0x00, 0x2d, 0x01, 0xb8, 0x00, 0x03, 0x01, 0x3c, 0x00, 0xcd, 0x00, 0x76, 0x01,
        0x1a, 0x00, 0xa4, 0x00, 0x5c, 0x00, 0xcd, 0x00, 0xa0, 0x01, 0xa6, 0x00, 0xb4, 0x00, 0x83, 0x01,
        0x21, 0x00, 0x7c, 0x01, 0x89, 0x00, 0x73, 0x01, 0x21, 0x00, 0xcc, 0x81, 0xb9, 0x00, 0x84, 0x00,
        0x64, 0x01, 0x5c, 0x00, 0x83, 0x01, 0xb2, 0x00, 0x7c, 0x01, 0x49, 0x00, 0x0f, 0x01, 0x9d, 0x01,
        0xfa, 0x00, 0x95, 0x01, 0x77, 0x01, 0x63, 0x00, 0x7d, 0x01, 0x92, 0x00, 0x73, 0x01, 0xa3, 0x01,
        0xc9, 0x00, 0x91, 0x01, 0x6e, 0x01, 0x4c, 0x00, 0x91, 0x01, 0x5b, 0x00, 0x7e, 0x01, 0x60, 0x00,
        0x80, 0x01, 0x47, 0x01, 0x4f, 0x01, 0x07, 0x01, 0x59, 0x01, 0xbd, 0x81, 0x76, 0x00, 0x6c, 0x00,
        0x41, 0x01, 0x77, 0x82, 0x29, 0x00, 0x82, 0x01, 0xd3, 0x00, 0xae, 0x00, 0x31, 0x00, 0x29, 0x00,
        0x7c, 0x01, 0x53, 0x01, 0x93, 0x01, 0x66, 0x01, 0x8c, 0x00, 0x26, 0x00, 0x78, 0x01, 0x55, 0x01,
        0x8d, 0x00, 0xcb, 0x00, 0xa2, 0x00, 0x42, 0x01, 0xb0, 0x00, 0x05, 0x01, 0xa3, 0x01, 0x75, 0x00,
        0x73, 0x01, 0x1e, 0x86, 0xe5, 0x00, 0x5e, 0x01, 0xbe, 0x00, 0xac, 0x00, 0x73, 0x01, 0x4a, 0x01,
        0xfa, 0x00, 0x8c, 0x01, 0x30, 0x00, 0x48, 0x01, 0xa3, 0x01, 0x9b, 0x01, 0x35, 0x00, 0xa8, 0x00,
        0x4e, 0x01, 0x66, 0x01, 0x4d, 0x00, 0x81, 0x00, 0x6e, 0x01, 0x6b, 0x01, 0x48, 0x01, 0x0f, 0x01,
        0x30, 0x00, 0x80, 0x01, 0x03, 0x01, 0x9c, 0x00, 0x40, 0x01, 0xce, 0x00, 0x11, 0x01, 0x29, 0x00,
        0x39, 0x00, 0x80, 0x01, 0x7b, 0x01, 0x03, 0x00, 0x8a, 0x01, 0x75, 0x00, 0x49, 0x01, 0x8c, 0x00,
        0xff, 0x00, 0x25, 0x00, 0x7d, 0x01, 0xb2, 0x00, 0x85, 0x01, 0xae, 0x00, 0x77, 0x01, 0x8c, 0x00,
        0x15, 0x00, 0x8d, 0x00, 0x64, 0x01, 0x48, 0x01, 0x77, 0x82, 0xeb, 0x00, 0x77, 0x01, 0xb2, 0x00,
        0x93, 0x00, 0x73, 0x01, 0x77, 0x01, 0xe5, 0x00, 0x1d, 0x01, 0x71, 0x01, 0x29, 0x00, 0x73, 0x01,
        0xb9, 0x00, 0xce, 0x00, 0xce, 0x00, 0xe5, 0x00, 0x6a, 0x01, 0x8d, 0x00, 0x1e, 0x86, 0xce, 0x00,
        0x73, 0x01, 0x0e, 0x00, 0x17, 0x00, 0x34, 0x01, 0x7c, 0x01, 0x34, 0x01, 0x34, 0x01, 0xb2, 0x00,
        0x68, 0x81, 0x76, 0x01, 0xb5, 0x00, 0x9b, 0x84, 0x8f, 0x00, 0x8f, 0x00, 0x0f, 0x01, 0x77, 0x01,
        0xb6, 0x00, 0x3e, 0x00, 0x8e, 0x01, 0x49, 0x00, 0x03, 0x01, 0x0f, 0x01, 0x05, 0x00, 0x60, 0x00,
        0x91, 0x01, 0x93, 0x01, 0x05, 0x00, 0xbf, 0x00, 0x60, 0x00, 0xda, 0x00, 0x46, 0x00, 0x2d, 0x01,
        0x0a, 0x01, 0xa1, 0x00, 0x2d, 0x00, 0x9e, 0x01, 0x58, 0x00, 0x82, 0x00, 0x82, 0x00, 0x76, 0x00,
        0x64, 0x00, 0x06, 0x01, 0xc8, 0x00, 0x1a, 0x01, 0x43, 0x00, 0x3e, 0x01, 0x64, 0x01, 0x77, 0x01,
        0x20, 0x00, 0x34, 0x01, 0x55, 0x01, 0x64, 0x01, 0xf1, 0x00, 0x08, 0x01, 0x0f, 0x01, 0x8b, 0x00,
        0xfd, 0x00, 0x76, 0x01, 0x8f, 0x00, 0x05, 0x00, 0x59, 0x00, 0x25, 0x00, 0x6b, 0x01, 0x4c, 0x00,
        0x7f, 0x01, 0x08, 0x01, 0x60, 0x00, 0xfd, 0x00, 0xd9, 0x00, 0x6a, 0x01, 0x52, 0x00, 0x95, 0x00,
        0x50, 0x00, 0x6b, 0x00, 0x78, 0x01, 0x08, 0x01, 0x07, 0x00, 0x23, 0x01, 0x18, 0x01, 0x23, 0x00,
        0xea, 0x00, 0x5b, 0x00, 0x80, 0x01, 0x77, 0x01, 0x0c, 0x01, 0xfd, 0x00, 0x73, 0x00, 0x7f, 0x00,
        0x78, 0x01, 0x96, 0x00, 0x46, 0x00, 0x77, 0x01, 0x94, 0x01, 0x64, 0x01, 0x62, 0x00, 0x1a, 0x01,
        0x88, 0x00, 0x47, 0x01, 0x9a, 0x00, 0x7e, 0x01, 0xbe, 0x00, 0x52, 0x00, 0x0c, 0x01, 0x51, 0x00,
        0x9e, 0x01, 0xe3, 0x00, 0x55, 0x01, 0x34, 0x01, 0xd2, 0x00, 0x6c, 0x00, 0x9c, 0x00, 0xb9, 0x00,
        0x13, 0x00, 0x3e, 0x01, 0x6c, 0x00, 0x14, 0x00, 0xfd, 0x00, 0x7d, 0x01, 0x3e, 0x01, 0xa5, 0x01,
        0x15, 0x00, 0x7c, 0x01, 0x4f, 0x01, 0x8a, 0x00, 0x91, 0x01, 0x34, 0x01, 0x34, 0x01, 0x93, 0x01,
        0x93, 0x00, 0x21, 0x00, 0x34, 0x01, 0x34, 0x01, 0x6f, 0x01, 0x8e, 0x01, 0x09, 0x00, 0x79, 0x00,
        0x0d, 0x00, 0x33, 0x01, 0x7d, 0x81, 0x34, 0x01, 0x14, 0x00, 0x96, 0x01, 0x27, 0x00, 0x81, 0x01,
        0x03, 0x01, 0x53, 0x01, 0x08, 0x01, 0x60, 0x00, 0x8b, 0x01, 0xba, 0x00, 0x08, 0x01, 0x60, 0x00,
        0xb2, 0x00, 0x7f, 0x01, 0xfd, 0x00, 0x74, 0x01, 0x07, 0x00, 0x14, 0x00, 0x8e, 0x00, 0x6b, 0x00,
        0x36, 0x01, 0x92, 0x01, 0xd7, 0x00, 0x64, 0x01, 0x64, 0x01, 0x43, 0x00, 0x8a, 0x00, 0xd7, 0x00,
        0x48, 0x01, 0x84, 0x00, 0x77, 0x01, 0x3e, 0x01, 0xa6, 0x00, 0x97, 0x00, 0x0a, 0x00, 0x8b, 0x00,
        0x53, 0x01, 0x6b, 0x01, 0x7f, 0x00, 0x8d, 0x00, 0x27, 0x00, 0x56, 0x00, 0xc1, 0x00, 0x13, 0x00,
        0x34, 0x01, 0xd6, 0x00, 0x8a, 0x00, 0x78, 0x01, 0x96, 0x00, 0x95, 0x01, 0x28, 0x00, 0x67, 0x01,
        0x53, 0x01, 0xd5, 0x00, 0xb0, 0x00, 0x89, 0x00, 0x7d, 0x01, 0x6e, 0x01, 0x18, 0x01, 0xa4, 0x01,
        0x93, 0x01, 0x0e, 0x01, 0x2d, 0x01, 0x27, 0x00, 0x66, 0x01, 0x6b, 0x01, 0x11, 0x01, 0xfd, 0x00,
        0x51, 0x01, 0x96, 0x01, 0x67, 0x01, 0xd3, 0x00, 0xa3, 0x00, 0x75, 0x01, 0x66, 0x01, 0x66, 0x01,
        0x6d, 0x01, 0x96, 0x00, 0x1f, 0x00, 0xae, 0x00, 0x89, 0x00, 0xfd, 0x00, 0x1d, 0x01, 0xce, 0x00,
        0x77, 0x01, 0x78, 0x01, 0x70, 0x00, 0x02, 0x00, 0x4a, 0x00, 0x7c, 0x01, 0x28, 0x01, 0x9b, 0x00,
        0x08, 0x01, 0xbf, 0x00, 0x3e, 0x01, 0x01, 0x00, 0x46, 0x00, 0x76, 0x00, 0x20, 0x01, 0x34, 0x01,
        0x9f, 0x00, 0x0f, 0x01, 0x68, 0x01, 0x8f, 0x01, 0x6d, 0x01, 0x84, 0x01, 0x4e, 0x01, 0x39, 0x00,
        0x6d, 0x00, 0x7f, 0x00, 0x94, 0x01, 0x54, 0x01, 0xc2, 0x00, 0xcb, 0x00, 0xad, 0x00, 0x5c, 0x01,
        0x6a, 0x01, 0x80, 0x01, 0x0a, 0x00, 0x63, 0x01, 0x41, 0x01, 0x7d, 0x01, 0x21, 0x00, 0x49, 0x00,
        0x14, 0x00, 0x76, 0x00, 0x8a, 0x00, 0x7f, 0x00, 0x36, 0x00, 0x5c, 0x00, 0x21, 0x00, 0x5c, 0x01,
        0x93, 0x01, 0x3e, 0x01, 0x6f, 0x01, 0x82, 0x00, 0x7d, 0x01, 0x50, 0x01, 0xa6, 0x00, 0x9d, 0x01,
        0xc3, 0x00, 0x6b, 0x01, 0x0c, 0x01, 0x32, 0x01, 0x76, 0x00, 0xc3, 0x00, 0x76, 0x01, 0x2a, 0x00,
        0x89, 0x01, 0x93, 0x00, 0x66, 0x01, 0x51, 0x01, 0xc8, 0x00, 0x05, 0x01, 0xb2, 0x00, 0xf7, 0x00,
        0x20, 0x01, 0x26, 0x00, 0x65, 0x00, 0xb2, 0x00, 0x4b, 0x01, 0x13, 0x00, 0x96, 0x01, 0x91, 0x01,
        0x55, 0x01, 0xba, 0x00, 0xa3, 0x01, 0x93, 0x00, 0x22, 0x00, 0x7e, 0x01, 0x8b, 0x00, 0x64, 0x00,
        0x46, 0x00, 0x4a, 0x01, 0x22, 0x00, 0xc0, 0x00, 0x73, 0x00, 0xb9, 0x00, 0xfd, 0x00, 0xbe, 0x00,
        0xb2, 0x00, 0x09, 0x01, 0x04, 0x01, 0x94, 0x00, 0xd2, 0x00, 0xa3, 0x01, 0xfc, 0x00, 0x02, 0x00,
        0xfd, 0x00, 0x66, 0x01, 0x72, 0x01, 0x9b, 0x01, 0xb0, 0x00, 0x9c, 0x00, 0xa0, 0x00, 0x46, 0x01,
        0xa8, 0x00, 0x4d, 0x00, 0xdf, 0x00, 0x2f, 0x00, 0x9e, 0x01, 0x92, 0x01, 0x0b, 0x00, 0xe7, 0x00,
        0x9f, 0x01, 0xa2, 0x81, 0x48, 0x01, 0x49, 0x00, 0x06, 0x01, 0x08, 0x01, 0x9b, 0x01, 0x89, 0x00,
        0x7d, 0x01, 0x8f, 0x00, 0x6f, 0x00, 0xc9, 0x00, 0x22, 0x00, 0x4f, 0x01, 0x64, 0x01, 0xb4, 0x00,
        0x4a, 0x01, 0x6c, 0x00, 0x39, 0x00, 0x36, 0x01, 0x91, 0x01, 0xbe, 0x00, 0xcd, 0x00, 0xbe, 0x00,
        0x82, 0x00, 0x10, 0x00, 0x61, 0x00, 0xab, 0x00, 0x9e, 0x00, 0x59, 0x00, 0x63, 0x01, 0xda, 0x00,
        0x5c, 0x01, 0x83, 0x01, 0x81, 0x00, 0x3f, 0x00, 0x66, 0x01, 0xfe, 0x00, 0x88, 0x00, 0xb5, 0x00,
        0x57, 0x00, 0xcc, 0x00, 0x98, 0x00, 0x79, 0x01, 0x43, 0x00, 0xb4, 0x00, 0x73, 0x00, 0x66, 0x01,
        0x4d, 0x00, 0x55, 0x01, 0x5e, 0x01, 0x9f, 0x01, 0x60, 0x00, 0x1c, 0x01, 0x89, 0x00, 0x52, 0x00,
        0x96, 0x00, 0x25, 0x00, 0x4e, 0x01, 0x8a, 0x01, 0x81, 0x00, 0x74, 0x01, 0x4e, 0x00, 0x65, 0x01,
        0x7d, 0x01, 0x9f, 0x00, 0x33, 0x01, 0x85, 0x00, 0x5e, 0x01, 0x60, 0x00, 0x8e, 0x01, 0x1f, 0x00,
        0x0b, 0x01, 0x34, 0x01, 0x7f, 0x00, 0xa7, 0x00, 0x4f, 0x01, 0xd6, 0x00, 0x0a, 0x01, 0x0a, 0x01,
        0x80, 0x00, 0x54, 0x01, 0x33, 0x00, 0x84, 0x00, 0x76, 0x01, 0xd2, 0x00, 0x8b, 0x00, 0x4e, 0x00,
        0x8b, 0x00, 0x3f, 0x01, 0xa7, 0x00, 0x81, 0x00, 0x6f, 0x01, 0x51, 0x00, 0x8e, 0x00, 0x91, 0x01,
        0x0e, 0x00, 0x94, 0x01, 0x9e, 0x01, 0x6d, 0x01, 0x76, 0x01, 0xcb, 0x00, 0xf6, 0x00, 0x01, 0x00,
        0x8e, 0x00, 0x08, 0x01, 0xcb, 0x00, 0x45, 0x01, 0x3a, 0x00, 0x08, 0x00, 0x65, 0x01, 0xb4, 0x00,
        0x45, 0x01, 0x98, 0x00, 0xba, 0x00, 0x75, 0x01, 0x76, 0x01, 0xec, 0x00, 0x60, 0x01, 0x1b, 0x01,
        0x49, 0x01, 0x45, 0x01, 0x09, 0x01, 0xb2, 0x00, 0x3d, 0x01, 0x2f, 0x00, 0x14, 0x00, 0xf7, 0x00,
        0x3a, 0x00, 0x0d, 0x00, 0x26, 0x01, 0x64, 0x00, 0x9e, 0x01, 0x63, 0x01, 0x79, 0x01, 0x85, 0x00,
        0x50, 0x01, 0xba, 0x00, 0x98, 0x00, 0x44, 0x01, 0x2b, 0x01, 0x40, 0x01, 0x5c, 0x01, 0x78, 0x00,
        0x91, 0x01, 0x91, 0x01, 0xad, 0x00, 0x77, 0x01, 0x7e, 0x01, 0x49, 0x01, 0xe7, 0x00, 0x64, 0x01,
        0x8a, 0x00, 0x66, 0x00, 0xc5, 0x00, 0x94, 0x00, 0x3f, 0x01, 0xa1, 0x01, 0x45, 0x01, 0x65, 0x01,
        0x5c, 0x00, 0x5f, 0x01, 0xd9, 0x00, 0xbe, 0x00, 0x45, 0x01, 0xf4, 0x00, 0xa1, 0x01, 0x56, 0x01,
        0x6d, 0x01, 0x6f, 0x00, 0x6f, 0x01, 0xb4, 0x00, 0x35, 0x01, 0x04, 0x00, 0xc7, 0x00, 0xd5, 0x00,
        0xc1, 0x00, 0x0d, 0x00, 0x5e, 0x01, 0xba, 0x00, 0x43, 0x00, 0x25, 0x01, 0x9f, 0x01, 0x77, 0x01,
        0xbe, 0x00, 0x04, 0x00, 0x9f, 0x00, 0x09, 0x01, 0x37, 0x00, 0x06, 0x01, 0x22, 0x00, 0x49, 0x01,
        0xc7, 0x00, 0x7b, 0x01, 0x21, 0x00, 0x5c, 0x00, 0x90, 0x00, 0x10, 0x00, 0x36, 0x01, 0xbd, 0x00,
        0x6d, 0x01, 0x33, 0x00, 0xbc, 0x00, 0x83, 0x01, 0x8b, 0x00, 0x1a, 0x00, 0xb2, 0x00, 0x65, 0x01,
        0x64, 0x01, 0x9a, 0x00, 0x3a, 0x01, 0x0c, 0x00, 0x8d, 0x01, 0x08, 0x01, 0x26, 0x00, 0xbe, 0x00,
        0x82, 0x00, 0x89, 0x00, 0x05, 0x01, 0x86, 0x00, 0x09, 0x01, 0x03, 0x01, 0xb8, 0x00, 0x28, 0x01,
        0x6d, 0x01, 0x25, 0x01, 0x26, 0x00, 0x2f, 0x83, 0x3e, 0x01, 0xba, 0x00, 0xdd, 0x00, 0x85, 0x00,
        0x00, 0x01, 0x43, 0x01, 0x58, 0x00, 0x0a, 0x01, 0x11, 0x01, 0x74, 0x01, 0x49, 0x01, 0x67, 0x01,
        0x95, 0x00, 0x8d, 0x00, 0xa4, 0x01, 0xb6, 0x00, 0x0b, 0x01, 0xae, 0x00, 0x4f, 0x00, 0x6a, 0x01,
        0x83, 0x01, 0x89, 0x00, 0x8b, 0x00, 0x94, 0x01, 0x42, 0x00, 0x72, 0x01, 0x79, 0x01, 0x4f, 0x00,
        0x95, 0x00, 0xec, 0x00, 0x83, 0x01, 0x05, 0x01, 0x51, 0x01, 0x58, 0x00, 0x26, 0x00, 0x49, 0x00,
        0x2d, 0x01, 0x98, 0x00, 0x8b, 0x00, 0x5a, 0x00, 0x43, 0x01, 0xbe, 0x00, 0x94, 0x00, 0x86, 0x00,
        0x7d, 0x01, 0xb4, 0x00, 0x9d, 0x01, 0x0a, 0x01, 0x8b, 0x00, 0x9d, 0x01, 0xb0, 0x00, 0x0d, 0x00,
        0x51, 0x01, 0x84, 0x00, 0x76, 0x01, 0x51, 0x00, 0x73, 0x00, 0x46, 0x81, 0x93, 0x00, 0x5b, 0x00,
        0x3a, 0x00, 0x0a, 0x00, 0x77, 0x01, 0x01, 0x00, 0x9f, 0x01, 0x71, 0x01, 0x46, 0x00, 0x96, 0x01,
        0x7c, 0x00, 0x9b, 0x01, 0x89, 0x00, 0xe7, 0x00, 0x79, 0x00, 0x88, 0x00, 0x0d, 0x01, 0x12, 0x00,
        0x79, 0x01, 0xa7, 0x00, 0xe9, 0x00, 0x6e, 0x01, 0x8b, 0x00, 0x8b, 0x00, 0x08, 0x01, 0x1f, 0x00,
        0x93, 0x01, 0xd1, 0x00, 0xb2, 0x00, 0xb0, 0x00, 0x89, 0x00, 0xa2, 0x01, 0xa6, 0x00, 0x2e, 0x01,
        0xfc, 0x00, 0xaa, 0x00, 0x4d, 0x00, 0x3d, 0x01, 0x31, 0x00, 0xc2, 0x00, 0x10, 0x00, 0x09, 0x00,
        0xbe, 0x00, 0x66, 0x01, 0xa5, 0x00, 0xbc, 0x00, 0x52, 0x00, 0xbe, 0x00, 0x6a, 0x01, 0x8b, 0x00,
        0xac, 0x00, 0x14, 0x00, 0x8b, 0x00, 0x06, 0x87, 0x21, 0x00, 0x67, 0x01, 0x8b, 0x00, 0x64, 0x01,
        0x6f, 0x00, 0x19, 0x00, 0xe7, 0x00, 0xb0, 0x00, 0x36, 0x00, 0x10, 0x01, 0xf7, 0x00, 0xc1, 0x00,
        0xa2, 0x01, 0xbf, 0x00, 0x34, 0x87, 0xe7, 0x00, 0x95, 0x00, 0x49, 0x01, 0x96, 0x01, 0xac, 0x00,
        0x8f, 0x00, 0x61, 0x00, 0x77, 0x01, 0x91, 0x01, 0x49, 0x00, 0x8e, 0x01, 0x03, 0x01, 0xb6, 0x00,
        0x55, 0x01, 0x08, 0x01, 0x2d, 0x00, 0x2d, 0x01, 0x23, 0x01, 0x58, 0x00, 0x46, 0x00, 0xcc, 0x00,
        0xf1, 0x00, 0x74, 0x01, 0x20, 0x00, 0x6b, 0x01, 0x62, 0x00, 0x15, 0x00, 0x47, 0x01, 0x93, 0x00,
        0x50, 0x00, 0x23, 0x00, 0x94, 0x01, 0xd9, 0x00, 0x0a, 0x00, 0x64, 0x00, 0x07, 0x00, 0x08, 0x01,
        0x06, 0x87, 0x0c, 0x01, 0x96, 0x00, 0x63, 0x01, 0x6b, 0x00, 0x9a, 0x00, 0x59, 0x00, 0x88, 0x00,
        0x38, 0x82, 0xea, 0x00, 0x41, 0x80, 0x7d, 0x01, 0x08, 0x01, 0x92, 0x01, 0x08, 0x01, 0x6c, 0x00,
        0x14, 0x00, 0x9c, 0x00, 0x03, 0x01, 0x15, 0x00, 0x14, 0x00, 0x7f, 0x01, 0xa2, 0x01, 0xd7, 0x00,
        0x48, 0x01, 0x8a, 0x00, 0x0b, 0x82, 0x7c, 0x01, 0x51, 0x01, 0x14, 0x00, 0xb9, 0x00, 0x3d, 0x01,
        0xc6, 0x85, 0xc9, 0x00, 0x09, 0x00, 0x34, 0x01, 0x6f, 0x01, 0x80, 0x86, 0x0d, 0x00, 0xe3, 0x00,
        0xfd, 0x00, 0x51, 0x00, 0x6b, 0x01, 0x9b, 0x00, 0xae, 0x00, 0x56, 0x00, 0xc8, 0x00, 0x72, 0x01,
        0x7c, 0x01, 0x26, 0x00, 0x8a, 0x00, 0x76, 0x01, 0xdd, 0x00, 0x93, 0x01, 0x46, 0x81, 0x53, 0x01,
        0xc2, 0x00, 0x46, 0x00, 0x78, 0x01, 0x98, 0x00, 0x8a, 0x01, 0x96, 0x01, 0xcf, 0x86, 0x29, 0x82,
        0x4a, 0x00, 0x66, 0x01, 0x82, 0x00, 0x11, 0x01, 0x2b, 0x01, 0x74, 0x00, 0x17, 0x82, 0x66, 0x00,
        0xd3, 0x00, 0x92, 0x01, 0x28, 0x01, 0x8d, 0x00, 0x77, 0x01, 0x21, 0x00, 0x28, 0x00, 0x49, 0x01,
        0x02, 0x00, 0x78, 0x01, 0x1d, 0x01, 0x96, 0x01, 0xae, 0x00, 0x05, 0x01, 0xcc, 0x86, 0xab, 0x00,
        0x4b, 0x01, 0xb4, 0x00, 0x9f, 0x00, 0x68, 0x01, 0x45, 0x01, 0xb2, 0x00, 0x89, 0x01, 0x2a, 0x00,
        0x73, 0x00, 0x65, 0x00, 0x52, 0x00, 0x6d, 0x01, 0x39, 0x00, 0xc3, 0x00, 0x5c, 0x00, 0x6a, 0x01,
        0xba, 0x00, 0x98, 0x00, 0x8b, 0x00, 0x20, 0x01, 0x4e, 0x01, 0xad, 0x00, 0x0c, 0x01, 0x93, 0x00,
        0x00, 0x00, 0x09, 0x01, 0x8f, 0x01, 0xf0, 0x00, 0x39, 0x00, 0xc9, 0x00, 0x0b, 0x00, 0x06, 0x01,
        0x3f, 0x00, 0x9c, 0x00, 0xa8, 0x00, 0x22, 0x00, 0x64, 0x01, 0x6c, 0x00, 0xc1, 0x00, 0x2f, 0x00,
        0x9b, 0x01, 0x8f, 0x00, 0x93, 0x01, 0x66, 0x01, 0x94, 0x00, 0x88, 0x00, 0xfa, 0x00, 0x83, 0x86,
        0x49, 0x00, 0x8b, 0x00, 0x93, 0x00, 0xcd, 0x00, 0x9e, 0x01, 0x0b, 0x01, 0x79, 0x01, 0x98, 0x00,
        0x09, 0x01, 0x3e, 0x01, 0x52, 0x00, 0x1f, 0x00, 0x0a, 0x01, 0x94, 0x01, 0x4e, 0x00, 0x40, 0x01,
        0x85, 0x00, 0x84, 0x00, 0x01, 0x00, 0x4d, 0x00, 0xcb, 0x00, 0xbd, 0x00, 0x9e, 0x01, 0x5a, 0x00,
        0xcb, 0x00, 0xd5, 0x00, 0x91, 0x01, 0x14, 0x00, 0x66, 0x00, 0xe7, 0x00, 0x49, 0x01, 0x94, 0x00,
        0xe7, 0x00, 0xd9, 0x00, 0xba, 0x00, 0xce, 0x82, 0x08, 0x00, 0x77, 0x01, 0x8a, 0x00, 0x12, 0x00,
        0x1b, 0x01, 0x10, 0x00, 0x49, 0x01, 0xc7, 0x00, 0xc1, 0x00, 0x0c, 0x00, 0x7b, 0x01, 0x90, 0x00,
        0x43, 0x00, 0xa1, 0x01, 0x6f, 0x01, 0xba, 0x00, 0x12, 0x81, 0x95, 0x00, 0xb6, 0x00, 0x05, 0x01,
        0xbe, 0x00, 0x4a, 0x82, 0xac, 0x00, 0x05, 0x01, 0x36, 0x00, 0x09, 0x01, 0x42, 0x00, 0x88, 0x00,
        0xb0, 0x00, 0x84, 0x00, 0x9d, 0x01, 0xb4, 0x00, 0x77, 0x01, 0x1f, 0x00, 0x10, 0x00, 0xaa, 0x00,
        0x21, 0x00, 0x67, 0x01, 0x22, 0x81, 0x22, 0x00, 0x92, 0x00, 0x04, 0x00, 0x47, 0x00, 0x10, 0x01,
        0xb6, 0x00, 0xce, 0x00, 0x22, 0x81, 0xcc, 0x00, 0xc5, 0x00, 0x39, 0x01, 0x2d, 0x01, 0x88, 0x00,
        0xcc, 0x00, 0x73, 0x01, 0x0d, 0x00, 0x76, 0x00, 0x0d, 0x00, 0x2d, 0x01, 0x98, 0x00, 0x9a, 0x00,
        0x0c, 0x00, 0x7f, 0x00, 0x21, 0x01, 0x25, 0x01, 0x66, 0x01, 0xe8, 0x83, 0x8b, 0x00, 0xd2, 0x00,
        0x65, 0x01, 0x3b, 0x01, 0x4c, 0x00, 0x8a, 0x01, 0xdd, 0x00, 0x8c, 0x01, 0xfc, 0x00, 0x65, 0x01,
        0xb9, 0x00, 0x0e, 0x00, 0x0d, 0x00, 0x21, 0x01, 0x01, 0x00, 0x6f, 0x00, 0x66, 0x00, 0xd4, 0x82,
        0x57, 0x00, 0x2a, 0x00, 0x7f, 0x00, 0x71, 0x00, 0xd2, 0x00, 0x28, 0x01, 0xa8, 0x00, 0xad, 0x00,
        0xc2, 0x00, 0x52, 0x01, 0x2b, 0x01, 0x93, 0x00, 0x7f, 0x01, 0x7f, 0x01, 0x21, 0x00, 0x10, 0x01,
        0xb8, 0x00, 0x22, 0x00, 0x2c, 0x01, 0xa8, 0x00, 0x73, 0x01, 0x5f, 0x01, 0x73, 0x01, 0x52, 0x00,
        0x87, 0x00, 0x7d, 0x01, 0x5f, 0x01, 0x7f, 0x00, 0x09, 0x00, 0x7f, 0x00, 0x10, 0x01, 0x75, 0x01,
        0x5f, 0x01, 0x07, 0x00, 0x02, 0x00, 0x5e, 0x01, 0x78, 0x01, 0xa9, 0x00, 0x12, 0x01, 0xac, 0x00,
        0x4d, 0x00, 0x11, 0x01, 0x5c, 0x00, 0x4f, 0x01, 0xe7, 0x00, 0x46, 0x01, 0x98, 0x00, 0x79, 0x00,
        0x12, 0x01, 0x2e, 0x00, 0x6f, 0x00, 0x4c, 0x00, 0x06, 0x01, 0xa7, 0x00, 0x49, 0x01, 0x6f, 0x00,
        0xff, 0x00, 0x99, 0x00, 0x64, 0x01, 0x86, 0x00, 0x21, 0x00, 0xfd, 0x00, 0x3d, 0x00, 0x84, 0x00,
        0x46, 0x01, 0x5f, 0x01, 0x46, 0x01, 0xcc, 0x00, 0x39, 0x01, 0x2d, 0x01, 0x73, 0x01, 0x76, 0x00,
        0x0d, 0x00, 0x5f, 0x01, 0x2e, 0x00, 0x21, 0x01, 0x5e, 0x01, 0x66, 0x01, 0x7f, 0x00, 0x8b, 0x00,
        0xd2, 0x00, 0x9a, 0x00, 0xcc, 0x00, 0x8a, 0x01, 0xdd, 0x00, 0x71, 0x00, 0x5f, 0x01, 0x46, 0x01,
        0xd2, 0x00, 0xc2, 0x00, 0x98, 0x00, 0x57, 0x00, 0x66, 0x00, 0x79, 0x00, 0xa8, 0x00, 0x92, 0x00,
        0x7f, 0x01, 0xad, 0x00, 0x41, 0x82, 0x7d, 0x01, 0x73, 0x01, 0x22, 0x00, 0x64, 0x01, 0x5f, 0x01,
        0x87, 0x00, 0x73, 0x01, 0x65, 0x82, 0x21, 0x00, 0xac, 0x00, 0x10, 0x01, 0x86, 0x00, 0xa9, 0x00,
        0x12, 0x01, 0x79, 0x00, 0x4f, 0x01, 0xdb, 0x81, 0x12, 0x01, 0x50, 0x83, 0x84, 0x00, 0x60, 0x00,
        0x60, 0x00, 0xaf, 0x00, 0x4f, 0x00, 0x6a, 0x01, 0x08, 0x01, 0x63, 0x01, 0x62, 0x00, 0x93, 0x01,
        0x78, 0x01, 0x74, 0x01, 0x4c, 0x00, 0x52, 0x00, 0x33, 0x01, 0x07, 0x00, 0xfa, 0x00, 0x9f, 0x00,
        0x80, 0x01, 0x1f, 0x01, 0x93, 0x01, 0xfd, 0x00, 0x90, 0x00, 0x59, 0x00, 0x74, 0x01, 0x78, 0x01,
        0x91, 0x01, 0x8e, 0x00, 0x26, 0x00, 0x52, 0x00, 0x10, 0x01, 0x43, 0x00, 0xa1, 0x01, 0xa5, 0x01,
        0x0e, 0x82, 0xb9, 0x00, 0x00, 0x80, 0x59, 0x01, 0x59, 0x01, 0x7c, 0x80, 0x13, 0x00, 0x60, 0x00,
        0x89, 0x00, 0xb4, 0x84, 0xbc, 0x00, 0x25, 0x00, 0x6b, 0x01, 0x51, 0x00, 0xbd, 0x00, 0xd5, 0x00,
        0xee, 0x83, 0x36, 0x01, 0x51, 0x00, 0x66, 0x01, 0x56, 0x00, 0x71, 0x00, 0x7d, 0x01, 0x62, 0x00,
        0x2d, 0x01, 0x96, 0x00, 0x0a, 0x01, 0x6b, 0x01, 0x30, 0x00, 0x60, 0x00, 0x0d, 0x00, 0x65, 0x01,
        0x2d, 0x01, 0x33, 0x01, 0x93, 0x01, 0x05, 0x01, 0x4c, 0x00, 0x7e, 0x01, 0x91, 0x01, 0x2a, 0x00,
        0x66, 0x01, 0x3e, 0x00, 0xe7, 0x00, 0x80, 0x01, 0x66, 0x01, 0xfa, 0x00, 0x5a, 0x00, 0xa0, 0x01,
        0x77, 0x01, 0x4f, 0x00, 0xc0, 0x00, 0x78, 0x01, 0x93, 0x00, 0x2f, 0x00, 0x43, 0x81, 0xfd, 0x00,
        0xb9, 0x00, 0x89, 0x86, 0x66, 0x01, 0xb4, 0x84, 0x33, 0x01, 0x66, 0x01, 0x78, 0x01, 0x96, 0x01,
        0x74, 0x01, 0x19, 0x01, 0x65, 0x01, 0x28, 0x00, 0x73, 0x01, 0x78, 0x01, 0x36, 0x01, 0xfc, 0x81,
        0x7d, 0x01, 0xbc, 0x00, 0x5e, 0x01, 0x5e, 0x01, 0xe7, 0x00, 0x4f, 0x00, 0x43, 0x01, 0x02, 0x00,
        0x85, 0x00, 0x8e, 0x00, 0x43, 0x01, 0x78, 0x01, 0x62, 0x00, 0x73, 0x01, 0x86, 0x00, 0x66, 0x00,
        0x80, 0x01, 0x63, 0x01, 0x61, 0x84, 0x01, 0x00, 0x64, 0x01, 0x49, 0x01, 0x89, 0x00, 0x8d, 0x01,
        0x3e, 0x00, 0x04, 0x00, 0x64, 0x01, 0x78, 0x01, 0x23, 0x01, 0x16, 0x01, 0xb8, 0x00, 0x57, 0x01,
        0x42, 0x00, 0x8d, 0x00, 0x43, 0x01, 0x43, 0x01, 0x38, 0x80, 0x66, 0x01, 0x5b, 0x00, 0xe3, 0x00,
        0x56, 0x00, 0x89, 0x00, 0x3e, 0x00, 0x64, 0x01, 0x78, 0x01, 0x93, 0x01, 0x86, 0x00, 0xbc, 0x00,
        0x64, 0x01, 0xb2, 0x00, 0xb2, 0x00, 0xb2, 0x00, 0x9b, 0x01, 0x63, 0x83, 0x93, 0x01, 0x44, 0x01,
        0x2a, 0x84, 0xdb, 0x00, 0x77, 0x01, 0xc9, 0x85, 0x73, 0x01, 0x0c, 0x01, 0x08, 0x01, 0x6c, 0x01,
        0x72, 0x01, 0x89, 0x00, 0x6c, 0x00, 0x84, 0x00, 0x93, 0x01, 0x6b, 0x00, 0x2a, 0x84, 0x32, 0x00,
        0x7b, 0x01, 0x93, 0x00, 0x2a, 0x00, 0x81, 0x00, 0x81, 0x01, 0xc1, 0x00, 0x7d, 0x01, 0x29, 0x00,
        0x46, 0x00, 0x43, 0x01, 0x76, 0x00, 0x61, 0x01, 0x3a, 0x01, 0x6f, 0x00, 0x2a, 0x00, 0x81, 0x01,
        0x7b, 0x01, 0x89, 0x00, 0x64, 0x01, 0x29, 0x00, 0xba, 0x00, 0xb2, 0x00, 0xdb, 0x00, 0x70, 0x01,
        0x81, 0x01, 0x89, 0x00, 0x89, 0x00, 0x7d, 0x01, 0x7d, 0x01, 0x70, 0x01, 0xd9, 0x00, 0x5f, 0x00,
        0x28, 0x01, 0xd7, 0x00, 0x5f, 0x01, 0x5b, 0x00, 0xf8, 0x00, 0x80, 0x01, 0xb2, 0x00, 0x27, 0x00,
        0x74, 0x01, 0xb9, 0x00, 0xb0, 0x00, 0x02, 0x00, 0x09, 0x00, 0x63, 0x01, 0x45, 0x00, 0x3d, 0x00,
        0x81, 0x00, 0x63, 0x01, 0x46, 0x00, 0x6e, 0x01, 0x89, 0x00, 0xd7, 0x00, 0x25, 0x00, 0x68, 0x01,
        0x8a, 0x01, 0x52, 0x01, 0x91, 0x01, 0xfa, 0x00, 0xcb, 0x00, 0xb9, 0x00, 0x06, 0x01, 0x95, 0x01,
        0x88, 0x00, 0x2b, 0x01, 0x5a, 0x00, 0x7f, 0x00, 0x8c, 0x01, 0x78, 0x01, 0xe3, 0x00, 0x96, 0x01,
        0x58, 0x01, 0xb8, 0x00, 0xb9, 0x00, 0x4b, 0x00, 0x79, 0x01, 0x63, 0x01, 0xb9, 0x00, 0x3a, 0x01,
        0xb9, 0x00, 0x65, 0x01, 0x7f, 0x00, 0x78, 0x01, 0xc6, 0x00, 0xc6, 0x00, 0x80, 0x01, 0xba, 0x00,
        0xcd, 0x00, 0x12, 0x00, 0x63, 0x01, 0x5e, 0x01, 0xa9, 0x00, 0x78, 0x01, 0x64, 0x01, 0x77, 0x01,
        0x01, 0x00, 0x3c, 0x00, 0x4d, 0x01, 0x0c, 0x86, 0x7d, 0x01, 0xc0, 0x84, 0xbc, 0x00, 0x3b, 0x00,
        0x89, 0x00, 0xf8, 0x00, 0x74, 0x01, 0x05, 0x00, 0xfd, 0x00, 0x5e, 0x01, 0x5c, 0x00, 0x64, 0x01,
        0x89, 0x00, 0xc6, 0x00, 0xcd, 0x00, 0xcd, 0x00, 0xb0, 0x00, 0xb2, 0x00, 0x88, 0x00, 0x01, 0x00,
        0x5a, 0x00, 0x3b, 0x00, 0xbc, 0x00, 0xb9, 0x00, 0x01, 0x00, 0x5c, 0x00, 0xb2, 0x00, 0x09, 0x00,
        0x79, 0x00, 0x79, 0x00, 0x79, 0x00, 0x13, 0x00, 0x0d, 0x01, 0x0d, 0x01, 0x18, 0x84, 0x4f, 0x01,
        0x91, 0x01, 0x90, 0x00, 0x26, 0x00, 0x0d, 0x01, 0x90, 0x00, 0x90, 0x00, 0x45, 0x00, 0x90, 0x00,
        0x4f, 0x01, 0x5a, 0x00, 0x5a, 0x00, 0x9b, 0x00, 0xce, 0x00, 0xcf, 0x00, 0xcf, 0x00, 0x09, 0x00,
        0x76, 0x01, 0x4f, 0x01, 0x86, 0x00, 0x76, 0x01, 0xd7, 0x82, 0x49, 0x00, 0x1f, 0x00, 0x08, 0x01,
        0x18, 0x01, 0x43, 0x00, 0x4d, 0x00, 0x63, 0x01, 0x18, 0x01, 0x0c, 0x01, 0x8f, 0x00, 0x70, 0x01,
        0xea, 0x00, 0x05, 0x00, 0x78, 0x01, 0xfd, 0x85, 0xd9, 0x00, 0xd5, 0x00, 0xa1, 0x01, 0x3a, 0x00,
        0x07, 0x00, 0x77, 0x01, 0x75, 0x01, 0x4a, 0x01, 0x0a, 0x00, 0x8e, 0x00, 0x7f, 0x00, 0xf9, 0x00,
        0x74, 0x01, 0x13, 0x00, 0x78, 0x01, 0x66, 0x00, 0x4a, 0x01, 0x8e, 0x00, 0x69, 0x01, 0x02, 0x00,
        0x02, 0x00, 0x7b, 0x00, 0x6a, 0x00, 0x07, 0x01, 0x3a, 0x00, 0x0a, 0x01, 0x52, 0x01, 0xc7, 0x00,
        0x79, 0x01, 0x43, 0x01, 0x50, 0x01, 0xcf, 0x85, 0x6f, 0x01, 0xa0, 0x00, 0x0c, 0x00, 0x46, 0x01,
        0x2e, 0x01, 0x13, 0x00, 0xa9, 0x00, 0x93, 0x00, 0xaa, 0x00, 0x69, 0x01, 0x1c, 0x01, 0x08, 0x00,
        0x55, 0x00, 0x0f, 0x01, 0x0f, 0x01, 0x79, 0x00, 0x0a, 0x01, 0xd7, 0x00, 0x93, 0x00, 0x8b, 0x00,
        0x0e, 0x00, 0x43, 0x00, 0x8b, 0x00, 0x5f, 0x01, 0x4a, 0x01, 0x6b, 0x00, 0x46, 0x01, 0x0a, 0x00,
        0x69, 0x01, 0xf7, 0x00, 0x66, 0x00, 0x0d, 0x00, 0xa9, 0x00, 0x49, 0x01, 0xbd, 0x00, 0x71, 0x00,
        0x0a, 0x01, 0x70, 0x01, 0x89, 0x00, 0x8b, 0x00, 0x8c, 0x00, 0x21, 0x00, 0x3a, 0x00, 0x81, 0x00,
        0x66, 0x01, 0x08, 0x01, 0x4d, 0x00, 0x5a, 0x01, 0x8b, 0x00, 0xac, 0x00, 0x5e, 0x01, 0x18, 0x01,
        0x60, 0x00, 0xcb, 0x00, 0x11, 0x01, 0x66, 0x00, 0x5e, 0x01, 0x0a, 0x01, 0x76, 0x00, 0x22, 0x00,
        0xa9, 0x00, 0x1c, 0x01, 0x80, 0x01, 0x30, 0x01, 0x5e, 0x01, 0x66, 0x00, 0x06, 0x00, 0x4a, 0x01,
        0x6b, 0x00, 0x80, 0x01, 0x65, 0x00, 0x0d, 0x00, 0x5e, 0x01, 0x43, 0x01, 0x4d, 0x00, 0x5a, 0x01,
        0x4d, 0x00, 0x5e, 0x01, 0x18, 0x01, 0x60, 0x00, 0x76, 0x00, 0x5e, 0x01, 0x80, 0x01, 0x4a, 0x01,
        0x92, 0x00, 0x92, 0x00, 0x66, 0x01, 0x69, 0x01, 0x66, 0x01, 0x89, 0x00, 0x78, 0x01, 0x81, 0x01,
        0x80, 0x01, 0x2f, 0x01, 0xaf, 0x00, 0xfc, 0x00, 0x85, 0x00, 0x79, 0x01, 0x80, 0x01, 0xfc, 0x00,
        0x02, 0x00, 0x78, 0x01, 0x67, 0x01, 0x81, 0x00, 0x76, 0x01, 0x49, 0x00, 0x0d, 0x01, 0xa7, 0x00,
        0x67, 0x01, 0x3c, 0x01, 0x76, 0x00, 0x6e, 0x01, 0x77, 0x01, 0x6e, 0x01, 0x52, 0x00, 0x3f, 0x01,
        0xa7, 0x00, 0x06, 0x01, 0x77, 0x00, 0x7d, 0x01, 0x5c, 0x01, 0x07, 0x00, 0x50, 0x00, 0x43, 0x00,
        0x3c, 0x00, 0xf7, 0x00, 0x03, 0x01, 0xb9, 0x00, 0x24, 0x00, 0x90, 0x00, 0xb0, 0x00, 0x79, 0x00,
        0x0a, 0x01, 0x52, 0x00, 0x52, 0x00, 0x5e, 0x01, 0x69, 0x01, 0xa9, 0x00, 0x32, 0x01, 0x77, 0x01,
        0x77, 0x01, 0x75, 0x00, 0x4f, 0x00, 0x7d, 0x01, 0x02, 0x01, 0xb0, 0x00, 0x60, 0x00, 0x8a, 0x00,
        0x54, 0x01, 0x86, 0x00, 0xa7, 0x00, 0x8a, 0x00, 0xc1, 0x00, 0x52, 0x01, 0x26, 0x00, 0x79, 0x01,
        0x80, 0x01, 0x81, 0x00, 0x76, 0x00, 0xee, 0x82, 0x57, 0x01, 0x57, 0x01, 0x01, 0x01, 0xab, 0x00,
        0x57, 0x01, 0x9e, 0x01, 0x9e, 0x01, 0x2f, 0x00, 0x49, 0x00, 0xab, 0x00, 0x48, 0x01, 0x76, 0x00,
        0x08, 0x01, 0x9c, 0x00, 0x37, 0x00, 0x6f, 0x01, 0x0c, 0x01, 0x77, 0x01, 0x24, 0x01, 0x4e, 0x01,
        0x52, 0x00, 0x52, 0x00, 0x73, 0x01, 0x5f, 0x01, 0x99, 0x00, 0x7b, 0x01, 0x99, 0x01, 0x73, 0x01,
        0x66, 0x01, 0x6a, 0x01, 0x77, 0x01, 0x7e, 0x01, 0x26, 0x01, 0x45, 0x00, 0x45, 0x00, 0x8c, 0x00,
        0xa7, 0x00, 0xb0, 0x00, 0xae, 0x00, 0xff, 0x00, 0x5b, 0x01, 0xc7, 0x00, 0x35, 0x00, 0x75, 0x01,
        0x78, 0x00, 0x0a, 0x01, 0x6c, 0x00, 0x71, 0x01, 0x73, 0x01, 0x86, 0x00, 0x21, 0x00, 0x1d, 0x01,
        0xcd, 0x00, 0x12, 0x00, 0x66, 0x01, 0x01, 0x01, 0xbe, 0x00, 0xac, 0x00, 0xe7, 0x00, 0x11, 0x01,
        0x76, 0x01, 0x49, 0x00, 0x0d, 0x01, 0x76, 0x00, 0x67, 0x01, 0x3c, 0x01, 0x6e, 0x01, 0x6e, 0x01,
        0x5c, 0x01, 0x6c, 0x00, 0x3b, 0x82, 0x06, 0x01, 0x07, 0x00, 0x3f, 0x01, 0x77, 0x00, 0x7d, 0x01,
        0xbe, 0x00, 0xb9, 0x00, 0x03, 0x01, 0xee, 0x82, 0x0c, 0x84, 0x8a, 0x00, 0x52, 0x01, 0xd4, 0x82,
        0x79, 0x01, 0x91, 0x00, 0x9c, 0x00, 0x77, 0x01, 0x01, 0x01, 0x86, 0x00, 0x57, 0x01, 0x76, 0x00,
        0x79, 0x01, 0x79, 0x01, 0x9c, 0x00, 0x4e, 0x01, 0x7b, 0x01, 0x52, 0x00, 0x99, 0x01, 0x73, 0x01,
        0x52, 0x00, 0xe7, 0x00, 0xc7, 0x00, 0x45, 0x00, 0x26, 0x01, 0x78, 0x00, 0xb0, 0x00, 0x16, 0x81,
        0x1d, 0x01, 0x01, 0x01, 0x11, 0x01, 0x5c, 0x00, 0x10, 0x00, 0x6d, 0x00, 0x60, 0x00, 0x65, 0x01,
        0x8c, 0x01, 0x10, 0x00, 0x23, 0x01, 0x05, 0x00, 0x47, 0x01, 0xb7, 0x00, 0x6d, 0x00, 0x6f, 0x01,
        0x2f, 0x01, 0x93, 0x00, 0x10, 0x00, 0x3e, 0x01, 0x5e, 0x01, 0x74, 0x01, 0x75, 0x01, 0x40, 0x01,
        0x98, 0x00, 0x40, 0x01, 0x58, 0x00, 0xba, 0x00, 0x64, 0x01, 0xba, 0x00, 0xff, 0x00, 0xff, 0x00,
        0xba, 0x00, 0x10, 0x00, 0x10, 0x00, 0x10, 0x00, 0xb6, 0x00, 0x10, 0x00, 0x28, 0x01, 0x5c, 0x00,
        0x6d, 0x01, 0x5c, 0x00, 0x74, 0x01, 0x8c, 0x01, 0x10, 0x00, 0x23, 0x01, 0x93, 0x00, 0x3e, 0x01,
        0x40, 0x01, 0x75, 0x01, 0xba, 0x00, 0xff, 0x00, 0x10, 0x00, 0x10, 0x00, 0x5a, 0x00, 0x58, 0x00,
        0x5a, 0x00, 0x5a, 0x00, 0x57, 0x86, 0x34, 0x01, 0x18, 0x00, 0x89, 0x00, 0x49, 0x00, 0x3e, 0x01,
        0x59, 0x01, 0x8c, 0x01, 0x44, 0x01, 0x67, 0x01, 0x58, 0x01, 0x18, 0x01, 0x7d, 0x01, 0x94, 0x00,
        0x27, 0x00, 0x78, 0x01, 0x58, 0x00, 0x58, 0x00, 0x44, 0x01, 0x78, 0x01, 0x54, 0x01, 0x77, 0x01,
        0xa5, 0x01, 0x0d, 0x00, 0x8e, 0x00, 0x4a, 0x01, 0x09, 0x00, 0x32, 0x00, 0x51, 0x01, 0x3e, 0x01,
        0x09, 0x00, 0x34, 0x01, 0x51, 0x00, 0x75, 0x00, 0x18, 0x01, 0x4f, 0x01, 0x8d, 0x00, 0x8a, 0x00,
        0x13, 0x00, 0x75, 0x01, 0x53, 0x01, 0x32, 0x00, 0x67, 0x01, 0x74, 0x01, 0x94, 0x00, 0x56, 0x00,
        0x73, 0x01, 0xaf, 0x00, 0x64, 0x01, 0x18, 0x00, 0x14, 0x00, 0xdf, 0x00, 0x52, 0x00, 0x15, 0x00,
        0x96, 0x00, 0x4c, 0x00, 0x41, 0x01, 0x7d, 0x01, 0x34, 0x01, 0x75, 0x01, 0x87, 0x00, 0x73, 0x00,
        0x34, 0x01, 0x8b, 0x00, 0x9b, 0x01, 0x13, 0x00, 0x66, 0x01, 0x15, 0x00, 0x76, 0x01, 0x48, 0x01,
        0x5a, 0x00, 0x8d, 0x01, 0x5e, 0x01, 0x6f, 0x00, 0x52, 0x00, 0xee, 0x00, 0x80, 0x01, 0x81, 0x00,
        0x85, 0x00, 0x51, 0x01, 0x86, 0x00, 0x8b, 0x00, 0x80, 0x00, 0x01, 0x00, 0x86, 0x86, 0x5b, 0x00,
        0x5e, 0x01, 0x6c, 0x00, 0x1f, 0x00, 0x3f, 0x01, 0x49, 0x01, 0x14, 0x00, 0x65, 0x00, 0x64, 0x01,
        0xa7, 0x00, 0xba, 0x00, 0x40, 0x01, 0x4a, 0x01, 0x76, 0x01, 0x5f, 0x01, 0xd5, 0x00, 0x49, 0x01,
        0xc7, 0x00, 0x0d, 0x00, 0x7d, 0x01, 0x6d, 0x01, 0x8f, 0x00, 0x25, 0x01, 0xa7, 0x00, 0x99, 0x01,
        0x2d, 0x01, 0x27, 0x00, 0x3c, 0x00, 0x77, 0x01, 0x89, 0x00, 0x16, 0x01, 0x26, 0x00, 0x7b, 0x01,
        0x4a, 0x01, 0x5e, 0x01, 0x67, 0x01, 0x8c, 0x01, 0x5b, 0x00, 0x75, 0x00, 0xcd, 0x00, 0x73, 0x01,
        0xd5, 0x00, 0x21, 0x00, 0x67, 0x01, 0xc1, 0x00, 0x83, 0x01, 0xdc, 0x00, 0x34, 0x01, 0x49, 0x00,
        0x89, 0x00, 0x59, 0x01, 0x86, 0x86, 0x58, 0x01, 0x64, 0x01, 0x18, 0x01, 0x7d, 0x01, 0x27, 0x00,
        0x58, 0x00, 0x78, 0x01, 0x8b, 0x00, 0x34, 0x01, 0x09, 0x00, 0x3e, 0x01, 0x51, 0x00, 0x77, 0x01,
        0x56, 0x00, 0x16, 0x01, 0x67, 0x01, 0x79, 0x00, 0xdf, 0x82, 0x8d, 0x00, 0x64, 0x01, 0x13, 0x00,
        0x14, 0x00, 0x4c, 0x00, 0x52, 0x00, 0x7d, 0x01, 0xdf, 0x00, 0x96, 0x00, 0x73, 0x00, 0x87, 0x00,
        0x66, 0x01, 0x6f, 0x00, 0x02, 0x81, 0xa7, 0x00, 0x6c, 0x00, 0x40, 0x01, 0x21, 0x00, 0x76, 0x01,
        0xd5, 0x00, 0x14, 0x00, 0xba, 0x00, 0x6d, 0x01, 0x8f, 0x00, 0xc7, 0x00, 0x25, 0x01, 0x99, 0x01,
        0xdc, 0x00, 0x35, 0x01, 0xa7, 0x00, 0x73, 0x00, 0x67, 0x01, 0x5b, 0x00, 0x14, 0x00, 0xe3, 0x00,
        0x0d, 0x00, 0x14, 0x00, 0x55, 0x01, 0x76, 0x00, 0x5a, 0x00, 0x8b, 0x00, 0x02, 0x00, 0x01, 0x00,
        0x60, 0x00, 0x66, 0x01, 0x80, 0x01, 0x6a, 0x01, 0x5b, 0x00, 0x01, 0x01, 0x6a, 0x01, 0xc5, 0x00,
        0x7d, 0x01, 0x5c, 0x00, 0x76, 0x00, 0x43, 0x00, 0x59, 0x01, 0x8f, 0x01, 0x27, 0x00, 0x71, 0x01,
        0x96, 0x01, 0x93, 0x01, 0xfa, 0x00, 0x6a, 0x01, 0x1a, 0x01, 0x23, 0x01, 0x80, 0x01, 0x5f, 0x01,
        0x93, 0x01, 0x3c, 0x00, 0xc2, 0x00, 0x7c, 0x01, 0x14, 0x00, 0x09, 0x00, 0x95, 0x00, 0x59, 0x01,
        0x77, 0x01, 0x10, 0x01, 0x5f, 0x01, 0x10, 0x01, 0x91, 0x00, 0x03, 0x01, 0x8e, 0x01, 0x7e, 0x01,
        0xfa, 0x00, 0x95, 0x01, 0x93, 0x00, 0x96, 0x01, 0xed, 0x00, 0x93, 0x00, 0xfd, 0x00, 0x84, 0x01,
        0x8a, 0x00, 0xb9, 0x00, 0x91, 0x01, 0x47, 0x01, 0x60, 0x00, 0x74, 0x01, 0x34, 0x01, 0x0d, 0x00,
        0x59, 0x01, 0x59, 0x01, 0x3e, 0x01, 0xba, 0x00, 0xc5, 0x00, 0xfe, 0x00, 0x4a, 0x01, 0x93, 0x01,
        0x1b, 0x01, 0x4d, 0x01, 0x4b, 0x00, 0x71, 0x01, 0x11, 0x01, 0x32, 0x01, 0x91, 0x00, 0x56, 0x00,
        0x75, 0x00, 0x14, 0x00, 0x96, 0x01, 0x78, 0x01, 0xc1, 0x00, 0x95, 0x01, 0x3c, 0x00, 0x75, 0x00,
        0xba, 0x00, 0x93, 0x00, 0x3f, 0x01, 0x0c, 0x01, 0xc8, 0x00, 0xad, 0x00, 0x76, 0x00, 0x55, 0x01,
        0x6f, 0x01, 0x57, 0x01, 0x96, 0x00, 0x52, 0x00, 0x26, 0x00, 0x6b, 0x01, 0x01, 0x00, 0xbe, 0x00,
        0x9b, 0x01, 0x95, 0x01, 0x30, 0x01, 0xfe, 0x00, 0xa8, 0x00, 0x4a, 0x01, 0xab, 0x00, 0x9f, 0x01,
        0x9c, 0x00, 0x06, 0x01, 0x06, 0x01, 0x73, 0x01, 0x5a, 0x00, 0x27, 0x01, 0x73, 0x01, 0x66, 0x00,
        0x75, 0x01, 0x63, 0x01, 0xfe, 0x00, 0x33, 0x00, 0xfe, 0x00, 0x08, 0x01, 0x5a, 0x00, 0x85, 0x00,
        0x08, 0x01, 0x88, 0x00, 0x7d, 0x01, 0x4e, 0x01, 0x11, 0x01, 0x65, 0x01, 0x9f, 0x01, 0xa7, 0x00,
        0x1c, 0x01, 0x3e, 0x01, 0x6d, 0x00, 0x59, 0x01, 0x71, 0x00, 0x40, 0x01, 0x08, 0x01, 0x26, 0x00,
        0x93, 0x01, 0xba, 0x00, 0xfc, 0x00, 0x4d, 0x01, 0x64, 0x01, 0x1a, 0x00, 0x4d, 0x00, 0x73, 0x01,
        0x7e, 0x01, 0xa0, 0x01, 0x27, 0x01, 0x2d, 0x01, 0x06, 0x01, 0x93, 0x01, 0x3a, 0x01, 0xbe, 0x00,
        0x64, 0x01, 0xc1, 0x00, 0x8d, 0x01, 0xd5, 0x00, 0x04, 0x00, 0x18, 0x00, 0x10, 0x00, 0x33, 0x00,
        0x10, 0x01, 0x0d, 0x00, 0x93, 0x01, 0x7d, 0x01, 0x6e, 0x01, 0x82, 0x00, 0x14, 0x00, 0x41, 0x01,
        0x68, 0x01, 0xb8, 0x00, 0x8c, 0x01, 0x50, 0x00, 0xba, 0x00, 0x59, 0x01, 0x1e, 0x00, 0x45, 0x00,
        0x8d, 0x00, 0x51, 0x01, 0x73, 0x01, 0xc1, 0x00, 0x8c, 0x01, 0x90, 0x00, 0x77, 0x01, 0x76, 0x01,
        0x59, 0x01, 0x01, 0x01, 0x95, 0x01, 0x73, 0x01, 0xbc, 0x00, 0xc2, 0x00, 0x4d, 0x01, 0x67, 0x01,
        0x89, 0x00, 0x3a, 0x01, 0x93, 0x00, 0x64, 0x01, 0x84, 0x00, 0xb2, 0x00, 0x10, 0x00, 0xc5, 0x00,
        0x7d, 0x01, 0x5c, 0x82, 0x71, 0x01, 0x27, 0x00, 0x10, 0x01, 0x1a, 0x01, 0x14, 0x00, 0xc2, 0x00,
        0x84, 0x01, 0x34, 0x01, 0x3e, 0x01, 0x60, 0x00, 0x93, 0x00, 0xa0, 0x01, 0x96, 0x01, 0x59, 0x01,
        0xed, 0x00, 0x8a, 0x00, 0x77, 0x01, 0xde, 0x81, 0x68, 0x01, 0xc5, 0x00, 0x78, 0x01, 0x8d, 0x00,
        0x82, 0x00, 0xc1, 0x00, 0x75, 0x00, 0xfe, 0x00, 0x10, 0x00, 0xb2, 0x00, 0x26, 0x00, 0x73, 0x01,
        0x6b, 0x01, 0x0c, 0x01, 0x96, 0x00, 0x06, 0x01, 0x06, 0x01, 0x9c, 0x00, 0x9b, 0x01, 0x9f, 0x01,
        0x41, 0x01, 0x18, 0x00, 0xfe, 0x00, 0x93, 0x01, 0xa7, 0x00, 0x27, 0x01, 0x63, 0x01, 0x04, 0x00,
        0xba, 0x00, 0x08, 0x01, 0x2d, 0x01, 0x9b, 0x80, 0xc1, 0x00, 0x33, 0x00, 0x21, 0x00, 0x95, 0x01,
        0x89, 0x00, 0x3a, 0x01, 0x67, 0x01, 0x6c, 0x00, 0x5e, 0x01, 0x5e, 0x01, 0x5e, 0x01, 0x7d, 0x01,
        0x63, 0x00, 0x77, 0x01, 0x03, 0x00, 0x54, 0x01, 0x8e, 0x00, 0x09, 0x00, 0x0a, 0x00, 0x32, 0x00,
        0x4e, 0x01, 0x43, 0x00, 0xa2, 0x00, 0x75, 0x00, 0x0a, 0x01, 0x80, 0x00, 0xa3, 0x00, 0x66, 0x00,
        0x57, 0x01, 0x69, 0x00, 0xfe, 0x00, 0x0d, 0x00, 0x9c, 0x00, 0x07, 0x01, 0x7d, 0x01, 0x43, 0x01,
        0xbd, 0x00, 0x14, 0x00, 0x68, 0x01, 0x5a, 0x80, 0x14, 0x00, 0x32, 0x00, 0xa5, 0x00, 0x12, 0x00,
        0xd5, 0x00, 0xb6, 0x00, 0xbd, 0x00, 0x68, 0x01, 0x4d, 0x00, 0x84, 0x01, 0x43, 0x01, 0x4e, 0x01,
        0x12, 0x00, 0xa5, 0x00, 0xbe, 0x00, 0x65, 0x00, 0x65, 0x00, 0x0a, 0x01, 0x9b, 0x00, 0x0a, 0x01,
        0xae, 0x00, 0x27, 0x01, 0x10, 0x00, 0xa8, 0x00, 0xa8, 0x00, 0x43, 0x00, 0x59, 0x00, 0x6d, 0x01,
        0x14, 0x01, 0xc9, 0x00, 0x3c, 0x00, 0xa8, 0x00, 0x12, 0x00, 0x57, 0x00, 0x50, 0x01, 0xfd, 0x00,
        0x9e, 0x01, 0x57, 0x00, 0x14, 0x01, 0x4e, 0x01, 0x09, 0x00, 0x0d, 0x00, 0xc9, 0x00, 0x60, 0x00,
        0x56, 0x00, 0x1b, 0x01, 0x10, 0x01, 0x6a, 0x00, 0x6d, 0x01, 0xa9, 0x00, 0x89, 0x00, 0xfc, 0x00,
        0x97, 0x01, 0x2f, 0x01, 0x45, 0x01, 0x4e, 0x01, 0xb2, 0x00, 0x12, 0x00, 0x9f, 0x01, 0x43, 0x00,
        0xfc, 0x00, 0x3f, 0x01, 0x92, 0x01, 0x11, 0x01, 0x9f, 0x01, 0x3c, 0x01, 0x8b, 0x00, 0x59, 0x01,
        0x81, 0x00, 0xaa, 0x00, 0x92, 0x00, 0x06, 0x01, 0xb4, 0x00, 0x91, 0x01, 0x12, 0x00, 0xfc, 0x00,
        0xc5, 0x00, 0x25, 0x01, 0xc7, 0x00, 0xc7, 0x00, 0x2a, 0x01, 0x6e, 0x01, 0xb7, 0x00, 0x08, 0x01,
        0x08, 0x01, 0xdc, 0x00, 0x84, 0x00, 0xa9, 0x00, 0xe9, 0x00, 0x12, 0x00, 0xb7, 0x00, 0x15, 0x01,
        0x4c, 0x00, 0x4c, 0x00, 0xdd, 0x00, 0x7f, 0x00, 0x64, 0x01, 0x4c, 0x00, 0x76, 0x00, 0x4c, 0x00,
        0x4c, 0x00, 0x92, 0x00, 0x22, 0x00, 0x7d, 0x01, 0x7d, 0x01, 0xe2, 0x82, 0x73, 0x01, 0x60, 0x00,
        0x0c, 0x01, 0x71, 0x00, 0x9f, 0x01, 0xba, 0x00, 0x71, 0x00, 0x2e, 0x01, 0x7d, 0x01, 0x71, 0x00,
        0xcb, 0x00, 0x89, 0x00, 0x06, 0x01, 0x61, 0x00, 0xa7, 0x00, 0x87, 0x00, 0x05, 0x00, 0xbc, 0x80,
        0xcb, 0x00, 0x6e, 0x01, 0x73, 0x01, 0x68, 0x01, 0xb5, 0x00, 0x7d, 0x01, 0x57, 0x01, 0x06, 0x01,
        0x5d, 0x01, 0xb5, 0x00, 0x5e, 0x01, 0x63, 0x00, 0x27, 0x00, 0xff, 0x00, 0x0d, 0x00, 0xd5, 0x00,
        0x89, 0x00, 0x6e, 0x01, 0x29, 0x00, 0x73, 0x01, 0x8c, 0x01, 0x7d, 0x01, 0x3e, 0x00, 0x18, 0x01,
        0x8e, 0x00, 0x05, 0x00, 0x7f, 0x00, 0x59, 0x01, 0x46, 0x00, 0x89, 0x00, 0x6e, 0x01, 0x52, 0x00,
        0x52, 0x00, 0x2b, 0x01, 0x77, 0x00, 0x58, 0x01, 0xd5, 0x00, 0x8e, 0x00, 0x32, 0x01, 0x07, 0x00,
        0x7e, 0x01, 0xfd, 0x00, 0xbe, 0x00, 0x5f, 0x01, 0x81, 0x00, 0xbe, 0x00, 0x81, 0x01, 0x59, 0x00,
        0x5b, 0x00, 0xd9, 0x00, 0x7c, 0x01, 0xfe, 0x00, 0xd5, 0x00, 0x79, 0x00, 0x65, 0x01, 0x10, 0x01,
        0x76, 0x00, 0xfd, 0x00, 0xb9, 0x00, 0x59, 0x01, 0x14, 0x00, 0x0f, 0x01, 0x02, 0x01, 0x60, 0x00,
        0x0d, 0x00, 0x32, 0x00, 0x5e, 0x01, 0x93, 0x00, 0x46, 0x00, 0x05, 0x00, 0x7c, 0x01, 0x72, 0x00,
        0xfd, 0x00, 0xe4, 0x00, 0x6b, 0x01, 0x47, 0x01, 0x09, 0x00, 0x60, 0x00, 0x8a, 0x01, 0x93, 0x00,
        0x6c, 0x00, 0x34, 0x01, 0x4b, 0x00, 0x3b, 0x00, 0x46, 0x01, 0x8e, 0x00, 0x36, 0x01, 0x80, 0x00,
        0x67, 0x01, 0x56, 0x00, 0x02, 0x00, 0x5e, 0x01, 0x8e, 0x01, 0x96, 0x01, 0x78, 0x01, 0xb7, 0x00,
        0xc1, 0x00, 0x53, 0x01, 0x4e, 0x01, 0x77, 0x01, 0x13, 0x00, 0x5e, 0x01, 0x8d, 0x00, 0xa2, 0x00,
        0x71, 0x00, 0x66, 0x01, 0x66, 0x00, 0x86, 0x00, 0xae, 0x00, 0x60, 0x00, 0x9b, 0x00, 0x6d, 0x01,
        0x51, 0x00, 0x96, 0x00, 0x4e, 0x01, 0xcf, 0x00, 0x2f, 0x01, 0x8a, 0x01, 0x45, 0x01, 0x0c, 0x01,
        0x7d, 0x01, 0xdf, 0x00, 0x8f, 0x01, 0x72, 0x00, 0x69, 0x00, 0x41, 0x01, 0x63, 0x01, 0x0f, 0x01,
        0x2d, 0x01, 0x05, 0x01, 0x84, 0x00, 0x50, 0x01, 0xb2, 0x00, 0x2b, 0x01, 0x2b, 0x01, 0x9b, 0x00,
        0xcd, 0x00, 0x26, 0x00, 0xb2, 0x00, 0xa0, 0x01, 0x64, 0x01, 0x7b, 0x01, 0x32, 0x01, 0x9e, 0x01,
        0x06, 0x01, 0x92, 0x01, 0x67, 0x01, 0xdf, 0x00, 0x30, 0x00, 0x89, 0x00, 0x46, 0x00, 0x0b, 0x01,
        0x6c, 0x00, 0x95, 0x01, 0x4b, 0x00, 0xab, 0x00, 0x5a, 0x00, 0xe3, 0x00, 0x77, 0x01, 0xa8, 0x00,
        0xbe, 0x00, 0x92, 0x00, 0x22, 0x00, 0x90, 0x00, 0xc0, 0x00, 0xb9, 0x00, 0xa0, 0x01, 0xb2, 0x00,
        0xcd, 0x00, 0x9f, 0x01, 0x93, 0x01, 0xe4, 0x00, 0x81, 0x00, 0x7d, 0x01, 0x43, 0x00, 0x34, 0x01,
        0x32, 0x01, 0x84, 0x00, 0x4e, 0x01, 0x80, 0x00, 0x6b, 0x01, 0x96, 0x01, 0xaa, 0x00, 0x9f, 0x01,
        0x87, 0x01, 0x0e, 0x00, 0x0e, 0x00, 0x84, 0x00, 0x11, 0x01, 0x87, 0x01, 0x5e, 0x01, 0x5e, 0x01,
        0x7d, 0x01, 0x30, 0x00, 0x1c, 0x01, 0x47, 0x00, 0x85, 0x00, 0xb4, 0x00, 0x73, 0x01, 0x0f, 0x01,
        0x0f, 0x01, 0x8b, 0x00, 0x0d, 0x00, 0x52, 0x00, 0x74, 0x01, 0x60, 0x00, 0x24, 0x01, 0x63, 0x00,
        0x65, 0x01, 0x59, 0x01, 0x81, 0x00, 0x34, 0x01, 0x22, 0x01, 0x6f, 0x01, 0x5f, 0x01, 0x08, 0x01,
        0x78, 0x00, 0x63, 0x01, 0x59, 0x00, 0x27, 0x01, 0xba, 0x00, 0xc5, 0x00, 0x34, 0x01, 0x34, 0x01,
        0x6f, 0x00, 0x9e, 0x01, 0x4d, 0x01, 0x46, 0x01, 0x75, 0x01, 0x52, 0x00, 0x7b, 0x01, 0x08, 0x01,
        0x06, 0x01, 0x5f, 0x01, 0x22, 0x01, 0x32, 0x01, 0xb4, 0x00, 0x04, 0x00, 0xaf, 0x00, 0x86, 0x00,
        0xd2, 0x00, 0x89, 0x00, 0x50, 0x01, 0x10, 0x01, 0x8b, 0x00, 0x32, 0x01, 0xc7, 0x00, 0x64, 0x01,
        0x0f, 0x01, 0x10, 0x00, 0x89, 0x00, 0x89, 0x00, 0x96, 0x01, 0x8c, 0x00, 0x6d, 0x01, 0x99, 0x01,
        0x7b, 0x01, 0x8d, 0x01, 0x9a, 0x00, 0x70, 0x01, 0x11, 0x00, 0x7d, 0x01, 0x10, 0x01, 0x67, 0x01,
        0x14, 0x00, 0x8d, 0x00, 0x71, 0x01, 0x41, 0x01, 0x85, 0x00, 0xa4, 0x01, 0x2d, 0x01, 0x2d, 0x01,
        0x58, 0x00, 0x71, 0x00, 0xb8, 0x00, 0x71, 0x01, 0xd0, 0x00, 0x64, 0x01, 0x89, 0x01, 0x67, 0x01,
        0x5b, 0x00, 0x6f, 0x00, 0x80, 0x00, 0xa4, 0x00, 0x87, 0x01, 0x27, 0x01, 0x8c, 0x01, 0x63, 0x00,
        0x71, 0x00, 0x79, 0x01, 0xb2, 0x00, 0x22, 0x00, 0xb0, 0x00, 0x36, 0x01, 0x01, 0x00, 0x1d, 0x01,
        0x89, 0x00, 0x6e, 0x01, 0x81, 0x00, 0x36, 0x01, 0xb2, 0x00, 0xb7, 0x00, 0xb2, 0x00, 0xd1, 0x00,
        0x91, 0x01, 0x67, 0x01, 0x52, 0x00, 0xbe, 0x00, 0x6f, 0x00, 0xb2, 0x00, 0x66, 0x01, 0x7d, 0x01,
        0x3e, 0x00, 0x89, 0x00, 0x7c, 0x01, 0x58, 0x01, 0xbe, 0x00, 0x59, 0x00, 0x05, 0x00, 0x79, 0x00,
        0x3e, 0x80, 0x02, 0x01, 0xe4, 0x00, 0xbe, 0x00, 0x7c, 0x01, 0x8a, 0x01, 0x60, 0x00, 0x3e, 0x80,
        0x09, 0x00, 0x80, 0x00, 0xfd, 0x00, 0x47, 0x01, 0x38, 0x83, 0x8e, 0x00, 0x9b, 0x00, 0x5e, 0x01,
        0x56, 0x00, 0x53, 0x01, 0x87, 0x01, 0x80, 0x00, 0xa4, 0x00, 0x89, 0x00, 0x8d, 0x00, 0x66, 0x01,
        0x8a, 0x01, 0x67, 0x01, 0x71, 0x01, 0x69, 0x00, 0xb2, 0x00, 0xb4, 0x00, 0x8b, 0x00, 0xb2, 0x00,
        0x34, 0x01, 0x50, 0x01, 0x72, 0x00, 0x2b, 0x01, 0x84, 0x00, 0x96, 0x00, 0x89, 0x00, 0x7b, 0x01,
        0xdb, 0x85, 0xb9, 0x00, 0x06, 0x01, 0xa0, 0x01, 0x5a, 0x00, 0xa8, 0x00, 0x22, 0x00, 0x6c, 0x00,
        0xe3, 0x00, 0xe4, 0x00, 0x46, 0x00, 0x90, 0x00, 0x32, 0x01, 0x34, 0x01, 0x9e, 0x01, 0x5b, 0x00,
        0x47, 0x00, 0x0d, 0x00, 0x22, 0x00, 0x4e, 0x01, 0x5f, 0x01, 0x5e, 0x01, 0x24, 0x01, 0x52, 0x00,
        0x0f, 0x01, 0x60, 0x00, 0x85, 0x00, 0x11, 0x01, 0x8c, 0x00, 0x0e, 0x00, 0x27, 0x01, 0x04, 0x00,
        0x06, 0x01, 0x46, 0x01, 0x6f, 0x00, 0x75, 0x01, 0xf8, 0x00, 0x8b, 0x00, 0xaf, 0x00, 0x10, 0x00,
        0x70, 0x01, 0x11, 0x00, 0xc7, 0x00, 0xd2, 0x00, 0x7b, 0x01, 0x5e, 0x01, 0x64, 0x01, 0x71, 0x00,
        0x2d, 0x01, 0xb8, 0x00, 0xa4, 0x01, 0x81, 0x00, 0x63, 0x00, 0xb2, 0x00, 0x8c, 0x01, 0x6f, 0x00,
        0x11, 0x82, 0x77, 0x01, 0x60, 0x00, 0xb2, 0x00, 0x92, 0x00, 0x15, 0x00, 0x73, 0x01, 0x60, 0x00,
        0x46, 0x00, 0x89, 0x00, 0x5c, 0x00, 0x1d, 0x01, 0x63, 0x00, 0x34, 0x01, 0x5c, 0x00, 0xd3, 0x00,
        0x09, 0x00, 0x7e, 0x01, 0x93, 0x01, 0x81, 0x00, 0x0c, 0x01, 0x60, 0x00, 0x07, 0x00, 0x5f, 0x01,
        0x8b, 0x00, 0x34, 0x01, 0x7d, 0x01, 0x5f, 0x00, 0x75, 0x01, 0x95, 0x00, 0x95, 0x00, 0xfd, 0x00,
        0x84, 0x00, 0x91, 0x01, 0x09, 0x00, 0x73, 0x01, 0x72, 0x01, 0x92, 0x01, 0x59, 0x00, 0x5c, 0x00,
        0x5f, 0x01, 0xf4, 0x00, 0x3b, 0x00, 0x66, 0x00, 0x1d, 0x01, 0xb9, 0x00, 0xd1, 0x00, 0x60, 0x00,
        0x59, 0x01, 0xd2, 0x00, 0xb2, 0x00, 0x0e, 0x00, 0x93, 0x01, 0x66, 0x00, 0x7e, 0x01, 0x32, 0x00,
        0x10, 0x01, 0x68, 0x01, 0x27, 0x00, 0x3c, 0x00, 0x93, 0x00, 0x75, 0x01, 0x6c, 0x00, 0x94, 0x01,
        0x7d, 0x01, 0x74, 0x01, 0x7d, 0x01, 0x72, 0x01, 0x51, 0x01, 0x7d, 0x01, 0x4f, 0x01, 0x79, 0x01,
        0x4f, 0x00, 0x63, 0x01, 0x56, 0x00, 0x6d, 0x00, 0x01, 0x00, 0x93, 0x01, 0x73, 0x01, 0x7c, 0x00,
        0x68, 0x01, 0x8a, 0x00, 0xb7, 0x00, 0x96, 0x01, 0x74, 0x01, 0x4e, 0x01, 0x7f, 0x00, 0xc1, 0x00,
        0x1d, 0x01, 0xd6, 0x00, 0x66, 0x00, 0x18, 0x01, 0x8d, 0x00, 0x6d, 0x01, 0x95, 0x01, 0x27, 0x00,
        0xc1, 0x00, 0x7c, 0x00, 0xe4, 0x00, 0x52, 0x00, 0xbf, 0x00, 0x8a, 0x00, 0x89, 0x00, 0x55, 0x01,
        0x84, 0x00, 0x59, 0x01, 0x15, 0x00, 0x63, 0x01, 0x94, 0x00, 0x7d, 0x01, 0x14, 0x00, 0x96, 0x00,
        0x96, 0x00, 0x0d, 0x00, 0x64, 0x01, 0x96, 0x00, 0x93, 0x00, 0x55, 0x01, 0x90, 0x00, 0x4e, 0x01,
        0x52, 0x00, 0x52, 0x00, 0xa6, 0x00, 0x81, 0x00, 0x63, 0x01, 0x32, 0x01, 0xab, 0x00, 0x8d, 0x00,
        0xf7, 0x00, 0xbe, 0x00, 0xfd, 0x00, 0x36, 0x01, 0x60, 0x00, 0x02, 0x00, 0x9d, 0x01, 0xfc, 0x00,
        0x0c, 0x01, 0x08, 0x01, 0x0a, 0x00, 0x46, 0x00, 0xbe, 0x00, 0x12, 0x01, 0x8b, 0x00, 0x93, 0x00,
        0x55, 0x01, 0x72, 0x01, 0x7e, 0x01, 0x06, 0x01, 0xb2, 0x00, 0x76, 0x01, 0x9b, 0x01, 0xa0, 0x00,
        0x51, 0x00, 0xa8, 0x00, 0x33, 0x01, 0x06, 0x01, 0x90, 0x00, 0x77, 0x01, 0x77, 0x01, 0x90, 0x00,
        0x9e, 0x01, 0xab, 0x00, 0x4b, 0x00, 0x06, 0x01, 0x30, 0x00, 0x69, 0x00, 0x93, 0x00, 0x95, 0x00,
        0x77, 0x01, 0xa4, 0x01, 0x89, 0x00, 0x36, 0x01, 0x79, 0x01, 0x27, 0x00, 0xd0, 0x00, 0x1c, 0x01,
        0x02, 0x00, 0x0f, 0x01, 0x4e, 0x01, 0x81, 0x00, 0x4e, 0x01, 0x52, 0x00, 0x8e, 0x00, 0xc9, 0x00,
        0x60, 0x00, 0x30, 0x00, 0x55, 0x01, 0x73, 0x01, 0x79, 0x00, 0x7e, 0x01, 0xfe, 0x00, 0xa8, 0x00,
        0xcb, 0x00, 0x81, 0x00, 0x79, 0x01, 0x2d, 0x00, 0x63, 0x01, 0x93, 0x00, 0x4b, 0x00, 0x19, 0x00,
        0x59, 0x00, 0x79, 0x00, 0x79, 0x01, 0x7e, 0x01, 0x66, 0x01, 0x60, 0x01, 0x34, 0x01, 0x79, 0x00,
        0x2a, 0x00, 0x49, 0x01, 0x65, 0x01, 0x22, 0x01, 0xba, 0x00, 0x89, 0x00, 0x6c, 0x00, 0x8b, 0x00,
        0x44, 0x01, 0x76, 0x00, 0x32, 0x00, 0x32, 0x00, 0x77, 0x01, 0x75, 0x01, 0x73, 0x01, 0x89, 0x00,
        0xb2, 0x00, 0x4f, 0x01, 0xa1, 0x00, 0x4e, 0x01, 0x4e, 0x01, 0x77, 0x01, 0x55, 0x01, 0xc5, 0x00,
        0x68, 0x01, 0x65, 0x00, 0x4f, 0x01, 0x25, 0x00, 0x89, 0x00, 0x56, 0x01, 0x8f, 0x01, 0x04, 0x00,
        0x75, 0x01, 0x77, 0x01, 0xf4, 0x00, 0x27, 0x00, 0x93, 0x01, 0xba, 0x00, 0x7b, 0x01, 0xc2, 0x00,
        0x0d, 0x00, 0x3a, 0x01, 0x9d, 0x01, 0x7d, 0x01, 0x63, 0x01, 0x95, 0x00, 0x78, 0x01, 0x4e, 0x01,
        0x3e, 0x01, 0x8d, 0x00, 0x77, 0x01, 0x82, 0x00, 0x0d, 0x00, 0x79, 0x01, 0x41, 0x01, 0x85, 0x00,
        0x58, 0x00, 0x8d, 0x00, 0xb6, 0x00, 0x73, 0x01, 0x65, 0x00, 0x92, 0x00, 0x66, 0x01, 0x66, 0x01,
        0x55, 0x01, 0xc6, 0x00, 0xa4, 0x01, 0x7d, 0x01, 0x79, 0x01, 0xbe, 0x00, 0x56, 0x01, 0x66, 0x01,
        0x70, 0x01, 0x77, 0x01, 0xfd, 0x00, 0x86, 0x81, 0xc1, 0x00, 0x64, 0x01, 0x77, 0x01, 0x89, 0x00,
        0x86, 0x01, 0x7d, 0x01, 0x8c, 0x01, 0x76, 0x01, 0x74, 0x01, 0xfd, 0x00, 0xe9, 0x00, 0x81, 0x00,
        0xce, 0x00, 0x79, 0x01, 0xcd, 0x00, 0x43, 0x00, 0x7f, 0x01, 0x7d, 0x01, 0xb0, 0x00, 0x15, 0x00,
        0xbe, 0x00, 0x79, 0x00, 0xbc, 0x00, 0x3a, 0x01, 0x7f, 0x01, 0x79, 0x01, 0x6f, 0x00, 0x10, 0x01,
        0xb2, 0x00, 0xbf, 0x00, 0x11, 0x82, 0x92, 0x00, 0x89, 0x00, 0x7e, 0x01, 0xd3, 0x00, 0x34, 0x01,
        0xf4, 0x00, 0x72, 0x01, 0x19, 0x00, 0x09, 0x00, 0x91, 0x01, 0x6c, 0x00, 0x4b, 0x00, 0xbe, 0x00,
        0x72, 0x01, 0x68, 0x01, 0x74, 0x01, 0xb9, 0x00, 0x27, 0x00, 0x10, 0x01, 0x7e, 0x01, 0x70, 0x01,
        0x59, 0x01, 0x3e, 0x01, 0x93, 0x01, 0x56, 0x00, 0x6d, 0x00, 0x6d, 0x01, 0x7c, 0x00, 0x95, 0x01,
        0x66, 0x00, 0xbf, 0x00, 0x7f, 0x00, 0x63, 0x01, 0x14, 0x00, 0xb2, 0x00, 0x94, 0x00, 0xfd, 0x82,
        0x52, 0x00, 0x7d, 0x01, 0x66, 0x01, 0x4e, 0x01, 0x63, 0x01, 0x12, 0x01, 0xd0, 0x00, 0x02, 0x00,
        0xa8, 0x00, 0x0a, 0x00, 0xfc, 0x00, 0x08, 0x01, 0x30, 0x00, 0x69, 0x00, 0x7e, 0x01, 0x41, 0x01,
        0x81, 0x00, 0x79, 0x00, 0x52, 0x00, 0xfd, 0x82, 0x0f, 0x01, 0x32, 0x00, 0xcb, 0x00, 0x63, 0x01,
        0x77, 0x01, 0x75, 0x01, 0x60, 0x01, 0xba, 0x00, 0x89, 0x00, 0x77, 0x01, 0x8b, 0x00, 0x79, 0x00,
        0x77, 0x01, 0x79, 0x01, 0x8f, 0x01, 0xba, 0x00, 0xb6, 0x00, 0x8d, 0x00, 0x92, 0x00, 0x7d, 0x01,
        0xbe, 0x00, 0x84, 0x00, 0x8c, 0x01, 0x79, 0x01, 0x81, 0x00, 0xcd, 0x00, 0x6f, 0x00, 0x3a, 0x01,
        0xbe, 0x00, 0x8f, 0x00, 0xb9, 0x00, 0x8b, 0x00, 0x66, 0x01, 0x39, 0x00, 0x8b, 0x00, 0x8b, 0x00,
        0x73, 0x01, 0x39, 0x00, 0xbe, 0x00, 0x7c, 0x01, 0x35, 0x00, 0x89, 0x00, 0x98, 0x80, 0x35, 0x00,
        0xf9, 0x00, 0x96, 0x01, 0x3c, 0x84, 0x96, 0x01, 0x8b, 0x00, 0xce, 0x00, 0xce, 0x00, 0x7d, 0x01,
        0xba, 0x00, 0x25, 0x00, 0x96, 0x00, 0xb8, 0x00, 0xe3, 0x00, 0x06, 0x01, 0xbe, 0x00, 0x92, 0x00,
        0x3c, 0x84, 0x90, 0x00, 0xb2, 0x00, 0x67, 0x01, 0x66, 0x01, 0x8a, 0x00, 0xce, 0x00, 0xb2, 0x00,
        0x30, 0x01, 0x8d, 0x01, 0xb8, 0x00, 0x90, 0x00, 0x06, 0x01, 0xb9, 0x00, 0x73, 0x01, 0x35, 0x00,
        0xc6, 0x00, 0xc6, 0x00, 0x79, 0x00, 0x23, 0x00, 0x60, 0x00, 0xcf, 0x00, 0xcf, 0x00, 0x60, 0x00,
        0xf9, 0x00, 0x10, 0x01, 0x10, 0x01, 0xd6, 0x00, 0x60, 0x00, 0x66, 0x01, 0xab, 0x00, 0x10, 0x01,
        0xcf, 0x00, 0x27, 0x00, 0x5c, 0x00, 0x60, 0x00, 0x10, 0x01, 0xcf, 0x00, 0xc5, 0x00, 0xca, 0x00,
        0xfd, 0x84, 0x86, 0x00, 0xce, 0x00, 0xa0, 0x01, 0xef, 0x00, 0x5b, 0x00, 0x85, 0x00, 0x85, 0x00,
        0x8f, 0x00, 0x70, 0x00, 0x4f, 0x01, 0x54, 0x01, 0x7f, 0x00, 0x82, 0x00, 0xa6, 0x00, 0x7f, 0x00,
        0x36, 0x01, 0xb2, 0x00, 0xe4, 0x00, 0x27, 0x00, 0x7a, 0x00, 0x7a, 0x00, 0x77, 0x01, 0x08, 0x01,
        0x3c, 0x00, 0x64, 0x01, 0x58, 0x01, 0xd5, 0x00, 0xd5, 0x00, 0x08, 0x01, 0x3b, 0x00, 0x2a, 0x00,
        0x7c, 0x01, 0x45, 0x00, 0x77, 0x01, 0x65, 0x01, 0x73, 0x01, 0x10, 0x01, 0xcb, 0x00, 0x73, 0x01,
        0x0d, 0x01, 0x7f, 0x01, 0xb2, 0x00, 0x3d, 0x00, 0x4d, 0x00, 0x18, 0x00, 0x73, 0x01, 0x73, 0x01,
        0x73, 0x01, 0x3c, 0x00, 0x02, 0x00, 0x91, 0x01, 0x3b, 0x00, 0x18, 0x00, 0x77, 0x01, 0xcb, 0x00,
        0x8c, 0x01, 0x73, 0x01, 0x4d, 0x00, 0xbe, 0x00, 0x93, 0x01, 0x5b, 0x00, 0x60, 0x00, 0x60, 0x00,
        0x1c, 0x85, 0x0c, 0x85, 0x7e, 0x01, 0x35, 0x00, 0x10, 0x01, 0x23, 0x00, 0x5a, 0x01, 0x96, 0x01,
        0x93, 0x01, 0xcd, 0x00, 0x04, 0x00, 0x11, 0x00, 0x59, 0x01, 0x0d, 0x00, 0x7e, 0x01, 0x23, 0x00,
        0x59, 0x01, 0x49, 0x00, 0xce, 0x00, 0xda, 0x00, 0x49, 0x00, 0x9e, 0x01, 0x6c, 0x00, 0x6c, 0x00,
        0x4b, 0x00, 0x5b, 0x00, 0x4a, 0x01, 0x7e, 0x01, 0xfd, 0x00, 0x22, 0x00, 0x65, 0x00, 0x06, 0x01,
        0x7e, 0x01, 0x49, 0x01, 0x4d, 0x01, 0x36, 0x01, 0x36, 0x01, 0x5b, 0x00, 0x5a, 0x00, 0x5f, 0x01,
        0x05, 0x00, 0x46, 0x00, 0x59, 0x01, 0x94, 0x01, 0x10, 0x01, 0x33, 0x01, 0x34, 0x01, 0x7c, 0x01,
        0x34, 0x01, 0x52, 0x01, 0x63, 0x01, 0x93, 0x00, 0x90, 0x00, 0x87, 0x00, 0x93, 0x00, 0x73, 0x01,
        0x55, 0x01, 0x3e, 0x01, 0x64, 0x01, 0x66, 0x01, 0x73, 0x01, 0xb0, 0x00, 0x0d, 0x00, 0x75, 0x01,
        0x0f, 0x01, 0x76, 0x00, 0x63, 0x01, 0x63, 0x01, 0x80, 0x00, 0x69, 0x01, 0x52, 0x00, 0x8a, 0x01,
        0x6d, 0x01, 0x60, 0x01, 0x8a, 0x01, 0xeb, 0x00, 0xdc, 0x00, 0xc2, 0x83, 0x8b, 0x01, 0x89, 0x00,
        0x9e, 0x01, 0x89, 0x00, 0x89, 0x00, 0xbf, 0x83, 0x89, 0x00, 0x27, 0x00, 0x25, 0x00, 0x25, 0x00,
        0x79, 0x00, 0x72, 0x01, 0x78, 0x01, 0x69, 0x01, 0x09, 0x00, 0x86, 0x01, 0x69, 0x01, 0x20, 0x00,
        0x27, 0x00, 0x73, 0x01, 0x93, 0x00, 0x50, 0x01, 0xb9, 0x00, 0xb9, 0x00, 0x2a, 0x00, 0x11, 0x01,
        0x69, 0x01, 0x9e, 0x00, 0xe7, 0x00, 0x92, 0x00, 0x75, 0x01, 0x31, 0x00, 0x80, 0x01, 0x7d, 0x01,
        0x2a, 0x00, 0x77, 0x01, 0xe3, 0x00, 0x86, 0x01, 0xa0, 0x01, 0x10, 0x01, 0x80, 0x01, 0x73, 0x01,
        0xf4, 0x00, 0x52, 0x00, 0x61, 0x01, 0x77, 0x01, 0x32, 0x00, 0xa0, 0x01, 0x45, 0x00, 0x2a, 0x00,
        0x8f, 0x00, 0x72, 0x01, 0x27, 0x00, 0x25, 0x00, 0x79, 0x00, 0x78, 0x01, 0x93, 0x00, 0xb9, 0x00,
        0x09, 0x00, 0x50, 0x01, 0x9e, 0x01, 0x5b, 0x84, 0x7d, 0x01, 0x31, 0x00, 0x10, 0x01, 0x61, 0x01,
        0xbc, 0x00, 0xf8, 0x00, 0x6a, 0x00, 0xf8, 0x00, 0x73, 0x01, 0xbc, 0x00, 0xbc, 0x00, 0x6a, 0x00,
        0x99, 0x00, 0x3a, 0x00, 0xb9, 0x00, 0x3a, 0x00, 0xbc, 0x00, 0x6a, 0x00, 0x99, 0x00, 0x2b, 0x83,
        0x0f, 0x01, 0x11, 0x00, 0x2b, 0x83, 0x7f, 0x01, 0x2f, 0x00, 0x79, 0x00, 0x95, 0x00, 0x69, 0x01,
        0x7d, 0x01, 0xff, 0xff, 0xff, 0xff, 0xff, 0xff, 0xff, 0xff, 0xff, 0xff, 0xff, 0xff, 0xff, 0xff,
        0xff, 0xff, 0xff, 0xff, 0xff, 0xff, 0xff, 0xff, 0xff, 0xff, 0xff, 0xff, 0xff, 0xff, 0xff, 0xff,
        0xff, 0xff, 0xff, 0xff, 0xff, 0xff, 0xff, 0xff, 0xff, 0xff, 0xff, 0xff, 0xff, 0xff, 0xff, 0xff,
        0xff, 0xff, 0xff, 0xff, 0xff, 0xff, 0xff, 0xff, 0xff, 0xff, 0xff, 0xff, 0x2d, 0x01, 0xff, 0xff,
        0xff, 0xff, 0xff, 0xff, 0xff, 0xff, 0xff, 0xff, 0xff, 0xff, 0xff, 0xff, 0xff, 0xff, 0xff, 0xff,
        0x64, 0x00, 0xdb, 0x81, 0xc6, 0x00, 0xff, 0xff, 0xff, 0xff, 0xff, 0xff, 0xff, 0xff, 0x66, 0x00,
        0x3c, 0x00, 0xff, 0xff, 0xff, 0xff, 0xff, 0xff, 0xff, 0xff, 0xff, 0xff, 0xff, 0xff, 0xff, 0xff,
        0xff, 0xff, 0xff, 0xff, 0xff, 0xff, 0xff, 0xff, 0xff, 0xff, 0xff, 0xff, 0xff, 0xff, 0xff, 0xff,
        0xff, 0xff, 0xff, 0xff, 0xff, 0xff, 0xff, 0xff, 0xff, 0xff, 0xff, 0xff, 0x04, 0x00, 0x4f, 0x01,
        0xe3, 0x00,
    };

    private static readonly string[] Syllables;
    private static readonly int MultiTableOffset;
    private static readonly int CharTableOffset;

    // Pre-built one-element result arrays per syllable id: the (dominant) single-pronunciation
    // lookup used to allocate a fresh string[1] on EVERY call, which at snapshot-bake volume is
    // millions of allocations per rebuild for identical contents. A few hundred tiny arrays built
    // once cover it. Callers must treat returned arrays as read-only (they are shared).
    private static readonly string[][] SingleSyllableArrays;
    // Same idea for polyphonic entries, keyed by the multi-table offset, built lazily on first
    // lookup. Concurrent first lookups may build the same array twice; the reference store is
    // atomic and both copies are identical, so last-write-wins is benign.
    private static readonly string[]?[] MultiSyllableArrays;

    // Byte-native mirrors for GetAliasesUtf8: syllables pre-encoded as (pure-ASCII) UTF-8, and
    // id-array lookups so aliases can be assembled without touching syllable strings at all.
    private static readonly byte[][] SyllableUtf8;
    private static readonly ushort[][] SingleIdArrays;
    private static readonly ushort[]?[] MultiIdArrays;

    static PinyinEngine()
    {
        var numSyllables = ReadUInt16(0);
        MultiTableOffset = ReadInt32(2);
        CharTableOffset = ReadInt32(6);

        Syllables = new string[numSyllables];
        var offset = 16;
        for (var i = 0; i < numSyllables; i++)
        {
            var len = RawData[offset++];
            Syllables[i] = System.Text.Encoding.UTF8.GetString(RawData, offset, len);
            offset += len;
        }

        SingleSyllableArrays = new string[numSyllables][];
        SyllableUtf8 = new byte[numSyllables][];
        SingleIdArrays = new ushort[numSyllables][];
        for (var i = 0; i < numSyllables; i++)
        {
            SingleSyllableArrays[i] = new[] { Syllables[i] };
            SyllableUtf8[i] = System.Text.Encoding.ASCII.GetBytes(Syllables[i]);
            SingleIdArrays[i] = new[] { (ushort)i };
        }

        // Multi-table entries live between MultiTableOffset and CharTableOffset; offsets into the
        // table are in 16-bit units, so half the byte span bounds the distinct key space.
        MultiSyllableArrays = new string[]?[(CharTableOffset - MultiTableOffset) / 2];
        MultiIdArrays = new ushort[]?[(CharTableOffset - MultiTableOffset) / 2];
    }

    private static ushort ReadUInt16(int offset) => (ushort)(RawData[offset] | (RawData[offset + 1] << 8));

    private static short ReadInt16(int offset) => (short)(RawData[offset] | (RawData[offset + 1] << 8));

    private static int ReadInt32(int offset) => RawData[offset] |
               (RawData[offset + 1] << 8) |
               (RawData[offset + 2] << 16) |
               (RawData[offset + 3] << 24);

    public static bool IsChinese(char c)
    {
        var index = c - 12295;
        if (index < 0 || index >= 28647)
        {
            return false;
        }
        return ReadUInt16(CharTableOffset + index * 2) != 0xFFFF;
    }

    public static bool TryGetPinyins(char c, out string[] pinyins)
    {
        var index = c - 12295;
        if (index < 0 || index >= 28647)
        {
            pinyins = Array.Empty<string>();
            return false;
        }

        var val = ReadUInt16(CharTableOffset + index * 2);
        if (val == 0xFFFF)
        {
            pinyins = Array.Empty<string>();
            return false;
        }

        if (val < 0x8000)
        {
            pinyins = SingleSyllableArrays[val];
            return true;
        }

        var offset = val - 0x8000;
        var cached = MultiSyllableArrays[offset];
        if (cached != null)
        {
            pinyins = cached;
            return true;
        }

        var byteOffset = MultiTableOffset + offset * 2;
        int len = ReadUInt16(byteOffset);
        var built = new string[len];
        for (var i = 0; i < len; i++)
        {
            var syllableIdx = ReadUInt16(byteOffset + 2 + i * 2);
            built[i] = Syllables[syllableIdx];
        }
        MultiSyllableArrays[offset] = built;
        pinyins = built;
        return true;
    }

    /// <summary>
    /// Id-array counterpart of <see cref="TryGetPinyins"/> for byte-native alias assembly: returns
    /// the syllable ids for <paramref name="c"/>, resolvable to UTF-8 via <see cref="GetSyllableUtf8"/>.
    /// Returned arrays are shared and must be treated as read-only.
    /// </summary>
    public static bool TryGetPinyinIds(char c, out ushort[] ids)
    {
        var index = c - 12295;
        if (index < 0 || index >= 28647)
        {
            ids = Array.Empty<ushort>();
            return false;
        }

        var val = ReadUInt16(CharTableOffset + index * 2);
        if (val == 0xFFFF)
        {
            ids = Array.Empty<ushort>();
            return false;
        }

        if (val < 0x8000)
        {
            ids = SingleIdArrays[val];
            return true;
        }

        var offset = val - 0x8000;
        var cached = MultiIdArrays[offset];
        if (cached != null)
        {
            ids = cached;
            return true;
        }

        var byteOffset = MultiTableOffset + offset * 2;
        int len = ReadUInt16(byteOffset);
        var built = new ushort[len];
        for (var i = 0; i < len; i++)
            built[i] = ReadUInt16(byteOffset + 2 + i * 2);
        MultiIdArrays[offset] = built;
        ids = built;
        return true;
    }

    /// <summary>The (pure-ASCII) UTF-8 bytes of syllable <paramref name="id"/>. Shared; read-only.</summary>
    public static byte[] GetSyllableUtf8(int id) => SyllableUtf8[id];

    /// <summary>
    /// Vectorized pre-gate: the char table covers exactly [12295, 12295+28647), so a string with no
    /// char in that range can be rejected by the SIMD-backed BCL range scan without per-char table
    /// lookups. A true result still needs the precise <see cref="IsChinese"/> check per char.
    /// </summary>
    public static bool MayContainChinese(ReadOnlySpan<char> text)
        => text.ContainsAnyInRange((char)12295, (char)(12295 + 28647 - 1));
}
